{"type":"FeatureCollection","features":[{"type":"Feature","geometry":{"type":"Polygon","coordinates":[[[-0.05207,51.51072],[-0.05117,51.51054],[-0.04989,51.51156],[-0.04853,51.5117],[-0.04827,51.51119],[-0.04601,51.51158],[-0.04541,51.51223],[-0.04514,51.51147],[-0.04441,51.51138],[-0.04358,51.51188],[-0.04137,51.51206],[-0.03985,51.51496],[-0.04026,51.51557],[-0.03929,51.51697],[-0.03953,51.51755],[-0.0387,51.51743],[-0.03601,51.51868],[-0.03703,51.52117],[-0.03518,51.52174],[-0.03528,51.52346],[-0.03786,51.52492],[-0.03726,51.52548],[-0.03818,51.52617],[-0.03835,51.52695],[-0.04047,51.52738],[-0.04731,51.52601],[-0.04847,51.52636],[-0.04903,51.52559],[-0.05028,51.52521],[-0.05175,51.52497],[-0.05272,51.52562],[-0.05272,51.52446],[-0.05318,51.52434],[-0.05685,51.52432],[-0.05803,51.52381],[-0.0697,51.52274],[-0.07184,51.52302],[-0.0708,51.52436],[-0.07167,51.52459],[-0.0731,51.52414],[-0.07379,51.52454],[-0.07475,51.52402],[-0.07704,51.52482],[-0.07674,51.5256],[-0.07761,51.52603],[-0.0771,51.52682],[-0.07877,51.52689],[-0.07788,51.52598],[-0.07861,51.52597],[-0.07853,51.52533],[-0.07781,51.52533],[-0.07793,51.52407],[-0.07689,51.52397],[-0.07804,51.52377],[-0.07671,51.52318],[-0.07874,51.52272],[-0.07925,51.5221],[-0.07854,51.52038],[-0.07915,51.51997],[-0.07788,51.51986],[-0.07796,51.51917],[-0.07884,51.51905],[-0.07824,51.51873],[-0.07886,51.51856],[-0.07924,51.51777],[-0.07834,51.51741],[-0.07853,51.51801],[-0.07815,51.5179],[-0.07733,51.51706],[-0.07707,51.51654],[-0.07788,51.51599],[-0.07735,51.51515],[-0.07578,51.51544],[-0.07372,51.51417],[-0.07465,51.51352],[-0.07394,51.51266],[-0.07441,51.51237],[-0.07424,51.51135],[-0.07231,51.50973],[-0.07147,51.5103],[-0.07118,51.50962],[-0.07178,51.50924],[-0.07092,51.50858],[-0.06957,51.50866],[-0.06834,51.50945],[-0.06632,51.50876],[-0.06611,51.50927],[-0.06432,51.50996],[-0.05999,51.50958],[-0.05892,51.51035],[-0.05525,51.50946],[-0.05222,51.50965],[-0.05181,51.50982],[-0.05207,51.51072]]]},"properties":{"code":"E1","area":"E","colorSlot":0}},{"type":"Feature","geometry":{"type":"Polygon","coordinates":[[[-0.07148,51.50828],[-0.07337,51.50921],[-0.07483,51.50928],[-0.07478,51.50807],[-0.07565,51.50764],[-0.07644,51.506],[-0.06517,51.50222],[-0.0622,51.50182],[-0.05661,51.50197],[-0.04928,51.50588],[-0.04705,51.50797],[-0.04253,51.50856],[-0.04247,51.51003],[-0.04186,51.5104],[-0.04213,51.51132],[-0.04132,51.51189],[-0.04263,51.51228],[-0.0448,51.51141],[-0.04538,51.51223],[-0.04601,51.51158],[-0.04761,51.51167],[-0.04821,51.5112],[-0.04853,51.5117],[-0.04989,51.51156],[-0.05117,51.51054],[-0.05202,51.5108],[-0.05175,51.51008],[-0.05222,51.50965],[-0.05686,51.50955],[-0.05892,51.51035],[-0.05999,51.50958],[-0.06432,51.50996],[-0.06611,51.50927],[-0.06632,51.50876],[-0.06834,51.50945],[-0.06957,51.50866],[-0.07148,51.50828]]]},"properties":{"code":"E1W","area":"E","colorSlot":2}},{"type":"Feature","geometry":{"type":"Polygon","coordinates":[[[-0.04385,51.53179],[-0.04562,51.53221],[-0.04521,51.5342],[-0.0508,51.53537],[-0.05236,51.53495],[-0.0564,51.53513],[-0.05713,51.53418],[-0.06003,51.53367],[-0.05997,51.53429],[-0.06244,51.53545],[-0.07315,51.53591],[-0.07396,51.5364],[-0.07668,51.53666],[-0.07733,51.53586],[-0.07707,51.53561],[-0.07773,51.53525],[-0.07675,51.53466],[-0.07828,51.53422],[-0.07741,51.53369],[-0.07798,51.53291],[-0.07782,51.53237],[-0.07669,51.53208],[-0.07724,51.53149],[-0.07678,51.53106],[-0.07922,51.52931],[-0.07891,51.52854],[-0.07775,51.52826],[-0.07836,51.52779],[-0.0771,51.52682],[-0.07761,51.52603],[-0.07684,51.52578],[-0.07704,51.52482],[-0.07638,51.52447],[-0.07475,51.52402],[-0.07379,51.52454],[-0.07258,51.52409],[-0.07093,51.52452],[-0.07184,51.52302],[-0.06628,51.52297],[-0.063,51.52324],[-0.06126,51.52387],[-0.05318,51.52434],[-0.05272,51.52446],[-0.05292,51.5256],[-0.05175,51.52497],[-0.0508,51.52508],[-0.04903,51.52549],[-0.04847,51.52636],[-0.04748,51.526],[-0.04047,51.52738],[-0.04087,51.53013],[-0.04163,51.5311],[-0.04385,51.53179]]]},"properties":{"code":"E2","area":"E","colorSlot":2}},{"type":"Feature","geometry":{"type":"Polygon","coordinates":[[[-0.03401,51.53952],[-0.03623,51.53808],[-0.03646,51.53691],[-0.03739,51.53569],[-0.03889,51.53491],[-0.04107,51.53501],[-0.04143,51.53308],[-0.04232,51.53299],[-0.04506,51.53424],[-0.04562,51.53221],[-0.04163,51.5311],[-0.04046,51.52965],[-0.04096,51.52886],[-0.04047,51.52738],[-0.03835,51.52695],[-0.03818,51.52617],[-0.03726,51.52548],[-0.03786,51.52492],[-0.03545,51.52367],[-0.03518,51.52174],[-0.03703,51.52117],[-0.03713,51.52068],[-0.03586,51.51873],[-0.03416,51.51873],[-0.03365,51.51833],[-0.03286,51.51662],[-0.03322,51.51618],[-0.03237,51.51614],[-0.0318,51.51701],[-0.03072,51.51746],[-0.03032,51.51704],[-0.02875,51.51696],[-0.02838,51.51795],[-0.02759,51.51799],[-0.02694,51.51732],[-0.02526,51.51833],[-0.02327,51.51801],[-0.02328,51.5174],[-0.0227,51.51713],[-0.01972,51.51724],[-0.0187,51.51811],[-0.01776,51.51803],[-0.01654,51.51879],[-0.01548,51.5201],[-0.01312,51.52077],[-0.00743,51.52039],[-0.00754,51.51916],[-0.00689,51.51881],[-0.00336,51.51978],[-0.00147,51.52191],[-0.00403,51.52501],[0.00139,51.5251],[0.00191,51.52564],[0.00178,51.52768],[-0.00197,51.52891],[-0.0035,51.52835],[-0.00734,51.52917],[-0.01012,51.52812],[-0.01107,51.52822],[-0.01139,51.52909],[-0.01333,51.52946],[-0.01402,51.53052],[-0.01717,51.53203],[-0.01791,51.53362],[-0.01722,51.53443],[-0.01734,51.53665],[-0.01551,51.5386],[-0.01927,51.53926],[-0.02063,51.54087],[-0.0167,51.54453],[-0.01774,51.54446],[-0.02234,51.54218],[-0.02565,51.53979],[-0.02753,51.54004],[-0.02814,51.53921],[-0.02933,51.53899],[-0.03317,51.5404],[-0.03401,51.53952]]]},"properties":{"code":"E3","area":"E","colorSlot":3}},{"type":"Feature","geometry":{"type":"Polygon","coordinates":[[[0.022,51.63223],[0.02435,51.63428],[0.02492,51.63698],[0.02316,51.64188],[0.0301,51.64908],[0.01503,51.6521],[0.01387,51.65926],[0.0117,51.66059],[0.01319,51.66415],[0.01114,51.66799],[0.00344,51.66679],[0.00121,51.66551],[0.00061,51.66563],[-0.00114,51.66697],[-0.00025,51.66841],[-0.00043,51.67195],[-0.00593,51.67225],[-0.00715,51.66898],[-0.00745,51.66684],[-0.007,51.66576],[-0.00838,51.66256],[-0.01127,51.65981],[-0.01292,51.65903],[-0.01299,51.65778],[-0.01556,51.65303],[-0.01517,51.65149],[-0.01806,51.64885],[-0.01836,51.64505],[-0.02235,51.63985],[-0.02243,51.63847],[-0.02374,51.63496],[-0.02579,51.63144],[-0.02708,51.63014],[-0.02682,51.62877],[-0.0277,51.62517],[-0.0302,51.62261],[-0.03211,51.62181],[-0.03231,51.62062],[-0.03491,51.618],[-0.03598,51.61622],[-0.03604,51.6135],[-0.03546,51.61189],[-0.03362,51.61013],[-0.03507,51.60726],[-0.03496,51.60515],[-0.03326,51.60494],[-0.03233,51.6042],[-0.02751,51.60262],[-0.02333,51.60316],[-0.02169,51.60261],[-0.01964,51.60264],[-0.01905,51.60143],[-0.01724,51.60085],[-0.01396,51.60081],[-0.01327,51.60292],[-0.01089,51.60417],[-0.00826,51.60362],[-0.0052,51.60059],[-0.00214,51.60017],[-0.00104,51.6005],[-0.00114,51.60111],[-0.00038,51.6022],[0.00123,51.6025],[0.0007,51.60377],[0.00145,51.60419],[0.00177,51.60557],[0.00346,51.60556],[0.00405,51.60612],[0.00514,51.60617],[0.00582,51.6068],[0.00588,51.60755],[0.00946,51.6087],[0.00993,51.60975],[0.01155,51.6107],[0.01174,51.61183],[0.01048,51.61243],[0.00926,51.61472],[0.0104,51.61564],[0.01081,51.61663],[0.01273,51.61775],[0.01379,51.61785],[0.01685,51.62015],[0.01723,51.62183],[0.01654,51.62398],[0.02116,51.62682],[0.02227,51.62917],[0.022,51.63223]]]},"properties":{"code":"E4","area":"E","colorSlot":1}},{"type":"Feature","geometry":{"type":"Polygon","coordinates":[[[-0.03337,51.55989],[-0.04013,51.56207],[-0.0431,51.56489],[-0.04426,51.56737],[-0.0469,51.5685],[-0.04924,51.5708],[-0.04998,51.574],[-0.05114,51.57435],[-0.05404,51.57672],[-0.06089,51.57366],[-0.06247,51.57371],[-0.06413,51.57254],[-0.06554,51.57291],[-0.0672,51.57246],[-0.06736,51.57326],[-0.07005,51.57313],[-0.07112,51.57394],[-0.07237,51.57338],[-0.07175,51.57312],[-0.07224,51.57265],[-0.07183,51.57209],[-0.07038,51.57233],[-0.06918,51.57144],[-0.0666,51.57215],[-0.06522,51.57137],[-0.06605,51.57057],[-0.06576,51.57015],[-0.06314,51.57011],[-0.06268,51.56951],[-0.06333,51.56873],[-0.06204,51.56884],[-0.06147,51.56828],[-0.06199,51.56739],[-0.05999,51.56603],[-0.06121,51.56599],[-0.06206,51.56534],[-0.06336,51.56556],[-0.06338,51.56464],[-0.06571,51.56382],[-0.06501,51.5633],[-0.0658,51.56271],[-0.06503,51.5613],[-0.06307,51.56116],[-0.06316,51.56035],[-0.06246,51.55979],[-0.0638,51.559],[-0.06351,51.55867],[-0.06409,51.55823],[-0.0655,51.558],[-0.06568,51.55759],[-0.06655,51.558],[-0.06763,51.55771],[-0.06771,51.55673],[-0.06696,51.55623],[-0.06643,51.55495],[-0.06247,51.55368],[-0.06281,51.55266],[-0.06242,51.5514],[-0.06125,51.551],[-0.06003,51.55145],[-0.06001,51.55097],[-0.06052,51.55083],[-0.06035,51.5503],[-0.06098,51.55016],[-0.06069,51.54986],[-0.05822,51.54963],[-0.05526,51.55014],[-0.05329,51.54977],[-0.05188,51.55102],[-0.05106,51.55041],[-0.0506,51.55056],[-0.05081,51.55124],[-0.04919,51.55168],[-0.04689,51.55098],[-0.0463,51.55145],[-0.04489,51.55114],[-0.04344,51.55205],[-0.04045,51.55123],[-0.04094,51.5506],[-0.04077,51.54944],[-0.03909,51.54966],[-0.0371,51.54926],[-0.03655,51.55018],[-0.0345,51.55086],[-0.03517,51.55135],[-0.03493,51.5521],[-0.03564,51.55223],[-0.03655,51.55351],[-0.03372,51.55701],[-0.03164,51.55862],[-0.03337,51.55989]]]},"properties":{"code":"E5","area":"E","colorSlot":1}},{"type":"Feature","geometry":{"type":"Polygon","coordinates":[[[0.04204,51.53823],[0.04109,51.53791],[0.04007,51.53934],[0.03896,51.53936],[0.03807,51.53841],[0.0369,51.53883],[0.03591,51.53836],[0.03443,51.53851],[0.03469,51.53778],[0.0343,51.53754],[0.03452,51.53711],[0.03552,51.53714],[0.03607,51.53589],[0.03574,51.53488],[0.03678,51.5344],[0.03659,51.53368],[0.03953,51.53191],[0.03961,51.53157],[0.0379,51.53043],[0.03863,51.529],[0.03848,51.52843],[0.03973,51.52834],[0.03899,51.52757],[0.03989,51.52726],[0.03914,51.52645],[0.04031,51.52579],[0.04032,51.52464],[0.03939,51.52436],[0.03999,51.52365],[0.03967,51.52194],[0.04199,51.52162],[0.04255,51.52002],[0.04398,51.51866],[0.04307,51.5165],[0.04367,51.51354],[0.04648,51.51148],[0.04794,51.51155],[0.04911,51.51104],[0.04946,51.50938],[0.05312,51.50647],[0.05544,51.50587],[0.05986,51.50592],[0.06067,51.50698],[0.06384,51.50844],[0.06716,51.50761],[0.06965,51.50774],[0.0716,51.50865],[0.0742,51.50819],[0.07765,51.50973],[0.08401,51.50896],[0.09432,51.5107],[0.09355,51.51494],[0.08771,51.51986],[0.08645,51.52143],[0.07938,51.52129],[0.0774,51.52169],[0.07643,51.52244],[0.07424,51.52561],[0.07428,51.52667],[0.07267,51.52785],[0.06979,51.53117],[0.07001,51.53201],[0.06898,51.53315],[0.06982,51.53515],[0.06618,51.53864],[0.0656,51.54126],[0.06658,51.54368],[0.06261,51.54407],[0.06124,51.5431],[0.0591,51.54266],[0.05895,51.54128],[0.05706,51.541],[0.0559,51.54017],[0.05444,51.5402],[0.05415,51.53957],[0.0529,51.53901],[0.05126,51.54022],[0.0497,51.54067],[0.04781,51.54028],[0.04615,51.54076],[0.0447,51.53983],[0.04468,51.5391],[0.04386,51.53909],[0.04303,51.5398],[0.04143,51.53984],[0.04131,51.53919],[0.04193,51.53912],[0.04204,51.53823]]]},"properties":{"code":"E6","area":"E","colorSlot":1}},{"type":"Feature","geometry":{"type":"Polygon","coordinates":[[[0.0185,51.55765],[0.01579,51.5567],[0.0148,51.55686],[0.01476,51.5564],[0.01348,51.55582],[0.01273,51.55596],[0.01183,51.55489],[0.00967,51.55451],[0.00925,51.55354],[0.01425,51.55294],[0.01377,51.55077],[0.01442,51.54957],[0.01581,51.5493],[0.01607,51.54814],[0.01287,51.54715],[0.01288,51.54676],[0.01432,51.54654],[0.01441,51.54573],[0.0152,51.54549],[0.01533,51.54459],[0.01589,51.54424],[0.01563,51.54353],[0.01693,51.54349],[0.01717,51.53986],[0.01951,51.53935],[0.01983,51.53815],[0.02183,51.5373],[0.02361,51.53775],[0.02418,51.53719],[0.02557,51.53799],[0.0277,51.53762],[0.02894,51.53803],[0.0297,51.53715],[0.03062,51.53796],[0.03208,51.53817],[0.03423,51.53743],[0.03469,51.53778],[0.03436,51.53845],[0.03591,51.53836],[0.0369,51.53883],[0.03807,51.53841],[0.03896,51.53936],[0.04007,51.53934],[0.04108,51.53791],[0.04215,51.53861],[0.04131,51.53919],[0.04132,51.53983],[0.04303,51.5398],[0.04386,51.53909],[0.04468,51.5391],[0.0447,51.53983],[0.04615,51.54076],[0.04551,51.54141],[0.04676,51.54249],[0.04652,51.54382],[0.04383,51.54403],[0.04088,51.54553],[0.04178,51.54595],[0.04241,51.54749],[0.04394,51.54779],[0.04504,51.54936],[0.04418,51.54984],[0.03913,51.55036],[0.03754,51.55091],[0.03726,51.55171],[0.03866,51.55291],[0.03979,51.55283],[0.04244,51.55637],[0.03635,51.558],[0.02896,51.5585],[0.02626,51.55955],[0.02171,51.55962],[0.0185,51.55765]]]},"properties":{"code":"E7","area":"E","colorSlot":0}},{"type":"Feature","geometry":{"type":"Polygon","coordinates":[[[-0.07668,51.54697],[-0.07734,51.54688],[-0.07728,51.54654],[-0.0769,51.54602],[-0.07601,51.54603],[-0.07647,51.54573],[-0.07564,51.54453],[-0.07719,51.54391],[-0.07567,51.5424],[-0.07627,51.54216],[-0.07675,51.53976],[-0.07764,51.53945],[-0.07725,51.53899],[-0.07816,51.53806],[-0.07762,51.53791],[-0.07766,51.53748],[-0.07831,51.53707],[-0.07573,51.53631],[-0.07396,51.5364],[-0.07315,51.53591],[-0.06827,51.53599],[-0.06091,51.53522],[-0.06079,51.53463],[-0.05997,51.53429],[-0.06003,51.53367],[-0.05728,51.53417],[-0.05642,51.53487],[-0.05697,51.53543],[-0.05648,51.53588],[-0.05812,51.53593],[-0.05786,51.53638],[-0.05571,51.53659],[-0.05576,51.53733],[-0.05672,51.53738],[-0.05698,51.53797],[-0.05614,51.53816],[-0.05672,51.53903],[-0.05526,51.53934],[-0.05553,51.54049],[-0.05432,51.54034],[-0.0548,51.54077],[-0.0542,51.54135],[-0.05512,51.54163],[-0.05499,51.54338],[-0.05434,51.54406],[-0.05535,51.54507],[-0.05258,51.54806],[-0.05365,51.54988],[-0.06069,51.54986],[-0.06098,51.55016],[-0.06035,51.5503],[-0.06052,51.55083],[-0.06001,51.55097],[-0.06003,51.55145],[-0.06121,51.55101],[-0.06242,51.5514],[-0.06281,51.55266],[-0.06246,51.55342],[-0.06295,51.55389],[-0.06685,51.55523],[-0.06822,51.55489],[-0.0679,51.55434],[-0.06863,51.55408],[-0.07075,51.55373],[-0.07162,51.55415],[-0.07181,51.55332],[-0.07544,51.55231],[-0.07441,51.55188],[-0.0753,51.55124],[-0.07418,51.55066],[-0.07607,51.54954],[-0.07565,51.54926],[-0.07612,51.54894],[-0.076,51.54843],[-0.07511,51.54782],[-0.07551,51.54744],[-0.07634,51.54759],[-0.07525,51.54654],[-0.07618,51.54654],[-0.07599,51.54714],[-0.07668,51.54697]]]},"properties":{"code":"E8","area":"E","colorSlot":4}},{"type":"Feature","geometry":{"type":"Polygon","coordinates":[[[-0.03599,51.55307],[-0.03564,51.55223],[-0.03496,51.55222],[-0.0353,51.55138],[-0.0345,51.55086],[-0.0364,51.55024],[-0.0369,51.54932],[-0.04077,51.54944],[-0.04035,51.55098],[-0.04344,51.55205],[-0.04489,51.55114],[-0.0463,51.55145],[-0.04798,51.55099],[-0.04987,51.55154],[-0.05081,51.55124],[-0.05042,51.55077],[-0.05084,51.55044],[-0.05178,51.55105],[-0.05329,51.54977],[-0.05305,51.54835],[-0.05258,51.54806],[-0.05535,51.54509],[-0.05455,51.54455],[-0.05512,51.54163],[-0.05436,51.54148],[-0.05426,51.54096],[-0.0548,51.54077],[-0.05432,51.54034],[-0.05525,51.54051],[-0.05526,51.53934],[-0.05662,51.53905],[-0.05636,51.53833],[-0.05698,51.53797],[-0.05672,51.53738],[-0.05576,51.53733],[-0.05571,51.53659],[-0.05824,51.53611],[-0.05654,51.53593],[-0.05675,51.53519],[-0.05523,51.53489],[-0.0508,51.53537],[-0.0476,51.5344],[-0.04472,51.53423],[-0.04368,51.53346],[-0.04143,51.53308],[-0.04107,51.53501],[-0.03889,51.53491],[-0.03739,51.53569],[-0.03646,51.53691],[-0.0363,51.53805],[-0.03317,51.5404],[-0.02933,51.53899],[-0.02814,51.53921],[-0.02753,51.54004],[-0.02565,51.53979],[-0.02324,51.54102],[-0.02251,51.54215],[-0.01644,51.5452],[-0.02063,51.54604],[-0.02307,51.5472],[-0.02361,51.54792],[-0.02036,51.55056],[-0.01856,51.55319],[-0.02129,51.5548],[-0.02694,51.55558],[-0.02829,51.55757],[-0.03164,51.55862],[-0.03518,51.5553],[-0.03655,51.55351],[-0.03599,51.55307]]]},"properties":{"code":"E9","area":"E","colorSlot":0}},{"type":"Feature","geometry":{"type":"Polygon","coordinates":[[[-0.00404,51.559],[-0.00199,51.56051],[-0.00216,51.56134],[-0.00317,51.56121],[-0.00335,51.56163],[-0.00278,51.56215],[-0.0044,51.56282],[-0.00307,51.56384],[-0.00196,51.56404],[-0.00234,51.56454],[-0.00119,51.56493],[-0.00266,51.56542],[-0.00119,51.5653],[-0.00026,51.56732],[-0.00164,51.56731],[-0.00209,51.56804],[-0.00344,51.56792],[-0.00525,51.56881],[-0.00763,51.56757],[-0.00828,51.56875],[-0.00743,51.56948],[-0.00539,51.56898],[-0.00368,51.56991],[-0.00412,51.57089],[-0.00276,51.57222],[-0.00167,51.57197],[-0.00026,51.57242],[0.00014,51.57333],[0.00149,51.57349],[0.00173,51.57462],[0.00302,51.57477],[0.00323,51.57633],[0.00166,51.57677],[0.00148,51.57782],[0.00072,51.57837],[0.00214,51.57975],[0.00517,51.58089],[-0.00062,51.58114],[-0.00112,51.58027],[-0.00503,51.57914],[-0.00504,51.57826],[-0.00652,51.57852],[-0.01074,51.57729],[-0.01227,51.57743],[-0.01214,51.57651],[-0.02011,51.57343],[-0.01999,51.5726],[-0.0209,51.57205],[-0.02171,51.57222],[-0.02457,51.57127],[-0.02502,51.57017],[-0.02745,51.57028],[-0.02911,51.56918],[-0.03007,51.56975],[-0.03067,51.56945],[-0.03194,51.57107],[-0.03415,51.57183],[-0.03419,51.57241],[-0.03592,51.5736],[-0.03811,51.57283],[-0.03975,51.57314],[-0.04177,51.57536],[-0.0452,51.57533],[-0.04998,51.574],[-0.04924,51.5708],[-0.0469,51.5685],[-0.04426,51.56737],[-0.0431,51.56489],[-0.04013,51.56207],[-0.0386,51.56128],[-0.03373,51.56026],[-0.03164,51.55862],[-0.02829,51.55757],[-0.02694,51.55558],[-0.02129,51.5548],[-0.01856,51.55319],[-0.01585,51.55332],[-0.01267,51.5528],[-0.01172,51.55381],[-0.00779,51.55458],[-0.00757,51.55561],[-0.00654,51.5559],[-0.00581,51.55706],[-0.00365,51.55767],[-0.00577,51.55866],[-0.00532,51.55921],[-0.00404,51.559]]]},"properties":{"code":"E10","area":"E","colorSlot":3}},{"type":"Feature","geometry":{"type":"Polygon","coordinates":[[[-0.00026,51.56732],[-0.00119,51.5653],[-0.00255,51.56566],[-0.00133,51.56505],[-0.00234,51.56454],[-0.00196,51.56404],[-0.00307,51.56384],[-0.00434,51.56289],[-0.00278,51.56215],[-0.00328,51.56178],[-0.00317,51.56121],[-0.00216,51.56134],[-0.00211,51.56016],[-0.00313,51.56],[-0.00329,51.55936],[-0.00404,51.559],[-0.00532,51.55921],[-0.00577,51.55866],[-0.00365,51.55767],[-0.00581,51.55706],[-0.00604,51.55633],[-0.0044,51.5556],[-0.00484,51.55309],[-0.0039,51.55296],[-0.00257,51.55379],[-0.00175,51.55354],[-0.00076,51.5542],[0.0012,51.55429],[0.00537,51.55311],[0.00486,51.55297],[0.00512,51.55235],[0.006,51.55272],[0.00795,51.55254],[0.00828,51.55378],[0.00925,51.55354],[0.00967,51.55451],[0.01183,51.55489],[0.01273,51.55596],[0.01476,51.5564],[0.0148,51.55686],[0.01703,51.557],[0.01732,51.55752],[0.0185,51.55765],[0.02171,51.55962],[0.02626,51.55955],[0.02856,51.55879],[0.03063,51.56147],[0.03261,51.56283],[0.0328,51.56325],[0.03196,51.56501],[0.03348,51.56824],[0.0381,51.56791],[0.03912,51.56716],[0.043,51.56618],[0.04787,51.56677],[0.04663,51.56969],[0.04462,51.57092],[0.04266,51.57108],[0.03864,51.57479],[0.04036,51.57779],[0.03989,51.57845],[0.04012,51.58093],[0.03945,51.5838],[0.03998,51.58463],[0.03992,51.5861],[0.03936,51.58667],[0.03634,51.58534],[0.03441,51.58514],[0.03393,51.58467],[0.0321,51.5847],[0.0318,51.58416],[0.0307,51.58405],[0.02934,51.58589],[0.02786,51.58539],[0.02591,51.58588],[0.0262,51.58658],[0.02706,51.58694],[0.02577,51.58773],[0.02372,51.58551],[0.02281,51.58551],[0.0218,51.58348],[0.01647,51.58412],[0.01506,51.58216],[0.01247,51.58132],[0.01306,51.58436],[0.01275,51.58528],[0.01189,51.58589],[0.00852,51.58468],[0.00737,51.58369],[0.00809,51.58103],[0.0053,51.58091],[0.00214,51.57975],[0.00077,51.57859],[0.00166,51.57677],[0.00323,51.57633],[0.00304,51.57482],[0.00182,51.5747],[0.00149,51.57349],[0.00014,51.57333],[-0.00026,51.57242],[-0.00167,51.57197],[-0.00276,51.57222],[-0.00412,51.57089],[-0.00368,51.56991],[-0.00539,51.56898],[-0.00743,51.56948],[-0.00828,51.56875],[-0.00826,51.56802],[-0.00767,51.56757],[-0.00525,51.56881],[-0.00418,51.56873],[-0.00344,51.56792],[-0.00214,51.56805],[-0.00164,51.56731],[-0.00026,51.56732]]]},"properties":{"code":"E11","area":"E","colorSlot":1}},{"type":"Feature","geometry":{"type":"Polygon","coordinates":[[[0.04504,51.54936],[0.04394,51.54779],[0.04241,51.54749],[0.04178,51.54595],[0.04088,51.54553],[0.04383,51.54403],[0.04652,51.54382],[0.04676,51.54249],[0.04551,51.54141],[0.04615,51.54076],[0.04769,51.54034],[0.0512,51.54041],[0.0529,51.53901],[0.05415,51.53957],[0.05444,51.5402],[0.0559,51.54017],[0.05706,51.541],[0.05895,51.54128],[0.0591,51.54266],[0.06124,51.5431],[0.06261,51.54407],[0.06656,51.54373],[0.06855,51.546],[0.06835,51.54712],[0.06702,51.5489],[0.06803,51.55034],[0.06739,51.55122],[0.06744,51.55264],[0.06644,51.55556],[0.06377,51.55727],[0.0585,51.55839],[0.05357,51.55874],[0.05267,51.5623],[0.05093,51.56402],[0.04948,51.56475],[0.04787,51.56677],[0.043,51.56618],[0.03912,51.56716],[0.0381,51.56791],[0.03348,51.56824],[0.03196,51.56501],[0.0328,51.56325],[0.03261,51.56283],[0.03063,51.56147],[0.02856,51.55879],[0.03635,51.558],[0.04244,51.55637],[0.03979,51.55283],[0.03866,51.55291],[0.03726,51.55171],[0.03754,51.55091],[0.04504,51.54936]]]},"properties":{"code":"E12","area":"E","colorSlot":2}},{"type":"Feature","geometry":{"type":"Polygon","coordinates":[[[0.0155,51.53203],[0.01509,51.53101],[0.01291,51.53043],[0.01132,51.52889],[0.01226,51.5274],[0.00978,51.52657],[0.00973,51.52511],[0.01205,51.52424],[0.01264,51.52507],[0.01346,51.52476],[0.01466,51.52577],[0.015,51.52491],[0.01418,51.52377],[0.01594,51.52366],[0.01683,51.52313],[0.01549,51.52233],[0.01582,51.52175],[0.01266,51.52069],[0.0124,51.51983],[0.01493,51.51948],[0.01514,51.52012],[0.0178,51.51973],[0.01898,51.52061],[0.01944,51.52044],[0.0196,51.51948],[0.02002,51.51948],[0.02158,51.52063],[0.02304,51.5203],[0.0237,51.5194],[0.02335,51.51807],[0.02389,51.51755],[0.02625,51.51667],[0.02667,51.51794],[0.02731,51.51809],[0.02819,51.51738],[0.02934,51.51798],[0.02992,51.5177],[0.03018,51.51624],[0.03326,51.51734],[0.03683,51.51984],[0.0396,51.51934],[0.04255,51.52002],[0.04204,51.52159],[0.03967,51.52194],[0.03999,51.52365],[0.03939,51.52429],[0.04032,51.52464],[0.0404,51.52556],[0.03914,51.52645],[0.03989,51.52726],[0.03899,51.52757],[0.03973,51.52834],[0.03848,51.52843],[0.03863,51.529],[0.0379,51.53043],[0.03942,51.5314],[0.03953,51.53191],[0.03798,51.53321],[0.03659,51.53368],[0.03678,51.5344],[0.03574,51.53488],[0.03612,51.53582],[0.03552,51.53714],[0.03452,51.53711],[0.0322,51.53826],[0.03186,51.53789],[0.03062,51.53796],[0.0297,51.53715],[0.02894,51.53803],[0.0277,51.53762],[0.02557,51.53799],[0.02418,51.53719],[0.02361,51.53775],[0.02183,51.5373],[0.02219,51.53694],[0.02195,51.53559],[0.02072,51.53476],[0.01974,51.53506],[0.0185,51.5343],[0.01738,51.53466],[0.01585,51.53439],[0.01402,51.53294],[0.0149,51.53288],[0.0155,51.53203]]]},"properties":{"code":"E13","area":"E","colorSlot":3}},{"type":"Feature","geometry":{"type":"Polygon","coordinates":[[[-0.00754,51.51916],[-0.00743,51.52039],[-0.01014,51.52032],[-0.01107,51.52089],[-0.01548,51.5201],[-0.01702,51.51844],[-0.02118,51.51693],[-0.02328,51.5174],[-0.02327,51.51801],[-0.02526,51.51833],[-0.02694,51.51732],[-0.02759,51.51799],[-0.02838,51.51795],[-0.02875,51.51696],[-0.03055,51.5174],[-0.0318,51.51701],[-0.03237,51.51614],[-0.03322,51.51618],[-0.03286,51.51662],[-0.03416,51.51873],[-0.03586,51.51873],[-0.03697,51.51799],[-0.03953,51.51755],[-0.03929,51.51697],[-0.04002,51.51627],[-0.03996,51.51504],[-0.04082,51.51284],[-0.04213,51.51132],[-0.04186,51.5104],[-0.04247,51.51003],[-0.04253,51.50856],[-0.0394,51.50861],[-0.03458,51.50775],[-0.03126,51.50614],[-0.02927,51.5041],[-0.03013,51.5015],[-0.02974,51.49676],[-0.03061,51.49474],[-0.02895,51.49136],[-0.02778,51.49031],[-0.02695,51.48772],[-0.01665,51.48432],[-0.01222,51.48442],[-0.00454,51.48627],[-0.00002,51.48899],[0.0002,51.49188],[-0.00066,51.49458],[-0.00258,51.49625],[-0.00381,51.50009],[-0.00401,51.50116],[-0.00347,51.50252],[-0.00191,51.50377],[0.00195,51.50491],[0.00793,51.50505],[0.01002,51.50726],[0.01053,51.50867],[0.00776,51.50976],[0.0068,51.51199],[0.0054,51.51314],[0.00562,51.51473],[0.00446,51.5159],[0.00255,51.51675],[-0.00212,51.51656],[-0.00294,51.51768],[-0.00452,51.51756],[-0.00754,51.51916]]]},"properties":{"code":"E14","area":"E","colorSlot":1}},{"type":"Feature","geometry":{"type":"Polygon","coordinates":[[[0.00532,51.55233],[0.00486,51.55297],[0.00537,51.55311],[0.00442,51.55357],[0.0035,51.5533],[0.00188,51.55407],[-0.00035,51.55427],[-0.00175,51.55354],[-0.00347,51.55369],[-0.0039,51.55296],[-0.00484,51.55309],[-0.0044,51.5556],[-0.00604,51.55633],[-0.00757,51.55561],[-0.00775,51.55467],[-0.01172,51.55381],[-0.01267,51.5528],[-0.01585,51.55332],[-0.01856,51.55319],[-0.02018,51.55057],[-0.02361,51.54792],[-0.02307,51.5472],[-0.02063,51.54604],[-0.01644,51.5452],[-0.02063,51.54091],[-0.01927,51.53926],[-0.01551,51.5386],[-0.01734,51.53665],[-0.01722,51.53443],[-0.01791,51.53362],[-0.01717,51.53203],[-0.01402,51.53052],[-0.01333,51.52946],[-0.01139,51.52909],[-0.01107,51.52822],[-0.01012,51.52812],[-0.00734,51.52917],[-0.0035,51.52835],[-0.00197,51.52891],[0.00178,51.52768],[0.00191,51.52564],[0.00155,51.52512],[0.00235,51.52428],[0.00643,51.52396],[0.00732,51.52459],[0.00869,51.52393],[0.01045,51.52423],[0.0106,51.52466],[0.00973,51.52511],[0.00978,51.52657],[0.01204,51.52728],[0.01132,51.52889],[0.01291,51.53043],[0.01509,51.53101],[0.0155,51.53203],[0.0149,51.53288],[0.01403,51.53292],[0.01463,51.53356],[0.01617,51.53447],[0.0185,51.5343],[0.01974,51.53506],[0.02072,51.53476],[0.02195,51.53559],[0.02177,51.53608],[0.02233,51.53669],[0.01983,51.53815],[0.01951,51.53935],[0.01717,51.53986],[0.01686,51.54253],[0.01719,51.54337],[0.01569,51.54346],[0.01589,51.54424],[0.01432,51.54654],[0.01288,51.54676],[0.01287,51.54715],[0.01607,51.54814],[0.01581,51.5493],[0.01458,51.54952],[0.01363,51.55058],[0.01425,51.55294],[0.00828,51.55378],[0.00795,51.55254],[0.006,51.55272],[0.00532,51.55233]],[[-0.00811,51.54163],[-0.01439,51.54616],[-0.01383,51.54653],[-0.00718,51.54703],[-0.00395,51.54558],[-0.00437,51.54327],[-0.00811,51.54163]]]},"properties":{"code":"E15","area":"E","colorSlot":2}},{"type":"Feature","geometry":{"type":"Polygon","coordinates":[[[0.00611,51.51242],[0.0068,51.51199],[0.00776,51.50976],[0.01053,51.50867],[0.01011,51.50734],[0.00793,51.50505],[0.01345,51.50339],[0.01565,51.49966],[0.02069,51.49783],[0.02263,51.49745],[0.02602,51.49769],[0.03103,51.49652],[0.04091,51.49797],[0.04287,51.4977],[0.04691,51.49822],[0.04971,51.49828],[0.05342,51.49692],[0.0563,51.4966],[0.05979,51.49721],[0.0664,51.49659],[0.07258,51.49747],[0.07498,51.49823],[0.0784,51.50028],[0.08209,51.5041],[0.08242,51.50564],[0.0842,51.50895],[0.07765,51.50973],[0.0742,51.50819],[0.0716,51.50865],[0.06965,51.50774],[0.06716,51.50761],[0.06386,51.50844],[0.06067,51.50698],[0.05986,51.50592],[0.05544,51.50587],[0.05312,51.50647],[0.04946,51.50938],[0.04911,51.51104],[0.04794,51.51155],[0.04648,51.51148],[0.04366,51.51345],[0.04307,51.5165],[0.04398,51.51866],[0.04255,51.52002],[0.0396,51.51934],[0.03683,51.51984],[0.03326,51.51734],[0.03031,51.51623],[0.02992,51.5177],[0.02934,51.51798],[0.02819,51.51738],[0.02738,51.51806],[0.02667,51.51794],[0.02633,51.51665],[0.02326,51.51794],[0.0237,51.5194],[0.02304,51.5203],[0.02106,51.52042],[0.02002,51.51948],[0.0196,51.51948],[0.01944,51.52044],[0.01898,51.52061],[0.01873,51.52],[0.0178,51.51973],[0.01514,51.52012],[0.01505,51.51956],[0.01257,51.51969],[0.01266,51.52069],[0.01582,51.52175],[0.01549,51.52233],[0.01691,51.52305],[0.01594,51.52366],[0.01438,51.52369],[0.015,51.52491],[0.01466,51.52577],[0.01346,51.52476],[0.01264,51.52507],[0.01205,51.52424],[0.01114,51.52475],[0.00869,51.52393],[0.00732,51.52459],[0.00643,51.52396],[0.00235,51.52428],[0.00155,51.52512],[-0.00395,51.52506],[-0.00147,51.52191],[-0.00336,51.51978],[-0.00689,51.51881],[-0.00452,51.51756],[-0.00294,51.51768],[-0.00212,51.51656],[0.00235,51.51687],[0.00446,51.5159],[0.00562,51.51473],[0.0054,51.51314],[0.00611,51.51242]]]},"properties":{"code":"E16","area":"E","colorSlot":0}},{"type":"Feature","geometry":{"type":"Polygon","coordinates":[[[0.01131,51.59344],[0.01002,51.59584],[0.00832,51.59664],[0.00831,51.59819],[0.00684,51.59926],[0.00343,51.59925],[0.00026,51.60031],[-0.0052,51.60059],[-0.00873,51.6038],[-0.01089,51.60417],[-0.01327,51.60292],[-0.01396,51.60081],[-0.01724,51.60085],[-0.01905,51.60143],[-0.01964,51.60264],[-0.02169,51.60261],[-0.02333,51.60316],[-0.02751,51.60262],[-0.03232,51.6042],[-0.03326,51.60494],[-0.04082,51.60496],[-0.04526,51.6021],[-0.04592,51.60112],[-0.04595,51.59812],[-0.04745,51.59525],[-0.04995,51.59328],[-0.05006,51.59197],[-0.04881,51.59],[-0.04733,51.58488],[-0.0479,51.58321],[-0.05076,51.58235],[-0.05234,51.5813],[-0.05457,51.57882],[-0.0541,51.57683],[-0.05114,51.57435],[-0.04998,51.574],[-0.0452,51.57533],[-0.04177,51.57536],[-0.03923,51.57289],[-0.03592,51.5736],[-0.03419,51.57241],[-0.03415,51.57183],[-0.03194,51.57107],[-0.03156,51.57009],[-0.03067,51.56945],[-0.03007,51.56975],[-0.02911,51.56918],[-0.02745,51.57028],[-0.02502,51.57017],[-0.02457,51.57127],[-0.01999,51.5726],[-0.02011,51.57343],[-0.01213,51.5763],[-0.01227,51.57738],[-0.01074,51.57729],[-0.00652,51.57852],[-0.00504,51.57826],[-0.00503,51.57914],[-0.00112,51.58027],[-0.00067,51.58112],[0.00809,51.58103],[0.00737,51.58369],[0.00852,51.58468],[0.01189,51.58589],[0.01123,51.58773],[0.00938,51.58868],[0.00806,51.59026],[0.01002,51.59111],[0.01131,51.59344]]]},"properties":{"code":"E17","area":"E","colorSlot":0}},{"type":"Feature","geometry":{"type":"Polygon","coordinates":[[[0.03309,51.59755],[0.03255,51.59829],[0.03111,51.59892],[0.03192,51.59933],[0.03159,51.60067],[0.03082,51.60068],[0.0293,51.5994],[0.0267,51.59879],[0.02073,51.59981],[0.01919,51.59952],[0.0196,51.60026],[0.01576,51.60144],[0.01532,51.60061],[0.01338,51.60036],[0.0115,51.59846],[0.00831,51.59819],[0.00832,51.59664],[0.01002,51.59584],[0.01131,51.59344],[0.01002,51.59111],[0.00806,51.59026],[0.00814,51.58985],[0.01113,51.58776],[0.01189,51.58589],[0.01253,51.58541],[0.01306,51.58436],[0.01247,51.58135],[0.01506,51.58216],[0.01647,51.58412],[0.0218,51.58348],[0.02281,51.58551],[0.02372,51.58551],[0.02546,51.58704],[0.02556,51.5877],[0.02711,51.58704],[0.0262,51.58658],[0.02605,51.58599],[0.02786,51.58539],[0.02934,51.58589],[0.0307,51.58405],[0.0318,51.58416],[0.0321,51.5847],[0.03393,51.58467],[0.03435,51.58515],[0.03634,51.58534],[0.03936,51.58667],[0.03916,51.58874],[0.03839,51.58954],[0.03724,51.59284],[0.04149,51.59644],[0.03723,51.59851],[0.03406,51.59836],[0.03309,51.59755]]]},"properties":{"code":"E18","area":"E","colorSlot":4}},{"type":"Feature","geometry":{"type":"Polygon","coordinates":[[[-0.00811,51.54163],[-0.00437,51.54327],[-0.00395,51.54558],[-0.00718,51.54703],[-0.01432,51.54625],[-0.00811,51.54163]]]},"properties":{"code":"E20","area":"E","colorSlot":0}},{"type":"Feature","geometry":{"type":"Polygon","coordinates":[[[-0.09809,51.52013],[-0.09962,51.52028],[-0.10281,51.519],[-0.10496,51.51873],[-0.10674,51.51749],[-0.10465,51.5167],[-0.1032,51.51677],[-0.10219,51.51593],[-0.09747,51.51506],[-0.09711,51.51638],[-0.09581,51.51687],[-0.09688,51.51751],[-0.09624,51.51861],[-0.09725,51.51979],[-0.09651,51.52037],[-0.0973,51.52105],[-0.09704,51.52169],[-0.0977,51.52233],[-0.09892,51.52212],[-0.09802,51.52081],[-0.09743,51.52073],[-0.09809,51.52013]]]},"properties":{"code":"EC1A","area":"EC","colorSlot":0}},{"type":"Feature","geometry":{"type":"Polygon","coordinates":[[[-0.10597,51.52024],[-0.10566,51.52008],[-0.10633,51.51983],[-0.10617,51.51907],[-0.10515,51.51926],[-0.10496,51.51873],[-0.09978,51.52016],[-0.09809,51.52013],[-0.09736,51.52046],[-0.09892,51.52212],[-0.09674,51.52261],[-0.09894,51.52346],[-0.10209,51.52244],[-0.10379,51.52298],[-0.10419,51.52243],[-0.10753,51.52221],[-0.107,51.52092],[-0.10605,51.52073],[-0.10668,51.52033],[-0.10597,51.52024]]]},"properties":{"code":"EC1M","area":"EC","colorSlot":2}},{"type":"Feature","geometry":{"type":"Polygon","coordinates":[[[-0.10962,51.51735],[-0.10891,51.51754],[-0.10755,51.51691],[-0.10496,51.51873],[-0.10515,51.51926],[-0.10617,51.51907],[-0.10633,51.51983],[-0.10566,51.52008],[-0.10656,51.52026],[-0.10605,51.52073],[-0.10691,51.52089],[-0.10806,51.52216],[-0.11162,51.52152],[-0.11181,51.52182],[-0.11263,51.52074],[-0.11101,51.52035],[-0.1119,51.51978],[-0.11099,51.51916],[-0.11152,51.51835],[-0.11077,51.5182],[-0.11099,51.51781],[-0.10995,51.51714],[-0.10962,51.51735]]]},"properties":{"code":"EC1N","area":"EC","colorSlot":1}},{"type":"Feature","geometry":{"type":"Polygon","coordinates":[[[-0.10481,51.52548],[-0.10518,51.52632],[-0.10425,51.52779],[-0.10495,51.52801],[-0.10526,51.52939],[-0.10492,51.52951],[-0.10582,51.53],[-0.1057,51.53042],[-0.10773,51.53119],[-0.10821,51.53062],[-0.10974,51.53095],[-0.11018,51.53046],[-0.1112,51.5306],[-0.11137,51.53028],[-0.11045,51.52984],[-0.11104,51.52952],[-0.11009,51.52912],[-0.11059,51.52848],[-0.10986,51.52807],[-0.10994,51.52714],[-0.10932,51.5271],[-0.10949,51.52654],[-0.11053,51.5263],[-0.11022,51.52598],[-0.11074,51.52581],[-0.11151,51.52568],[-0.11132,51.52603],[-0.11219,51.5264],[-0.11313,51.52624],[-0.11122,51.52421],[-0.11168,51.52419],[-0.11125,51.5239],[-0.11189,51.52356],[-0.11208,51.52282],[-0.11286,51.523],[-0.11236,51.52265],[-0.11321,51.52182],[-0.11258,51.52134],[-0.11182,51.52182],[-0.10851,51.52181],[-0.10824,51.5222],[-0.10747,51.52184],[-0.10753,51.52221],[-0.10688,51.52245],[-0.10647,51.52208],[-0.10512,51.52226],[-0.10525,51.5226],[-0.10283,51.52379],[-0.10344,51.52386],[-0.10319,51.52435],[-0.10357,51.52459],[-0.10449,51.52451],[-0.10388,51.52489],[-0.10481,51.52548]]]},"properties":{"code":"EC1R","area":"EC","colorSlot":3}},{"type":"Feature","geometry":{"type":"Polygon","coordinates":[[[-0.09964,51.52339],[-0.09794,51.52326],[-0.09769,51.52364],[-0.09477,51.52395],[-0.09388,51.52474],[-0.09219,51.52427],[-0.09132,51.52477],[-0.09085,51.52444],[-0.0889,51.52532],[-0.08824,51.5251],[-0.08835,51.52574],[-0.0878,51.52606],[-0.0808,51.52644],[-0.08032,51.52697],[-0.07771,51.52693],[-0.07776,51.52737],[-0.0788,51.52788],[-0.0807,51.52737],[-0.08069,51.52695],[-0.08326,51.52699],[-0.08392,51.52633],[-0.08425,51.52686],[-0.08506,51.52632],[-0.08619,51.52753],[-0.08654,51.52687],[-0.08741,51.52718],[-0.08778,51.52682],[-0.0883,51.5271],[-0.08762,51.5276],[-0.08955,51.52779],[-0.09043,51.52858],[-0.09155,51.52844],[-0.0923,51.52909],[-0.09323,51.52874],[-0.09524,51.52894],[-0.09448,51.52996],[-0.09526,51.52999],[-0.09592,51.52932],[-0.09678,51.52968],[-0.09678,51.53044],[-0.09851,51.53007],[-0.09966,51.53058],[-0.10012,51.53024],[-0.10053,51.53057],[-0.09982,51.53115],[-0.10419,51.5319],[-0.10486,51.53272],[-0.10646,51.53174],[-0.10773,51.53155],[-0.10572,51.53057],[-0.10599,51.53024],[-0.10492,51.52951],[-0.10526,51.52939],[-0.10495,51.52801],[-0.10427,51.52781],[-0.10514,51.52637],[-0.10481,51.52548],[-0.10389,51.52502],[-0.1045,51.5246],[-0.1043,51.52434],[-0.1036,51.5246],[-0.10319,51.52435],[-0.10344,51.52386],[-0.10287,51.52386],[-0.10452,51.52304],[-0.10444,51.52268],[-0.10336,51.52293],[-0.10217,51.52246],[-0.09964,51.52339]]]},"properties":{"code":"EC1V","area":"EC","colorSlot":0}},{"type":"Feature","geometry":{"type":"Polygon","coordinates":[[[-0.09481,51.52077],[-0.09403,51.52193],[-0.09038,51.51991],[-0.08816,51.52055],[-0.08768,51.52094],[-0.08854,51.5218],[-0.0869,51.52187],[-0.08702,51.52228],[-0.08641,51.52265],[-0.08678,51.52293],[-0.08639,51.52331],[-0.08655,51.52462],[-0.08736,51.52452],[-0.08734,51.52488],[-0.08602,51.52586],[-0.0878,51.52606],[-0.08834,51.52579],[-0.08824,51.5251],[-0.0889,51.52532],[-0.09203,51.52435],[-0.09388,51.52474],[-0.09477,51.52395],[-0.09791,51.5235],[-0.09802,51.52308],[-0.09674,51.52261],[-0.0977,51.52233],[-0.09761,51.52199],[-0.09633,51.52151],[-0.09545,51.52174],[-0.09481,51.52077]]]},"properties":{"code":"EC1Y","area":"EC","colorSlot":1}},{"type":"Feature","geometry":{"type":"Polygon","coordinates":[[[-0.08533,51.51997],[-0.08402,51.52061],[-0.08328,51.51974],[-0.07966,51.51924],[-0.08026,51.52004],[-0.07916,51.52145],[-0.07925,51.5221],[-0.07844,51.52284],[-0.07671,51.52318],[-0.07804,51.52377],[-0.07684,51.52385],[-0.07793,51.52407],[-0.0776,51.52523],[-0.07853,51.52533],[-0.07878,51.52589],[-0.07788,51.52598],[-0.07801,51.52626],[-0.08032,51.52697],[-0.0808,51.52644],[-0.08602,51.52586],[-0.08734,51.52488],[-0.08736,51.52452],[-0.08655,51.52462],[-0.0863,51.52341],[-0.08677,51.52322],[-0.08695,51.52215],[-0.08855,51.52193],[-0.08857,51.52148],[-0.08768,51.52094],[-0.08854,51.52003],[-0.08533,51.51997]]]},"properties":{"code":"EC2A","area":"EC","colorSlot":3}},{"type":"Feature","geometry":{"type":"Polygon","coordinates":[[[-0.08053,51.51915],[-0.08125,51.51972],[-0.08328,51.51974],[-0.08465,51.52061],[-0.08525,51.51996],[-0.08732,51.51982],[-0.0891,51.51813],[-0.08871,51.51753],[-0.08958,51.51754],[-0.08838,51.51687],[-0.083,51.51641],[-0.08257,51.51562],[-0.08003,51.5168],[-0.07963,51.51593],[-0.07729,51.51645],[-0.07815,51.5179],[-0.07853,51.51801],[-0.07822,51.51742],[-0.07923,51.51775],[-0.07824,51.51864],[-0.07883,51.5188],[-0.07798,51.51916],[-0.07788,51.51986],[-0.07912,51.51984],[-0.07864,51.52023],[-0.07916,51.52145],[-0.08026,51.52004],[-0.07966,51.51924],[-0.08053,51.51915]]]},"properties":{"code":"EC2M","area":"EC","colorSlot":1}},{"type":"Feature","geometry":{"type":"Polygon","coordinates":[[[-0.08433,51.51464],[-0.08366,51.51437],[-0.08446,51.51375],[-0.08265,51.51411],[-0.08238,51.51509],[-0.08037,51.51634],[-0.08125,51.51653],[-0.08229,51.51568],[-0.08302,51.5158],[-0.083,51.51641],[-0.086,51.51694],[-0.08676,51.51674],[-0.0869,51.5155],[-0.08797,51.51466],[-0.08714,51.51437],[-0.0867,51.51473],[-0.08626,51.51431],[-0.08433,51.51464]]]},"properties":{"code":"EC2N","area":"EC","colorSlot":3}},{"type":"Feature","geometry":{"type":"Polygon","coordinates":[[[-0.09021,51.5163],[-0.08997,51.51591],[-0.09127,51.51465],[-0.09096,51.51437],[-0.09181,51.51444],[-0.09155,51.5142],[-0.0919,51.514],[-0.0908,51.51354],[-0.09131,51.51287],[-0.08818,51.51409],[-0.08497,51.51381],[-0.08366,51.51437],[-0.08626,51.51431],[-0.08706,51.51474],[-0.08714,51.51437],[-0.088,51.51438],[-0.08665,51.51652],[-0.08882,51.51736],[-0.09076,51.51744],[-0.09021,51.5163]]]},"properties":{"code":"EC2R","area":"EC","colorSlot":0}},{"type":"Feature","geometry":{"type":"Polygon","coordinates":[[[-0.09271,51.51738],[-0.09395,51.51734],[-0.0953,51.51805],[-0.09598,51.51654],[-0.09711,51.51638],[-0.09778,51.51468],[-0.09752,51.51411],[-0.09128,51.51362],[-0.09185,51.51442],[-0.09096,51.51437],[-0.09128,51.51462],[-0.08997,51.51591],[-0.09076,51.51744],[-0.09271,51.51738]]]},"properties":{"code":"EC2V","area":"EC","colorSlot":3}},{"type":"Feature","geometry":{"type":"Polygon","coordinates":[[[-0.09395,51.51734],[-0.08886,51.51742],[-0.0891,51.51813],[-0.08732,51.51982],[-0.08854,51.52003],[-0.08808,51.52029],[-0.0888,51.5206],[-0.09038,51.51991],[-0.09383,51.52197],[-0.09459,51.52077],[-0.09519,51.52092],[-0.09545,51.52174],[-0.09748,51.52139],[-0.09651,51.52055],[-0.09737,51.51993],[-0.09624,51.51861],[-0.09688,51.51751],[-0.09581,51.51697],[-0.09535,51.51804],[-0.09395,51.51734]]]},"properties":{"code":"EC2Y","area":"EC","colorSlot":2}},{"type":"Feature","geometry":{"type":"Polygon","coordinates":[[[-0.08133,51.51292],[-0.07964,51.51333],[-0.07791,51.51301],[-0.07726,51.51333],[-0.07704,51.51413],[-0.07475,51.51508],[-0.07578,51.51544],[-0.07735,51.51515],[-0.07805,51.51607],[-0.07963,51.51593],[-0.07996,51.5168],[-0.08224,51.51523],[-0.08287,51.51429],[-0.08133,51.51292]]]},"properties":{"code":"EC3A","area":"EC","colorSlot":2}},{"type":"Feature","geometry":{"type":"Polygon","coordinates":[[[-0.08269,51.51024],[-0.0817,51.51155],[-0.0798,51.51175],[-0.07804,51.51125],[-0.07866,51.51209],[-0.07791,51.51301],[-0.07939,51.51333],[-0.08133,51.51292],[-0.08216,51.51363],[-0.08265,51.51277],[-0.08482,51.5118],[-0.08457,51.51107],[-0.08587,51.5108],[-0.08517,51.51035],[-0.08269,51.51024]]]},"properties":{"code":"EC3M","area":"EC","colorSlot":0}},{"type":"Feature","geometry":{"type":"Polygon","coordinates":[[[-0.07695,51.51374],[-0.07787,51.51261],[-0.07841,51.51274],[-0.07866,51.51209],[-0.07787,51.51143],[-0.07877,51.51159],[-0.07996,51.51053],[-0.07946,51.50988],[-0.07879,51.50985],[-0.07907,51.50915],[-0.07832,51.50832],[-0.08102,51.50726],[-0.07972,51.50627],[-0.07644,51.506],[-0.07565,51.50764],[-0.07478,51.50807],[-0.07483,51.50928],[-0.07364,51.50929],[-0.07148,51.50828],[-0.07092,51.50858],[-0.07178,51.50923],[-0.07118,51.50962],[-0.07145,51.51029],[-0.07225,51.50972],[-0.07441,51.51118],[-0.0741,51.51194],[-0.07441,51.51237],[-0.07394,51.51266],[-0.07463,51.51333],[-0.07372,51.51417],[-0.074,51.51461],[-0.07466,51.51509],[-0.07626,51.51463],[-0.07691,51.51437],[-0.07695,51.51374]]]},"properties":{"code":"EC3N","area":"EC","colorSlot":1}},{"type":"Feature","geometry":{"type":"Polygon","coordinates":[[[-0.08244,51.51033],[-0.08686,51.51033],[-0.08635,51.50868],[-0.08667,51.50781],[-0.08102,51.50726],[-0.07853,51.50815],[-0.07907,51.50915],[-0.07879,51.50985],[-0.07985,51.51009],[-0.07996,51.51053],[-0.07877,51.51159],[-0.0817,51.51155],[-0.08244,51.51033]]]},"properties":{"code":"EC3R","area":"EC","colorSlot":2}},{"type":"Feature","geometry":{"type":"Polygon","coordinates":[[[-0.08216,51.51363],[-0.08265,51.51411],[-0.08446,51.51375],[-0.08442,51.51407],[-0.08818,51.51409],[-0.08952,51.5129],[-0.08776,51.51291],[-0.08798,51.51243],[-0.08554,51.51075],[-0.08457,51.51107],[-0.08482,51.5118],[-0.08265,51.51277],[-0.08216,51.51363]]]},"properties":{"code":"EC3V","area":"EC","colorSlot":1}},{"type":"Feature","geometry":{"type":"Polygon","coordinates":[[[-0.11057,51.51452],[-0.11214,51.51392],[-0.10449,51.51422],[-0.10456,51.51518],[-0.10342,51.51573],[-0.10384,51.51658],[-0.10674,51.51749],[-0.10755,51.51691],[-0.10891,51.51754],[-0.10995,51.51714],[-0.11063,51.5177],[-0.11194,51.51626],[-0.11031,51.51545],[-0.11057,51.51452]]]},"properties":{"code":"EC4A","area":"EC","colorSlot":2}},{"type":"Feature","geometry":{"type":"Polygon","coordinates":[[[-0.09672,51.51224],[-0.09279,51.51267],[-0.09335,51.5137],[-0.09752,51.51411],[-0.09747,51.51506],[-0.10154,51.51568],[-0.1032,51.51677],[-0.10391,51.51651],[-0.10342,51.51573],[-0.10439,51.51537],[-0.10421,51.51403],[-0.10089,51.51359],[-0.0991,51.51285],[-0.09747,51.51331],[-0.09791,51.51239],[-0.09672,51.51224]]]},"properties":{"code":"EC4M","area":"EC","colorSlot":1}},{"type":"Feature","geometry":{"type":"Polygon","coordinates":[[[-0.09279,51.51267],[-0.09411,51.51243],[-0.08972,51.51099],[-0.08944,51.51142],[-0.08736,51.51073],[-0.08601,51.51093],[-0.08798,51.51243],[-0.08775,51.51288],[-0.08952,51.5129],[-0.08934,51.51342],[-0.09013,51.51346],[-0.09118,51.5126],[-0.0908,51.51354],[-0.09287,51.51342],[-0.09279,51.51267]]]},"properties":{"code":"EC4N","area":"EC","colorSlot":2}},{"type":"Feature","geometry":{"type":"Polygon","coordinates":[[[-0.08972,51.51099],[-0.09308,51.51218],[-0.09269,51.51182],[-0.09298,51.51147],[-0.09349,51.51178],[-0.09375,51.51058],[-0.09338,51.51031],[-0.09405,51.50904],[-0.09274,51.50839],[-0.08667,51.50781],[-0.08635,51.50868],[-0.08686,51.51033],[-0.0859,51.5106],[-0.08601,51.51093],[-0.08736,51.51073],[-0.08944,51.51142],[-0.08972,51.51099]]]},"properties":{"code":"EC4R","area":"EC","colorSlot":1}},{"type":"Feature","geometry":{"type":"Polygon","coordinates":[[[-0.09411,51.51243],[-0.09578,51.51204],[-0.09791,51.51239],[-0.09736,51.51326],[-0.0991,51.51285],[-0.10306,51.51393],[-0.10476,51.51395],[-0.10533,51.51226],[-0.10434,51.51183],[-0.10416,51.51096],[-0.10564,51.51131],[-0.10707,51.51049],[-0.10705,51.50974],[-0.10128,51.50986],[-0.09405,51.50904],[-0.09338,51.51031],[-0.09375,51.51058],[-0.09324,51.51086],[-0.09349,51.51178],[-0.09298,51.51147],[-0.09269,51.51182],[-0.09411,51.51243]]]},"properties":{"code":"EC4V","area":"EC","colorSlot":3}},{"type":"Feature","geometry":{"type":"Polygon","coordinates":[[[-0.10416,51.51096],[-0.10434,51.51183],[-0.10525,51.51212],[-0.10443,51.51417],[-0.1119,51.5138],[-0.11258,51.51259],[-0.1121,51.51255],[-0.11291,51.51226],[-0.11235,51.51214],[-0.11201,51.51118],[-0.11041,51.51042],[-0.11035,51.50944],[-0.10705,51.50974],[-0.10707,51.51049],[-0.10564,51.51131],[-0.10416,51.51096]]]},"properties":{"code":"EC4Y","area":"EC","colorSlot":0}},{"type":"Feature","geometry":{"type":"Polygon","coordinates":[[[-0.12203,51.53527],[-0.12339,51.5344],[-0.12299,51.53387],[-0.12328,51.53313],[-0.12247,51.53223],[-0.12338,51.53158],[-0.12278,51.53077],[-0.12183,51.53089],[-0.1211,51.53039],[-0.11857,51.53105],[-0.11614,51.53064],[-0.11488,51.53167],[-0.11388,51.5315],[-0.11328,51.53074],[-0.11172,51.53115],[-0.1112,51.5306],[-0.11018,51.53046],[-0.10897,51.53106],[-0.10821,51.53062],[-0.10773,51.53155],[-0.10646,51.53174],[-0.10486,51.53272],[-0.10424,51.53195],[-0.09982,51.53115],[-0.10046,51.53075],[-0.10027,51.53032],[-0.09678,51.53044],[-0.09678,51.52968],[-0.09592,51.52932],[-0.0947,51.53003],[-0.09433,51.52968],[-0.09538,51.52906],[-0.09323,51.52874],[-0.09248,51.52911],[-0.09179,51.52849],[-0.09043,51.52858],[-0.08955,51.52779],[-0.08766,51.52781],[-0.0883,51.52731],[-0.08809,51.52688],[-0.08741,51.52718],[-0.08654,51.52687],[-0.08678,51.52717],[-0.08577,51.52734],[-0.08528,51.52635],[-0.08448,51.52687],[-0.08407,51.52634],[-0.08334,51.52654],[-0.08326,51.52699],[-0.0809,51.52683],[-0.07773,51.5281],[-0.07888,51.52838],[-0.07915,51.52966],[-0.07765,51.53008],[-0.07678,51.53106],[-0.07724,51.53149],[-0.07669,51.53208],[-0.07781,51.53236],[-0.07734,51.53365],[-0.07828,51.53422],[-0.07678,51.53451],[-0.07784,51.53517],[-0.0771,51.53533],[-0.07733,51.53571],[-0.07668,51.53666],[-0.07826,51.53705],[-0.07766,51.53748],[-0.07811,51.53842],[-0.07725,51.53899],[-0.07764,51.53945],[-0.07681,51.53968],[-0.07642,51.54198],[-0.07572,51.54237],[-0.07702,51.54384],[-0.07564,51.54453],[-0.07649,51.54553],[-0.07578,51.5459],[-0.0769,51.54602],[-0.07755,51.54817],[-0.07889,51.5484],[-0.07778,51.54944],[-0.07964,51.54955],[-0.08062,51.55033],[-0.08336,51.5502],[-0.08293,51.55111],[-0.08321,51.55151],[-0.08453,51.5508],[-0.08523,51.55125],[-0.08718,51.55089],[-0.08742,51.55019],[-0.08708,51.54983],[-0.08877,51.54894],[-0.09173,51.54894],[-0.09543,51.54815],[-0.0961,51.54759],[-0.0975,51.54761],[-0.09802,51.54714],[-0.10103,51.5471],[-0.10144,51.54614],[-0.10263,51.54666],[-0.10327,51.54595],[-0.10739,51.54553],[-0.10882,51.54514],[-0.10994,51.54396],[-0.11256,51.54379],[-0.11514,51.54297],[-0.1157,51.54339],[-0.11786,51.54288],[-0.11869,51.54223],[-0.12213,51.54189],[-0.1235,51.54077],[-0.12379,51.5396],[-0.12576,51.53836],[-0.12325,51.53692],[-0.12319,51.53597],[-0.12203,51.53527]]]},"properties":{"code":"N1","area":"N","colorSlot":1}},{"type":"Feature","geometry":{"type":"Polygon","coordinates":[[[-0.12892,51.53762],[-0.12951,51.53709],[-0.12932,51.53635],[-0.13104,51.53575],[-0.13003,51.53504],[-0.1266,51.53414],[-0.12744,51.53091],[-0.12353,51.53029],[-0.12278,51.53077],[-0.12338,51.53158],[-0.12247,51.53223],[-0.12321,51.5331],[-0.12339,51.5344],[-0.12203,51.53527],[-0.12319,51.53597],[-0.12317,51.53681],[-0.12576,51.53836],[-0.12379,51.5396],[-0.1235,51.54077],[-0.1281,51.54102],[-0.1305,51.54144],[-0.13093,51.54255],[-0.13166,51.54218],[-0.13152,51.54058],[-0.13038,51.53947],[-0.13108,51.53813],[-0.12892,51.53762]]]},"properties":{"code":"N1C","area":"N","colorSlot":3}},{"type":"Feature","geometry":{"type":"Polygon","coordinates":[[[-0.18563,51.59268],[-0.18848,51.59192],[-0.18908,51.59133],[-0.18663,51.58994],[-0.18435,51.59033],[-0.18254,51.58862],[-0.18046,51.588],[-0.18046,51.58764],[-0.18171,51.58723],[-0.18084,51.58642],[-0.18108,51.58487],[-0.18234,51.58509],[-0.1829,51.58465],[-0.18075,51.58402],[-0.18065,51.582],[-0.17958,51.58096],[-0.18103,51.57969],[-0.17939,51.57887],[-0.17965,51.57735],[-0.17851,51.57598],[-0.17442,51.57435],[-0.17622,51.57254],[-0.1747,51.57141],[-0.17327,51.57161],[-0.1734,51.57212],[-0.17212,51.57354],[-0.16918,51.57285],[-0.16865,51.57358],[-0.16886,51.57498],[-0.16985,51.57603],[-0.16795,51.57678],[-0.16514,51.5769],[-0.1635,51.57966],[-0.15645,51.58124],[-0.16133,51.58448],[-0.15847,51.58662],[-0.15641,51.58653],[-0.15446,51.58727],[-0.15342,51.58857],[-0.15227,51.58828],[-0.15242,51.58932],[-0.15325,51.58925],[-0.15365,51.59028],[-0.15262,51.59097],[-0.15281,51.59151],[-0.15123,51.59145],[-0.15098,51.59201],[-0.15249,51.59253],[-0.15548,51.59472],[-0.15544,51.59611],[-0.16247,51.5981],[-0.16369,51.60044],[-0.16264,51.60252],[-0.16422,51.60385],[-0.16843,51.60503],[-0.17004,51.60471],[-0.17068,51.60318],[-0.17303,51.60236],[-0.17326,51.60161],[-0.17592,51.60011],[-0.17688,51.59854],[-0.17848,51.59762],[-0.181,51.59701],[-0.18101,51.59606],[-0.1828,51.59568],[-0.18279,51.59497],[-0.18326,51.59471],[-0.18513,51.59458],[-0.18591,51.59332],[-0.18563,51.59268]]]},"properties":{"code":"N2","area":"N","colorSlot":0}},{"type":"Feature","geometry":{"type":"Polygon","coordinates":[[[-0.20854,51.59752],[-0.21059,51.59528],[-0.21091,51.59409],[-0.21257,51.59433],[-0.21357,51.59388],[-0.21097,51.59193],[-0.21153,51.59022],[-0.2092,51.58911],[-0.20766,51.58923],[-0.20684,51.58803],[-0.20143,51.5892],[-0.20091,51.58971],[-0.19684,51.5893],[-0.19341,51.59025],[-0.19117,51.59009],[-0.18848,51.59192],[-0.18559,51.59259],[-0.18591,51.59332],[-0.18513,51.59458],[-0.18279,51.59497],[-0.1828,51.59568],[-0.18101,51.59606],[-0.181,51.59701],[-0.17848,51.59762],[-0.17688,51.59854],[-0.17591,51.60008],[-0.17398,51.60103],[-0.17494,51.60179],[-0.17423,51.6025],[-0.1756,51.60289],[-0.17689,51.6025],[-0.17807,51.6041],[-0.17941,51.60434],[-0.17982,51.60535],[-0.18169,51.60498],[-0.18231,51.60576],[-0.18103,51.60624],[-0.18049,51.60699],[-0.18276,51.60786],[-0.18216,51.60835],[-0.18239,51.60892],[-0.18148,51.60907],[-0.18171,51.60937],[-0.18397,51.60895],[-0.18485,51.60935],[-0.18534,51.61045],[-0.18688,51.61171],[-0.18923,51.6111],[-0.19096,51.61161],[-0.1911,51.61241],[-0.19429,51.61271],[-0.1946,51.61176],[-0.19419,51.61107],[-0.19881,51.61002],[-0.20068,51.60821],[-0.20248,51.60747],[-0.20176,51.60408],[-0.20241,51.60377],[-0.20413,51.60459],[-0.20423,51.60322],[-0.2071,51.60264],[-0.20913,51.59865],[-0.20854,51.59752]]]},"properties":{"code":"N3","area":"N","colorSlot":2}},{"type":"Feature","geometry":{"type":"Polygon","coordinates":[[[-0.10628,51.57937],[-0.10606,51.57866],[-0.10898,51.57827],[-0.10924,51.5778],[-0.11024,51.578],[-0.11064,51.57781],[-0.1104,51.57735],[-0.11168,51.57709],[-0.11273,51.57766],[-0.11337,51.57685],[-0.11447,51.57646],[-0.11626,51.57651],[-0.11641,51.57546],[-0.11769,51.57559],[-0.1196,51.5743],[-0.12081,51.57418],[-0.12147,51.5732],[-0.12123,51.57266],[-0.11699,51.57048],[-0.1189,51.5693],[-0.11903,51.56827],[-0.12148,51.5682],[-0.12187,51.56692],[-0.12085,51.56687],[-0.12031,51.56601],[-0.12043,51.56529],[-0.119,51.56571],[-0.11926,51.5651],[-0.11884,51.56403],[-0.11771,51.56359],[-0.11283,51.56552],[-0.11288,51.56468],[-0.11227,51.56461],[-0.11167,51.56289],[-0.11103,51.5625],[-0.11049,51.56285],[-0.11047,51.56224],[-0.1099,51.56208],[-0.11042,51.56151],[-0.1099,51.56085],[-0.10922,51.56087],[-0.10915,51.56176],[-0.1084,51.56223],[-0.10689,51.56244],[-0.10644,51.56204],[-0.10743,51.56022],[-0.10687,51.55946],[-0.10512,51.56033],[-0.10323,51.56036],[-0.103,51.5596],[-0.1038,51.55969],[-0.10397,51.55925],[-0.1006,51.55886],[-0.10161,51.55969],[-0.10117,51.56046],[-0.09988,51.56013],[-0.09632,51.56164],[-0.09356,51.56097],[-0.09313,51.56047],[-0.0925,51.56078],[-0.0904,51.5605],[-0.09038,51.56137],[-0.08899,51.56237],[-0.08954,51.56359],[-0.09077,51.56422],[-0.09199,51.56389],[-0.09226,51.56429],[-0.09186,51.56472],[-0.09207,51.56544],[-0.0906,51.56732],[-0.08958,51.57017],[-0.08547,51.57129],[-0.08478,51.57259],[-0.08338,51.57348],[-0.08454,51.57376],[-0.08491,51.57457],[-0.08611,51.57431],[-0.08643,51.57522],[-0.08753,51.57614],[-0.08685,51.57654],[-0.08777,51.57682],[-0.08772,51.57767],[-0.08686,51.57806],[-0.08659,51.57926],[-0.08935,51.58027],[-0.09069,51.5795],[-0.09239,51.57991],[-0.09264,51.58103],[-0.09728,51.58117],[-0.09945,51.58232],[-0.10057,51.58205],[-0.10066,51.58162],[-0.10241,51.58175],[-0.10796,51.58071],[-0.108,51.58028],[-0.10628,51.57937]]]},"properties":{"code":"N4","area":"N","colorSlot":0}},{"type":"Feature","geometry":{"type":"Polygon","coordinates":[[[-0.10825,51.5517],[-0.10883,51.551],[-0.10955,51.55137],[-0.10949,51.55066],[-0.10864,51.55071],[-0.10863,51.55],[-0.10764,51.54978],[-0.10781,51.54889],[-0.10649,51.54895],[-0.10518,51.54735],[-0.10428,51.54719],[-0.10474,51.54607],[-0.10327,51.54595],[-0.10288,51.54595],[-0.10269,51.54666],[-0.10144,51.54614],[-0.10115,51.54707],[-0.09826,51.54712],[-0.09173,51.54894],[-0.08804,51.54915],[-0.08708,51.54983],[-0.08718,51.55083],[-0.08591,51.55113],[-0.08649,51.55151],[-0.08614,51.55193],[-0.08718,51.55193],[-0.08814,51.55314],[-0.08901,51.5534],[-0.08894,51.55403],[-0.09008,51.55408],[-0.09034,51.55441],[-0.08961,51.5547],[-0.0912,51.55592],[-0.09102,51.55649],[-0.09175,51.55706],[-0.0907,51.5576],[-0.0896,51.55938],[-0.09022,51.56],[-0.09241,51.56015],[-0.0925,51.56078],[-0.09353,51.56046],[-0.09356,51.56097],[-0.09632,51.56164],[-0.09986,51.56014],[-0.10117,51.56046],[-0.10161,51.55969],[-0.1006,51.55886],[-0.10397,51.55925],[-0.1038,51.55969],[-0.103,51.5596],[-0.10323,51.56036],[-0.10512,51.56033],[-0.10732,51.55919],[-0.10932,51.557],[-0.10939,51.55635],[-0.10882,51.55491],[-0.1063,51.55309],[-0.10825,51.5517]]]},"properties":{"code":"N5","area":"N","colorSlot":4}},{"type":"Feature","geometry":{"type":"Polygon","coordinates":[[[-0.16345,51.5693],[-0.16666,51.56605],[-0.16676,51.5649],[-0.16603,51.5643],[-0.16267,51.56361],[-0.157,51.5599],[-0.15158,51.56042],[-0.15063,51.56119],[-0.15078,51.5618],[-0.1493,51.5612],[-0.1492,51.56185],[-0.14796,51.56159],[-0.14749,51.56191],[-0.14722,51.56283],[-0.1461,51.56215],[-0.14567,51.56305],[-0.14624,51.56348],[-0.14454,51.56557],[-0.1451,51.56764],[-0.14237,51.569],[-0.14111,51.56835],[-0.14048,51.5688],[-0.1393,51.56833],[-0.13814,51.56942],[-0.13787,51.57041],[-0.1343,51.57163],[-0.1328,51.57327],[-0.13068,51.57363],[-0.13024,51.57312],[-0.12799,51.57439],[-0.12775,51.57353],[-0.1269,51.57358],[-0.12687,51.57404],[-0.12767,51.5746],[-0.1299,51.57497],[-0.12894,51.57616],[-0.13223,51.57615],[-0.13333,51.57665],[-0.13258,51.57738],[-0.13299,51.57839],[-0.13154,51.57986],[-0.13171,51.58025],[-0.13355,51.58032],[-0.1357,51.5813],[-0.13634,51.58013],[-0.13864,51.57964],[-0.14014,51.57972],[-0.14253,51.58143],[-0.14524,51.58083],[-0.1507,51.58092],[-0.15286,51.58244],[-0.15075,51.5842],[-0.15294,51.58512],[-0.15409,51.58617],[-0.15396,51.58702],[-0.15484,51.58735],[-0.15641,51.58653],[-0.15847,51.58662],[-0.16133,51.58448],[-0.15645,51.58124],[-0.16344,51.57966],[-0.16514,51.5769],[-0.16795,51.57678],[-0.16985,51.57603],[-0.16886,51.57498],[-0.16865,51.57358],[-0.16918,51.57285],[-0.16588,51.57201],[-0.16345,51.5693]]]},"properties":{"code":"N6","area":"N","colorSlot":2}},{"type":"Feature","geometry":{"type":"Polygon","coordinates":[[[-0.13079,51.5506],[-0.13149,51.55006],[-0.13122,51.54936],[-0.12773,51.54802],[-0.12719,51.54627],[-0.1276,51.54591],[-0.12627,51.54589],[-0.12712,51.54472],[-0.1261,51.54375],[-0.12687,51.54319],[-0.12519,51.54255],[-0.12579,51.54213],[-0.1255,51.54168],[-0.12587,51.54109],[-0.1235,51.54077],[-0.12213,51.54189],[-0.11937,51.54204],[-0.11732,51.54305],[-0.1157,51.54339],[-0.11537,51.54295],[-0.11407,51.54348],[-0.11304,51.54329],[-0.11256,51.54379],[-0.10994,51.54396],[-0.10904,51.54449],[-0.10907,51.54505],[-0.10474,51.54607],[-0.10429,51.5471],[-0.10503,51.54721],[-0.10649,51.54895],[-0.10781,51.54889],[-0.10764,51.54978],[-0.10842,51.54987],[-0.10853,51.55066],[-0.10938,51.55058],[-0.10955,51.55137],[-0.10894,51.55103],[-0.10609,51.55289],[-0.10882,51.55491],[-0.10939,51.55635],[-0.10932,51.557],[-0.10698,51.55935],[-0.10743,51.56022],[-0.10632,51.56185],[-0.10689,51.56244],[-0.10804,51.56235],[-0.10915,51.56176],[-0.10922,51.56087],[-0.1099,51.56085],[-0.11042,51.56151],[-0.10986,51.56202],[-0.11046,51.56223],[-0.11041,51.56275],[-0.11103,51.5625],[-0.11169,51.56286],[-0.11177,51.56373],[-0.11227,51.56461],[-0.11288,51.56468],[-0.11283,51.56552],[-0.11319,51.56563],[-0.11553,51.5647],[-0.11671,51.56367],[-0.11885,51.56392],[-0.11853,51.56358],[-0.12028,51.56316],[-0.1214,51.56221],[-0.12328,51.5619],[-0.12344,51.56123],[-0.12457,51.56034],[-0.12308,51.55958],[-0.12473,51.55835],[-0.12781,51.55847],[-0.12891,51.55787],[-0.12968,51.55819],[-0.13008,51.55922],[-0.13148,51.55776],[-0.13262,51.55831],[-0.13182,51.55881],[-0.13236,51.55948],[-0.13533,51.55908],[-0.13592,51.55861],[-0.13589,51.55818],[-0.135,51.5578],[-0.13563,51.557],[-0.13353,51.55631],[-0.13374,51.55563],[-0.13335,51.55535],[-0.13382,51.55476],[-0.13526,51.55474],[-0.13507,51.5541],[-0.13305,51.55456],[-0.1318,51.55341],[-0.1332,51.55266],[-0.13294,51.55205],[-0.13244,51.55216],[-0.13232,51.55166],[-0.13153,51.55145],[-0.13177,51.55099],[-0.13079,51.5506]]]},"properties":{"code":"N7","area":"N","colorSlot":2}},{"type":"Feature","geometry":{"type":"Polygon","coordinates":[[[-0.09945,51.58678],[-0.10027,51.587],[-0.1006,51.58792],[-0.10229,51.58822],[-0.10317,51.58927],[-0.10345,51.59062],[-0.10534,51.59131],[-0.10646,51.59276],[-0.10669,51.59224],[-0.10767,51.59216],[-0.10769,51.59313],[-0.11157,51.59363],[-0.11246,51.59266],[-0.11208,51.59192],[-0.11374,51.591],[-0.11758,51.5928],[-0.11961,51.59446],[-0.12517,51.59463],[-0.12712,51.59322],[-0.13116,51.59196],[-0.13178,51.59091],[-0.13363,51.58982],[-0.13297,51.58848],[-0.13385,51.58776],[-0.13366,51.58746],[-0.13482,51.58706],[-0.1342,51.58559],[-0.135,51.5839],[-0.13462,51.58329],[-0.1359,51.58215],[-0.1357,51.5813],[-0.13355,51.58032],[-0.13171,51.58025],[-0.13154,51.57986],[-0.13285,51.57862],[-0.13258,51.57738],[-0.13333,51.57665],[-0.13223,51.57615],[-0.12894,51.57616],[-0.1299,51.57497],[-0.12687,51.57404],[-0.1242,51.57409],[-0.12137,51.57351],[-0.12081,51.57418],[-0.1196,51.5743],[-0.11769,51.57559],[-0.11641,51.57546],[-0.11626,51.57651],[-0.11447,51.57646],[-0.11293,51.57744],[-0.11168,51.57709],[-0.11045,51.57731],[-0.11035,51.57799],[-0.10924,51.5778],[-0.10902,51.57828],[-0.10606,51.57866],[-0.10628,51.57937],[-0.108,51.58028],[-0.10762,51.58081],[-0.10241,51.58173],[-0.10066,51.58162],[-0.09932,51.58285],[-0.09961,51.58406],[-0.09834,51.58403],[-0.09979,51.58524],[-0.09868,51.58554],[-0.09923,51.58611],[-0.09868,51.58671],[-0.09945,51.58678]]]},"properties":{"code":"N8","area":"N","colorSlot":1}},{"type":"Feature","geometry":{"type":"Polygon","coordinates":[[[-0.06495,51.6353],[-0.06707,51.63472],[-0.06859,51.63524],[-0.06848,51.63439],[-0.06946,51.63411],[-0.07117,51.63448],[-0.07188,51.63392],[-0.07314,51.63422],[-0.07551,51.6334],[-0.07559,51.63457],[-0.07655,51.63593],[-0.07819,51.635],[-0.07912,51.63644],[-0.08164,51.63689],[-0.08273,51.63616],[-0.0829,51.63496],[-0.08195,51.63458],[-0.08226,51.6341],[-0.08181,51.63315],[-0.08056,51.63272],[-0.08184,51.63127],[-0.08007,51.6284],[-0.08308,51.62782],[-0.08535,51.62666],[-0.08463,51.62555],[-0.08219,51.62467],[-0.0819,51.62404],[-0.08358,51.62312],[-0.08339,51.62153],[-0.08023,51.62125],[-0.07919,51.62173],[-0.0789,51.62089],[-0.07661,51.62093],[-0.07597,51.62014],[-0.07387,51.6197],[-0.07202,51.61989],[-0.06909,51.61851],[-0.06684,51.61873],[-0.06525,51.61812],[-0.06355,51.6184],[-0.06138,51.61774],[-0.06017,51.61889],[-0.05773,51.61798],[-0.05581,51.61829],[-0.05502,51.61776],[-0.05313,51.6193],[-0.05389,51.62085],[-0.0529,51.62121],[-0.04887,51.6203],[-0.04736,51.62115],[-0.04448,51.6212],[-0.04168,51.62045],[-0.04129,51.61893],[-0.03512,51.61792],[-0.03231,51.62062],[-0.03211,51.62181],[-0.0302,51.62261],[-0.0277,51.62517],[-0.02682,51.62877],[-0.02708,51.63014],[-0.02579,51.63144],[-0.02474,51.63373],[-0.03421,51.63578],[-0.0348,51.63807],[-0.0376,51.63882],[-0.03953,51.6386],[-0.04186,51.64019],[-0.04422,51.6393],[-0.04825,51.64021],[-0.04866,51.64087],[-0.04955,51.6401],[-0.05111,51.64107],[-0.0543,51.64115],[-0.05446,51.64225],[-0.05373,51.64259],[-0.05518,51.64347],[-0.05567,51.64341],[-0.05683,51.64147],[-0.05791,51.64151],[-0.05797,51.64046],[-0.05911,51.64033],[-0.0609,51.63885],[-0.0616,51.63896],[-0.06263,51.63824],[-0.06261,51.63764],[-0.06495,51.6353]]]},"properties":{"code":"N9","area":"N","colorSlot":0}},{"type":"Feature","geometry":{"type":"Polygon","coordinates":[[[-0.15116,51.59229],[-0.15123,51.59145],[-0.15263,51.59163],[-0.15262,51.59097],[-0.1536,51.59031],[-0.15325,51.58925],[-0.15242,51.58932],[-0.15227,51.58828],[-0.15342,51.58857],[-0.15446,51.58727],[-0.15396,51.58702],[-0.15409,51.58617],[-0.15294,51.58512],[-0.15075,51.5842],[-0.15286,51.58244],[-0.14983,51.58068],[-0.14524,51.58083],[-0.14253,51.58143],[-0.14014,51.57972],[-0.13798,51.57969],[-0.13634,51.58013],[-0.1357,51.5813],[-0.13591,51.58211],[-0.13462,51.58329],[-0.1342,51.58559],[-0.13492,51.58683],[-0.13366,51.58746],[-0.13385,51.58776],[-0.13297,51.58848],[-0.13376,51.58963],[-0.13178,51.59091],[-0.13116,51.59196],[-0.13158,51.59218],[-0.13206,51.595],[-0.13103,51.59605],[-0.13412,51.59673],[-0.13451,51.59776],[-0.13623,51.59794],[-0.1368,51.59868],[-0.13886,51.59966],[-0.14043,51.60195],[-0.13835,51.60442],[-0.1388,51.6055],[-0.13845,51.60686],[-0.13957,51.60834],[-0.14318,51.60957],[-0.14568,51.60829],[-0.1479,51.60782],[-0.15046,51.60635],[-0.15391,51.60672],[-0.15448,51.60573],[-0.15581,51.60547],[-0.15866,51.60645],[-0.16068,51.60342],[-0.16264,51.60252],[-0.16366,51.60063],[-0.16263,51.59818],[-0.15544,51.59611],[-0.15549,51.59473],[-0.15268,51.59267],[-0.15116,51.59229]]]},"properties":{"code":"N10","area":"N","colorSlot":3}},{"type":"Feature","geometry":{"type":"Polygon","coordinates":[[[-0.15122,51.6222],[-0.15249,51.62166],[-0.15318,51.62224],[-0.15656,51.62108],[-0.15636,51.62058],[-0.15405,51.6196],[-0.15502,51.61877],[-0.1582,51.61863],[-0.15866,51.61804],[-0.16156,51.61818],[-0.15961,51.61665],[-0.16027,51.61622],[-0.15935,51.6151],[-0.16029,51.61482],[-0.15945,51.61406],[-0.16027,51.6133],[-0.15872,51.61324],[-0.15807,51.61196],[-0.15686,51.61166],[-0.1572,51.61077],[-0.15648,51.60911],[-0.15695,51.60864],[-0.15391,51.60672],[-0.15046,51.60635],[-0.1479,51.60782],[-0.14568,51.60829],[-0.14319,51.60957],[-0.13957,51.60834],[-0.13845,51.60686],[-0.1388,51.6055],[-0.13835,51.60442],[-0.14003,51.60215],[-0.13848,51.60144],[-0.13536,51.60137],[-0.13258,51.60241],[-0.13132,51.60188],[-0.12966,51.60266],[-0.12984,51.60299],[-0.12767,51.60339],[-0.12687,51.60306],[-0.12655,51.60216],[-0.12423,51.60167],[-0.12365,51.60204],[-0.12309,51.60427],[-0.12164,51.60543],[-0.12185,51.60584],[-0.12123,51.6067],[-0.11869,51.60842],[-0.11868,51.60929],[-0.11797,51.60977],[-0.12024,51.61057],[-0.12149,51.61008],[-0.12232,51.61067],[-0.12162,51.61114],[-0.12123,51.61209],[-0.12177,51.61223],[-0.12086,51.61308],[-0.12186,51.61428],[-0.12692,51.61485],[-0.12823,51.6154],[-0.12664,51.61659],[-0.12669,51.61718],[-0.12776,51.61788],[-0.1296,51.61793],[-0.13385,51.61928],[-0.1352,51.62021],[-0.13569,51.62301],[-0.1388,51.62387],[-0.13994,51.62361],[-0.14368,51.62419],[-0.14331,51.62708],[-0.14421,51.62893],[-0.14511,51.62978],[-0.14879,51.6302],[-0.14947,51.63071],[-0.14902,51.63162],[-0.15036,51.63148],[-0.15062,51.63056],[-0.1517,51.63088],[-0.15377,51.62999],[-0.15279,51.62945],[-0.15372,51.62748],[-0.15337,51.62684],[-0.15413,51.625],[-0.15195,51.62418],[-0.15122,51.6222]]]},"properties":{"code":"N11","area":"N","colorSlot":0}},{"type":"Feature","geometry":{"type":"Polygon","coordinates":[[[-0.15839,51.61301],[-0.16027,51.6133],[-0.15945,51.61406],[-0.16029,51.61482],[-0.15936,51.61509],[-0.16027,51.61622],[-0.15961,51.61665],[-0.15979,51.61694],[-0.1636,51.61878],[-0.16446,51.61996],[-0.16809,51.62089],[-0.16864,51.62214],[-0.16989,51.62326],[-0.1709,51.62339],[-0.17385,51.62209],[-0.1763,51.62236],[-0.17862,51.6245],[-0.1821,51.62339],[-0.18352,51.62465],[-0.18483,51.62425],[-0.18498,51.62364],[-0.18694,51.62242],[-0.1874,51.62345],[-0.18923,51.62324],[-0.19024,51.62442],[-0.19131,51.62385],[-0.19308,51.62476],[-0.19646,51.62339],[-0.2,51.62421],[-0.20646,51.62476],[-0.20525,51.62124],[-0.2075,51.61862],[-0.20475,51.6155],[-0.20296,51.61442],[-0.20233,51.61334],[-0.20012,51.61215],[-0.19881,51.61002],[-0.19419,51.61107],[-0.1946,51.61176],[-0.19441,51.61256],[-0.1911,51.61241],[-0.19096,51.61161],[-0.18923,51.6111],[-0.18688,51.61171],[-0.18534,51.61045],[-0.18491,51.60936],[-0.18397,51.60895],[-0.18171,51.60937],[-0.18148,51.60907],[-0.18233,51.609],[-0.18216,51.60835],[-0.18276,51.60786],[-0.18169,51.60713],[-0.18072,51.60709],[-0.18103,51.60624],[-0.18225,51.60582],[-0.18169,51.60498],[-0.17996,51.60543],[-0.17941,51.60434],[-0.17807,51.6041],[-0.17689,51.6025],[-0.17423,51.6025],[-0.17512,51.602],[-0.1739,51.60122],[-0.17303,51.60236],[-0.17078,51.60309],[-0.17004,51.60471],[-0.16941,51.60501],[-0.16548,51.60432],[-0.16264,51.60252],[-0.16068,51.60342],[-0.15866,51.60645],[-0.15581,51.60547],[-0.15448,51.60573],[-0.15402,51.60705],[-0.15695,51.60864],[-0.15648,51.60911],[-0.15726,51.61068],[-0.15686,51.61166],[-0.15807,51.61196],[-0.15839,51.61301]]]},"properties":{"code":"N12","area":"N","colorSlot":1}},{"type":"Feature","geometry":{"type":"Polygon","coordinates":[[[-0.11867,51.61027],[-0.11797,51.60977],[-0.11686,51.61031],[-0.11558,51.60972],[-0.115,51.61055],[-0.11547,51.61141],[-0.11426,51.61272],[-0.11343,51.61287],[-0.11258,51.61267],[-0.11276,51.61116],[-0.11338,51.61029],[-0.11331,51.60867],[-0.10922,51.60815],[-0.10825,51.60854],[-0.10661,51.608],[-0.10598,51.60912],[-0.10434,51.60814],[-0.10308,51.60884],[-0.10177,51.60853],[-0.10059,51.60675],[-0.09945,51.6062],[-0.09658,51.60634],[-0.096,51.60712],[-0.095,51.60743],[-0.0952,51.60843],[-0.09433,51.60998],[-0.09686,51.6113],[-0.09659,51.61261],[-0.09521,51.61262],[-0.09481,51.61317],[-0.09299,51.61275],[-0.09306,51.61407],[-0.09057,51.61386],[-0.08933,51.61545],[-0.08656,51.61635],[-0.08638,51.61723],[-0.08712,51.61812],[-0.08648,51.62021],[-0.08483,51.62026],[-0.08406,51.62141],[-0.08357,51.62145],[-0.08354,51.62308],[-0.0819,51.62404],[-0.08219,51.62467],[-0.08463,51.62555],[-0.08535,51.62666],[-0.08603,51.62669],[-0.08747,51.62643],[-0.08834,51.62488],[-0.0901,51.62435],[-0.09102,51.62445],[-0.09211,51.62561],[-0.09306,51.62522],[-0.09591,51.62565],[-0.09593,51.62431],[-0.09704,51.62346],[-0.09822,51.62364],[-0.09861,51.62385],[-0.09799,51.62646],[-0.09898,51.62744],[-0.10032,51.62663],[-0.10152,51.62784],[-0.10253,51.62649],[-0.10338,51.6265],[-0.1044,51.6258],[-0.10615,51.6257],[-0.10646,51.62664],[-0.107,51.62677],[-0.10982,51.62621],[-0.10984,51.6268],[-0.11275,51.62732],[-0.11518,51.62876],[-0.11575,51.63059],[-0.11745,51.63043],[-0.11833,51.62879],[-0.11627,51.62724],[-0.11705,51.62574],[-0.11499,51.62447],[-0.11391,51.6245],[-0.113,51.62351],[-0.11381,51.62334],[-0.116,51.62086],[-0.11577,51.62061],[-0.11732,51.62008],[-0.11778,51.62083],[-0.11952,51.62143],[-0.12197,51.62114],[-0.12215,51.62041],[-0.12012,51.61899],[-0.12221,51.61846],[-0.12277,51.61679],[-0.12403,51.61581],[-0.12374,51.61465],[-0.122,51.61448],[-0.12086,51.61308],[-0.12177,51.61223],[-0.12123,51.61209],[-0.12147,51.61117],[-0.12232,51.61067],[-0.12149,51.61008],[-0.12024,51.61057],[-0.11867,51.61027]]]},"properties":{"code":"N13","area":"N","colorSlot":1}},{"type":"Feature","geometry":{"type":"Polygon","coordinates":[[[-0.13576,51.64676],[-0.13732,51.64738],[-0.13769,51.64679],[-0.14132,51.64646],[-0.14188,51.64538],[-0.14297,51.64545],[-0.14348,51.64634],[-0.14511,51.64544],[-0.14552,51.64615],[-0.14666,51.6459],[-0.14623,51.64498],[-0.14672,51.64472],[-0.14666,51.64388],[-0.14745,51.64337],[-0.14737,51.64199],[-0.15031,51.63966],[-0.15046,51.63899],[-0.14776,51.63871],[-0.14694,51.63624],[-0.1454,51.63588],[-0.14452,51.63441],[-0.14259,51.63327],[-0.14446,51.63278],[-0.14579,51.63069],[-0.14738,51.63166],[-0.1483,51.63126],[-0.14902,51.63162],[-0.14947,51.63071],[-0.14786,51.62991],[-0.1453,51.62986],[-0.14425,51.62906],[-0.14333,51.6273],[-0.14368,51.62419],[-0.13994,51.62361],[-0.1388,51.62387],[-0.13569,51.62301],[-0.1352,51.62021],[-0.13385,51.61928],[-0.12962,51.61794],[-0.12776,51.61788],[-0.12669,51.61718],[-0.12664,51.61659],[-0.12823,51.6154],[-0.12692,51.61485],[-0.12374,51.61465],[-0.12403,51.61581],[-0.12277,51.61679],[-0.12221,51.61846],[-0.12025,51.61876],[-0.12215,51.62041],[-0.12197,51.62114],[-0.11952,51.62143],[-0.11733,51.62032],[-0.11605,51.62045],[-0.11381,51.62334],[-0.11305,51.62339],[-0.11391,51.6245],[-0.11499,51.62447],[-0.117,51.62565],[-0.11627,51.62724],[-0.11833,51.62879],[-0.11745,51.63043],[-0.11575,51.63059],[-0.11313,51.63292],[-0.11806,51.63601],[-0.11651,51.63771],[-0.11531,51.63746],[-0.11491,51.63805],[-0.11545,51.63841],[-0.11379,51.6396],[-0.11672,51.63955],[-0.11738,51.64088],[-0.11918,51.64154],[-0.11729,51.64329],[-0.11605,51.64341],[-0.11593,51.64419],[-0.11767,51.64431],[-0.1188,51.64594],[-0.11971,51.6455],[-0.12127,51.64593],[-0.12203,51.64479],[-0.12364,51.64567],[-0.12381,51.64681],[-0.12523,51.64688],[-0.12573,51.64738],[-0.12499,51.64817],[-0.12548,51.64874],[-0.12752,51.6491],[-0.12671,51.6503],[-0.13106,51.65445],[-0.12151,51.65945],[-0.12606,51.66483],[-0.1358,51.66429],[-0.13318,51.65828],[-0.13252,51.65387],[-0.1368,51.65276],[-0.13456,51.64983],[-0.13576,51.64676]]]},"properties":{"code":"N14","area":"N","colorSlot":2}},{"type":"Feature","geometry":{"type":"Polygon","coordinates":[[[-0.09574,51.58114],[-0.09264,51.58103],[-0.09239,51.57991],[-0.09088,51.57947],[-0.08935,51.58027],[-0.08659,51.57926],[-0.08669,51.57806],[-0.08801,51.57745],[-0.08786,51.57695],[-0.08694,51.57662],[-0.08753,51.57614],[-0.08678,51.57524],[-0.0848,51.57478],[-0.08436,51.5753],[-0.08341,51.57509],[-0.08154,51.5758],[-0.08047,51.57518],[-0.07653,51.57517],[-0.07599,51.57458],[-0.07482,51.57448],[-0.07395,51.57548],[-0.07172,51.57591],[-0.07121,51.57556],[-0.07008,51.5761],[-0.06889,51.57554],[-0.06874,51.57637],[-0.06716,51.57602],[-0.06651,51.57669],[-0.06467,51.57694],[-0.0541,51.57683],[-0.05457,51.57882],[-0.05814,51.57972],[-0.05944,51.58174],[-0.06164,51.58319],[-0.05971,51.58509],[-0.06125,51.58633],[-0.06037,51.58774],[-0.0671,51.5888],[-0.06968,51.58828],[-0.06938,51.58895],[-0.07167,51.58918],[-0.07204,51.59076],[-0.07156,51.59115],[-0.07257,51.59127],[-0.07323,51.59065],[-0.07424,51.59074],[-0.07428,51.58982],[-0.07596,51.58996],[-0.07712,51.58941],[-0.07824,51.58981],[-0.07838,51.58939],[-0.08105,51.5896],[-0.08154,51.58911],[-0.08392,51.58891],[-0.08514,51.58792],[-0.08645,51.5879],[-0.08799,51.58719],[-0.08873,51.58738],[-0.09022,51.58895],[-0.0943,51.58885],[-0.09543,51.58933],[-0.09571,51.58997],[-0.09685,51.59015],[-0.09764,51.59115],[-0.09856,51.59098],[-0.09899,51.59172],[-0.1013,51.59109],[-0.10206,51.59129],[-0.10214,51.59056],[-0.10322,51.59072],[-0.10348,51.59015],[-0.10288,51.58875],[-0.10183,51.58803],[-0.10062,51.58793],[-0.09997,51.58684],[-0.09868,51.58671],[-0.09923,51.58611],[-0.09875,51.58568],[-0.09979,51.58524],[-0.09835,51.58423],[-0.09961,51.58406],[-0.09945,51.58232],[-0.09729,51.58118],[-0.09574,51.58114]]]},"properties":{"code":"N15","area":"N","colorSlot":2}},{"type":"Feature","geometry":{"type":"Polygon","coordinates":[[[-0.0675,51.5722],[-0.06918,51.57144],[-0.07038,51.57233],[-0.07183,51.57209],[-0.07224,51.57265],[-0.07166,51.57303],[-0.07237,51.57338],[-0.07112,51.57394],[-0.07005,51.57313],[-0.06736,51.57326],[-0.0672,51.57246],[-0.06554,51.57291],[-0.06433,51.57248],[-0.06247,51.57371],[-0.06089,51.57366],[-0.05404,51.57672],[-0.06467,51.57694],[-0.06651,51.57669],[-0.06696,51.57603],[-0.06874,51.57637],[-0.06889,51.57554],[-0.07008,51.5761],[-0.07109,51.57561],[-0.07172,51.57591],[-0.07395,51.57548],[-0.07402,51.57492],[-0.07482,51.57448],[-0.07599,51.57458],[-0.07653,51.57517],[-0.08047,51.57518],[-0.08154,51.5758],[-0.08341,51.57509],[-0.08436,51.5753],[-0.08468,51.57484],[-0.08643,51.57522],[-0.08611,51.57431],[-0.08491,51.57457],[-0.08338,51.57348],[-0.08478,51.57259],[-0.0854,51.5713],[-0.08957,51.57018],[-0.09059,51.56733],[-0.09207,51.56544],[-0.09217,51.56399],[-0.09077,51.56422],[-0.08954,51.56359],[-0.08899,51.56237],[-0.09038,51.56137],[-0.0904,51.5605],[-0.09241,51.56015],[-0.09022,51.56],[-0.08959,51.5594],[-0.0907,51.5576],[-0.09175,51.55706],[-0.09104,51.55659],[-0.0912,51.55592],[-0.08961,51.55483],[-0.09034,51.55441],[-0.09008,51.55408],[-0.08894,51.55403],[-0.08909,51.55355],[-0.08814,51.55314],[-0.08743,51.55197],[-0.08614,51.55193],[-0.08649,51.55151],[-0.08591,51.55113],[-0.08453,51.5508],[-0.08321,51.55151],[-0.08293,51.55111],[-0.08336,51.5502],[-0.08062,51.55033],[-0.07968,51.54959],[-0.07778,51.54944],[-0.07892,51.54864],[-0.07834,51.54811],[-0.07759,51.54819],[-0.07703,51.54703],[-0.07599,51.54714],[-0.07618,51.54654],[-0.07525,51.54654],[-0.07634,51.54759],[-0.07551,51.54744],[-0.07511,51.54782],[-0.0758,51.54804],[-0.07565,51.54926],[-0.07607,51.54954],[-0.07418,51.55066],[-0.0752,51.55115],[-0.07438,51.55176],[-0.07544,51.55231],[-0.07197,51.5531],[-0.07162,51.55415],[-0.07075,51.55373],[-0.0679,51.55434],[-0.06824,51.55478],[-0.06696,51.55523],[-0.06674,51.55607],[-0.06771,51.55673],[-0.06765,51.55756],[-0.06655,51.558],[-0.06568,51.55759],[-0.0624,51.55963],[-0.06316,51.56035],[-0.06303,51.56114],[-0.06503,51.5613],[-0.0658,51.56271],[-0.06501,51.5633],[-0.06571,51.56382],[-0.06338,51.56464],[-0.06338,51.56554],[-0.06214,51.56526],[-0.06146,51.56548],[-0.06149,51.56601],[-0.06012,51.56587],[-0.06023,51.56641],[-0.06199,51.56739],[-0.06147,51.56828],[-0.06204,51.56884],[-0.06333,51.56873],[-0.06268,51.56951],[-0.06314,51.57011],[-0.06576,51.57015],[-0.06605,51.57057],[-0.06522,51.57137],[-0.0675,51.5722]]]},"properties":{"code":"N16","area":"N","colorSlot":3}},{"type":"Feature","geometry":{"type":"Polygon","coordinates":[[[-0.06799,51.60814],[-0.0696,51.60824],[-0.07198,51.60947],[-0.07598,51.60843],[-0.0773,51.60917],[-0.0784,51.60841],[-0.08045,51.60815],[-0.08276,51.60862],[-0.08367,51.60766],[-0.08467,51.60836],[-0.08949,51.60862],[-0.09071,51.60917],[-0.09122,51.6089],[-0.09433,51.60998],[-0.09529,51.60858],[-0.095,51.60743],[-0.096,51.60712],[-0.09658,51.60634],[-0.09442,51.60534],[-0.09505,51.6037],[-0.09341,51.60178],[-0.09177,51.60135],[-0.09317,51.59977],[-0.09154,51.59858],[-0.09277,51.59862],[-0.09213,51.59746],[-0.09336,51.59719],[-0.09362,51.59658],[-0.09226,51.59651],[-0.09229,51.59583],[-0.09119,51.59526],[-0.09122,51.59453],[-0.09262,51.59288],[-0.09248,51.59248],[-0.09553,51.59162],[-0.09685,51.59015],[-0.09571,51.58997],[-0.09543,51.58933],[-0.09433,51.58893],[-0.09023,51.589],[-0.08883,51.58743],[-0.08799,51.58719],[-0.08107,51.58959],[-0.07838,51.58939],[-0.07824,51.58981],[-0.07712,51.58941],[-0.07617,51.58997],[-0.0745,51.58965],[-0.07424,51.59074],[-0.07156,51.59115],[-0.07204,51.59076],[-0.072,51.58959],[-0.07124,51.58885],[-0.06938,51.58895],[-0.06968,51.58828],[-0.0671,51.5888],[-0.06037,51.58774],[-0.06134,51.58651],[-0.05971,51.58509],[-0.06164,51.58319],[-0.05944,51.58174],[-0.05814,51.57972],[-0.05457,51.57882],[-0.05234,51.5813],[-0.05076,51.58235],[-0.0479,51.58321],[-0.04733,51.58488],[-0.04881,51.59],[-0.05005,51.59181],[-0.04995,51.59328],[-0.04745,51.59525],[-0.04595,51.59812],[-0.04592,51.60112],[-0.04526,51.6021],[-0.04082,51.60496],[-0.0419,51.60617],[-0.04482,51.60748],[-0.04833,51.60691],[-0.04927,51.60731],[-0.05035,51.60814],[-0.05007,51.60934],[-0.05519,51.60923],[-0.05566,51.60886],[-0.05808,51.6089],[-0.05943,51.60828],[-0.06094,51.60892],[-0.06306,51.60852],[-0.06333,51.60792],[-0.06439,51.60794],[-0.06469,51.60878],[-0.0665,51.60905],[-0.06799,51.60814]]]},"properties":{"code":"N17","area":"N","colorSlot":3}},{"type":"Feature","geometry":{"type":"Polygon","coordinates":[[[-0.08357,51.62145],[-0.08406,51.62141],[-0.08463,51.62024],[-0.08648,51.62021],[-0.08719,51.61905],[-0.08716,51.61823],[-0.08638,51.61723],[-0.08656,51.61635],[-0.08919,51.6155],[-0.09057,51.61386],[-0.09302,51.6141],[-0.09299,51.61275],[-0.09465,51.61323],[-0.09521,51.61262],[-0.09659,51.61261],[-0.09686,51.6113],[-0.09122,51.6089],[-0.09071,51.60917],[-0.08949,51.60862],[-0.08467,51.60836],[-0.08369,51.60765],[-0.08276,51.60862],[-0.08045,51.60815],[-0.0784,51.60841],[-0.07747,51.60915],[-0.07598,51.60843],[-0.07198,51.60947],[-0.0696,51.60824],[-0.06799,51.60814],[-0.0665,51.60905],[-0.06469,51.60878],[-0.06439,51.60794],[-0.06329,51.60778],[-0.0632,51.60842],[-0.06113,51.60897],[-0.05943,51.60828],[-0.05519,51.60923],[-0.05007,51.60934],[-0.05035,51.60814],[-0.04833,51.60691],[-0.04482,51.60748],[-0.0419,51.60617],[-0.04082,51.60496],[-0.03496,51.60515],[-0.03507,51.60726],[-0.03362,51.61013],[-0.03544,51.61179],[-0.03604,51.6135],[-0.03598,51.61622],[-0.03512,51.61792],[-0.04117,51.61875],[-0.04168,51.62045],[-0.04448,51.6212],[-0.04736,51.62115],[-0.04887,51.6203],[-0.05194,51.6211],[-0.05388,51.62109],[-0.0533,51.6195],[-0.05475,51.61842],[-0.05488,51.61774],[-0.05629,51.6184],[-0.05773,51.61798],[-0.06006,51.6189],[-0.06112,51.6183],[-0.06117,51.61782],[-0.06342,51.61824],[-0.06507,51.61798],[-0.06684,51.61873],[-0.06909,51.61851],[-0.07195,51.61989],[-0.07387,51.6197],[-0.07597,51.62014],[-0.07752,51.62106],[-0.0789,51.62089],[-0.07919,51.62173],[-0.08023,51.62125],[-0.08357,51.62145]]]},"properties":{"code":"N18","area":"N","colorSlot":2}},{"type":"Feature","geometry":{"type":"Polygon","coordinates":[[[-0.13739,51.57049],[-0.13906,51.5684],[-0.14048,51.5688],[-0.14111,51.56835],[-0.1422,51.56898],[-0.14493,51.56782],[-0.14456,51.56567],[-0.14624,51.56348],[-0.14478,51.5629],[-0.1436,51.56364],[-0.14342,51.56244],[-0.14006,51.56268],[-0.13971,51.55992],[-0.14039,51.5597],[-0.13929,51.55946],[-0.13952,51.55874],[-0.1387,51.55815],[-0.13841,51.55676],[-0.13872,51.55654],[-0.13774,51.5559],[-0.13761,51.55514],[-0.13513,51.55405],[-0.13541,51.55371],[-0.13471,51.55311],[-0.13493,51.5526],[-0.13438,51.55238],[-0.13184,51.55318],[-0.13305,51.55456],[-0.13507,51.5541],[-0.13526,51.55474],[-0.13382,51.55476],[-0.13335,51.55535],[-0.13374,51.55563],[-0.13347,51.55606],[-0.13541,51.55695],[-0.13505,51.55776],[-0.13592,51.55861],[-0.13472,51.55927],[-0.13236,51.55948],[-0.13189,51.55899],[-0.13262,51.55831],[-0.13148,51.55776],[-0.13016,51.55925],[-0.12891,51.55787],[-0.12795,51.55856],[-0.12753,51.55818],[-0.12473,51.55835],[-0.1241,51.55918],[-0.12344,51.55907],[-0.12308,51.55958],[-0.12457,51.56034],[-0.12344,51.56123],[-0.12328,51.5619],[-0.12062,51.56244],[-0.11955,51.56353],[-0.11832,51.56337],[-0.11902,51.56375],[-0.11873,51.56442],[-0.11926,51.5651],[-0.11894,51.56547],[-0.12043,51.56529],[-0.1201,51.56582],[-0.12067,51.56607],[-0.12085,51.56687],[-0.12187,51.56692],[-0.12169,51.56797],[-0.11903,51.56827],[-0.1189,51.5693],[-0.11699,51.57048],[-0.11849,51.57084],[-0.11861,51.57142],[-0.12114,51.57258],[-0.12137,51.57351],[-0.12479,51.57412],[-0.12687,51.57404],[-0.1269,51.57358],[-0.12775,51.57353],[-0.12799,51.57439],[-0.13024,51.57312],[-0.13068,51.57363],[-0.1328,51.57327],[-0.13421,51.57162],[-0.13739,51.57049]]]},"properties":{"code":"N19","area":"N","colorSlot":3}},{"type":"Feature","geometry":{"type":"Polygon","coordinates":[[[-0.15372,51.62748],[-0.15279,51.62945],[-0.15362,51.62985],[-0.1533,51.63043],[-0.15027,51.63084],[-0.15044,51.63138],[-0.15143,51.63121],[-0.1518,51.63157],[-0.15118,51.63193],[-0.15122,51.63297],[-0.15374,51.63131],[-0.15841,51.63037],[-0.15892,51.63129],[-0.16008,51.63152],[-0.16024,51.63217],[-0.16221,51.63351],[-0.16257,51.63435],[-0.16373,51.63463],[-0.16504,51.6368],[-0.16608,51.6375],[-0.16742,51.63717],[-0.16837,51.63756],[-0.16825,51.63842],[-0.16894,51.63872],[-0.17131,51.63852],[-0.17429,51.6392],[-0.17463,51.63878],[-0.17604,51.63878],[-0.17775,51.63926],[-0.17784,51.63981],[-0.18399,51.63946],[-0.18674,51.63666],[-0.19035,51.63644],[-0.19181,51.63731],[-0.19371,51.63978],[-0.19845,51.64089],[-0.20096,51.641],[-0.2045,51.64004],[-0.2057,51.63922],[-0.21003,51.63929],[-0.2134,51.6383],[-0.21668,51.63818],[-0.21964,51.63667],[-0.23041,51.63472],[-0.23589,51.63236],[-0.23312,51.62769],[-0.22992,51.62604],[-0.22228,51.62526],[-0.21489,51.6267],[-0.20646,51.62476],[-0.2,51.62421],[-0.19646,51.62339],[-0.19312,51.62479],[-0.19131,51.62385],[-0.19041,51.62445],[-0.18942,51.62391],[-0.18923,51.62324],[-0.1874,51.62345],[-0.18694,51.62242],[-0.18498,51.62364],[-0.18483,51.62425],[-0.18352,51.62465],[-0.18222,51.62337],[-0.17862,51.6245],[-0.1763,51.62236],[-0.17413,51.62204],[-0.1709,51.62339],[-0.16989,51.62326],[-0.16864,51.62214],[-0.16809,51.62089],[-0.1645,51.61999],[-0.16255,51.61812],[-0.15878,51.61783],[-0.1582,51.61863],[-0.15608,51.61853],[-0.15382,51.61941],[-0.15636,51.62058],[-0.15584,51.62148],[-0.15318,51.62224],[-0.15249,51.62166],[-0.15122,51.6222],[-0.15195,51.62418],[-0.15413,51.625],[-0.15337,51.62684],[-0.15372,51.62748]]]},"properties":{"code":"N20","area":"N","colorSlot":2}},{"type":"Feature","geometry":{"type":"Polygon","coordinates":[[[-0.11321,51.63321],[-0.11575,51.63059],[-0.11518,51.62876],[-0.11299,51.62747],[-0.10984,51.6268],[-0.10982,51.62621],[-0.1065,51.62666],[-0.10615,51.6257],[-0.10253,51.62649],[-0.10152,51.62784],[-0.10051,51.62671],[-0.09898,51.62744],[-0.09798,51.62664],[-0.09861,51.62385],[-0.09704,51.62346],[-0.09593,51.62431],[-0.09597,51.62562],[-0.09306,51.62522],[-0.09238,51.62554],[-0.09122,51.62452],[-0.0901,51.62435],[-0.08834,51.62488],[-0.08747,51.62643],[-0.08535,51.62666],[-0.08308,51.62782],[-0.08011,51.62834],[-0.08116,51.63073],[-0.08184,51.63127],[-0.08056,51.63271],[-0.08181,51.63315],[-0.08226,51.6341],[-0.08199,51.63439],[-0.0829,51.63496],[-0.08266,51.636],[-0.08183,51.63642],[-0.08163,51.63786],[-0.08299,51.6388],[-0.083,51.63957],[-0.08384,51.63985],[-0.08325,51.64053],[-0.08212,51.64069],[-0.08266,51.64228],[-0.08157,51.64293],[-0.08232,51.64351],[-0.08172,51.64378],[-0.08196,51.64482],[-0.0851,51.6446],[-0.08771,51.64506],[-0.08798,51.64535],[-0.08739,51.64674],[-0.08794,51.64901],[-0.09117,51.64711],[-0.09197,51.64714],[-0.09243,51.64779],[-0.09396,51.64765],[-0.09454,51.64686],[-0.09683,51.64659],[-0.09804,51.64797],[-0.10029,51.64925],[-0.10534,51.65033],[-0.10859,51.64928],[-0.1089,51.64837],[-0.10841,51.64803],[-0.10917,51.64756],[-0.11393,51.64815],[-0.11477,51.64723],[-0.11596,51.64748],[-0.11613,51.64685],[-0.11845,51.64681],[-0.11879,51.64595],[-0.11767,51.64431],[-0.11612,51.64434],[-0.11605,51.64341],[-0.11729,51.64329],[-0.11918,51.64154],[-0.1175,51.64102],[-0.11672,51.63955],[-0.1138,51.63963],[-0.11545,51.63841],[-0.11491,51.63805],[-0.11531,51.63746],[-0.11651,51.63771],[-0.11807,51.63605],[-0.11321,51.63321]]]},"properties":{"code":"N21","area":"N","colorSlot":3}},{"type":"Feature","geometry":{"type":"Polygon","coordinates":[[[-0.10922,51.60815],[-0.11331,51.60867],[-0.11338,51.61029],[-0.11276,51.61116],[-0.11258,51.61267],[-0.11426,51.61284],[-0.11547,51.61141],[-0.115,51.61055],[-0.1155,51.60974],[-0.11672,51.61031],[-0.11868,51.60929],[-0.11869,51.60842],[-0.12123,51.6067],[-0.12185,51.60584],[-0.12164,51.60549],[-0.12294,51.60439],[-0.12365,51.60204],[-0.12423,51.60167],[-0.12655,51.60216],[-0.12687,51.60306],[-0.12767,51.60339],[-0.12984,51.60299],[-0.12966,51.60266],[-0.13132,51.60188],[-0.13258,51.60241],[-0.13536,51.60137],[-0.14043,51.60195],[-0.13898,51.59976],[-0.1368,51.59868],[-0.13635,51.59798],[-0.13451,51.59776],[-0.1342,51.59675],[-0.13103,51.59605],[-0.13206,51.595],[-0.13158,51.59218],[-0.13116,51.59196],[-0.12712,51.59322],[-0.12517,51.59463],[-0.11961,51.59446],[-0.11758,51.5928],[-0.11374,51.591],[-0.11217,51.59171],[-0.11246,51.59266],[-0.11157,51.59363],[-0.10769,51.59313],[-0.10767,51.59216],[-0.10612,51.59265],[-0.10583,51.5924],[-0.10631,51.59215],[-0.10534,51.59131],[-0.10228,51.59047],[-0.10206,51.59129],[-0.1013,51.59109],[-0.09899,51.59172],[-0.09856,51.59098],[-0.09764,51.59115],[-0.0969,51.59014],[-0.09553,51.59162],[-0.09257,51.59242],[-0.09262,51.59288],[-0.09101,51.59433],[-0.09119,51.59526],[-0.09229,51.59583],[-0.09226,51.59651],[-0.09359,51.59655],[-0.09336,51.59719],[-0.09208,51.59791],[-0.09279,51.59815],[-0.09277,51.59862],[-0.09156,51.59849],[-0.09317,51.59977],[-0.09177,51.60135],[-0.09341,51.60178],[-0.09449,51.60291],[-0.09454,51.60513],[-0.09658,51.60634],[-0.09945,51.6062],[-0.10062,51.60668],[-0.10177,51.60853],[-0.10292,51.60883],[-0.10434,51.60814],[-0.10598,51.60912],[-0.10661,51.608],[-0.10884,51.60858],[-0.10922,51.60815]]]},"properties":{"code":"N22","area":"N","colorSlot":4}},{"type":"Feature","geometry":{"type":"Polygon","coordinates":[[[-0.13174,51.54123],[-0.13182,51.54199],[-0.13093,51.54255],[-0.1305,51.54144],[-0.12829,51.54096],[-0.12587,51.54109],[-0.1255,51.54168],[-0.12579,51.54213],[-0.12519,51.54255],[-0.12688,51.54315],[-0.1261,51.54375],[-0.12717,51.54457],[-0.12627,51.54589],[-0.1276,51.54591],[-0.12721,51.54706],[-0.12969,51.54884],[-0.13069,51.54796],[-0.132,51.54813],[-0.13314,51.54753],[-0.1333,51.54645],[-0.13401,51.54566],[-0.13637,51.54511],[-0.13888,51.54589],[-0.14069,51.54583],[-0.14118,51.54656],[-0.14337,51.54597],[-0.1438,51.54663],[-0.14571,51.54596],[-0.14702,51.54641],[-0.14692,51.54588],[-0.14737,51.54577],[-0.14815,51.54639],[-0.14893,51.54554],[-0.15105,51.5458],[-0.15282,51.54536],[-0.15311,51.54495],[-0.15243,51.54448],[-0.15247,51.54338],[-0.15351,51.54393],[-0.1541,51.54352],[-0.15554,51.54346],[-0.1558,51.54382],[-0.15684,51.54315],[-0.15541,51.54272],[-0.15691,51.54243],[-0.15779,51.5416],[-0.15759,51.54129],[-0.15832,51.54134],[-0.15884,51.54047],[-0.15853,51.53955],[-0.15892,51.53882],[-0.15692,51.53718],[-0.15846,51.53458],[-0.16065,51.53393],[-0.16198,51.53274],[-0.16596,51.53169],[-0.16665,51.53103],[-0.16578,51.52992],[-0.16303,51.52974],[-0.16286,51.52902],[-0.16559,51.52659],[-0.16455,51.52594],[-0.16437,51.52523],[-0.16577,51.52501],[-0.16584,51.52453],[-0.16798,51.52442],[-0.16679,51.52291],[-0.16855,51.52212],[-0.1696,51.5222],[-0.17116,51.52077],[-0.16987,51.52046],[-0.16964,51.51937],[-0.16854,51.5195],[-0.16718,51.5179],[-0.16604,51.51859],[-0.16594,51.51936],[-0.16546,51.51936],[-0.16586,51.51976],[-0.16562,51.52026],[-0.1637,51.52098],[-0.16349,51.52059],[-0.15998,51.52109],[-0.15856,51.52192],[-0.15687,51.52181],[-0.15661,51.52234],[-0.15535,51.52237],[-0.15488,51.52175],[-0.15434,51.52199],[-0.15495,51.52247],[-0.15165,51.52244],[-0.15124,51.52327],[-0.14761,51.52344],[-0.14667,51.52387],[-0.14349,51.52396],[-0.14314,51.52337],[-0.14232,51.52409],[-0.14134,51.52382],[-0.14127,51.52432],[-0.13974,51.52431],[-0.13869,51.52497],[-0.13833,51.52442],[-0.13694,51.52447],[-0.13561,51.52546],[-0.13385,51.52559],[-0.13345,51.52594],[-0.13394,51.52644],[-0.13326,51.5267],[-0.13281,51.52606],[-0.13211,51.52623],[-0.13097,51.52732],[-0.12975,51.52707],[-0.12972,51.5278],[-0.12905,51.52806],[-0.12824,51.52772],[-0.12858,51.52833],[-0.12762,51.52809],[-0.12573,51.52873],[-0.12604,51.52933],[-0.12504,51.53023],[-0.12413,51.52942],[-0.1234,51.53019],[-0.12217,51.53041],[-0.12278,51.53077],[-0.12353,51.53029],[-0.12744,51.53091],[-0.12756,51.5322],[-0.1266,51.53414],[-0.13003,51.53504],[-0.13104,51.53575],[-0.12932,51.53635],[-0.12951,51.53709],[-0.12892,51.53762],[-0.13108,51.53813],[-0.13038,51.53947],[-0.13174,51.54123]]]},"properties":{"code":"NW1","area":"NW","colorSlot":0}},{"type":"Feature","geometry":{"type":"Polygon","coordinates":[[[-0.23286,51.57168],[-0.23523,51.57217],[-0.24358,51.57209],[-0.24769,51.56981],[-0.25242,51.5684],[-0.25292,51.56639],[-0.25227,51.56533],[-0.25273,51.56416],[-0.25206,51.56296],[-0.25412,51.56141],[-0.25309,51.56042],[-0.2516,51.56068],[-0.2488,51.55871],[-0.24637,51.55806],[-0.24535,51.55893],[-0.24114,51.55901],[-0.23868,51.55782],[-0.23062,51.55667],[-0.2305,51.55486],[-0.22919,51.55455],[-0.22958,51.55308],[-0.22848,51.55264],[-0.22898,51.55222],[-0.22751,51.5505],[-0.22929,51.55026],[-0.23243,51.55092],[-0.23311,51.55146],[-0.23409,51.55104],[-0.23701,51.55148],[-0.23939,51.55242],[-0.24101,51.55115],[-0.24049,51.55022],[-0.23933,51.55018],[-0.23745,51.54866],[-0.23737,51.54814],[-0.23658,51.54838],[-0.23657,51.54772],[-0.23312,51.54785],[-0.23077,51.54755],[-0.23038,51.54713],[-0.22894,51.54781],[-0.22827,51.5475],[-0.22723,51.54779],[-0.22836,51.54789],[-0.22799,51.5483],[-0.22652,51.54806],[-0.22621,51.54749],[-0.22496,51.54812],[-0.22429,51.54753],[-0.22514,51.54728],[-0.22484,51.54675],[-0.2263,51.54635],[-0.22671,51.54699],[-0.22804,51.54675],[-0.22854,51.54613],[-0.22744,51.54577],[-0.22769,51.54491],[-0.22642,51.54477],[-0.22674,51.5437],[-0.22637,51.54239],[-0.22447,51.54222],[-0.22359,51.54244],[-0.22293,51.54336],[-0.22197,51.54332],[-0.22121,51.54428],[-0.22186,51.54564],[-0.2206,51.54622],[-0.22002,51.54614],[-0.22006,51.54549],[-0.21875,51.54536],[-0.21862,51.54588],[-0.21755,51.54594],[-0.21709,51.54549],[-0.21652,51.54619],[-0.21435,51.546],[-0.21366,51.54553],[-0.21551,51.54417],[-0.21433,51.54365],[-0.21411,51.54468],[-0.21335,51.54516],[-0.21174,51.5454],[-0.2099,51.545],[-0.20921,51.54574],[-0.20527,51.5461],[-0.20518,51.54718],[-0.20461,51.54729],[-0.20411,51.54661],[-0.2029,51.54706],[-0.2027,51.5478],[-0.20134,51.54758],[-0.20192,51.54842],[-0.20155,51.54892],[-0.20228,51.54946],[-0.20223,51.55037],[-0.20546,51.55084],[-0.20495,51.55154],[-0.20339,51.55114],[-0.20208,51.55217],[-0.20192,51.5526],[-0.20319,51.55308],[-0.20311,51.55394],[-0.20216,51.55402],[-0.20116,51.55622],[-0.19931,51.55605],[-0.19577,51.55777],[-0.19707,51.55827],[-0.19685,51.5587],[-0.19729,51.55927],[-0.1966,51.56039],[-0.19236,51.56116],[-0.19412,51.5625],[-0.19427,51.56312],[-0.19723,51.56275],[-0.19782,51.56346],[-0.1973,51.56463],[-0.19765,51.56594],[-0.19885,51.56647],[-0.19887,51.56705],[-0.20343,51.56823],[-0.20423,51.56826],[-0.20454,51.56676],[-0.20512,51.56621],[-0.20821,51.56542],[-0.21041,51.56408],[-0.21008,51.56358],[-0.21196,51.56309],[-0.21212,51.56248],[-0.21341,51.56247],[-0.21404,51.56194],[-0.21595,51.56247],[-0.21382,51.56298],[-0.21368,51.56396],[-0.21166,51.56406],[-0.21115,51.56505],[-0.20995,51.56513],[-0.20976,51.56581],[-0.20624,51.56668],[-0.20642,51.56847],[-0.20695,51.56863],[-0.20715,51.56988],[-0.20939,51.56978],[-0.20964,51.57001],[-0.20877,51.5708],[-0.20912,51.57123],[-0.21263,51.57263],[-0.21213,51.57357],[-0.21283,51.57409],[-0.21259,51.5747],[-0.21679,51.5751],[-0.21542,51.57622],[-0.21497,51.57718],[-0.21524,51.57748],[-0.21756,51.57674],[-0.21815,51.57604],[-0.22127,51.57611],[-0.22536,51.57374],[-0.22811,51.57315],[-0.22886,51.57256],[-0.23168,51.5733],[-0.23286,51.57168]]]},"properties":{"code":"NW2","area":"NW","colorSlot":2}},{"type":"Feature","geometry":{"type":"Polygon","coordinates":[[[-0.16676,51.5649],[-0.16666,51.56605],[-0.16345,51.5693],[-0.164,51.5703],[-0.16588,51.57201],[-0.17212,51.57354],[-0.1734,51.57212],[-0.17327,51.57161],[-0.1747,51.57141],[-0.17522,51.57067],[-0.17644,51.57072],[-0.17815,51.56889],[-0.18211,51.56929],[-0.18211,51.56889],[-0.18741,51.56631],[-0.19113,51.56737],[-0.19238,51.56858],[-0.19431,51.56757],[-0.1941,51.56626],[-0.19513,51.56584],[-0.19572,51.56457],[-0.19703,51.56389],[-0.19708,51.56338],[-0.19623,51.56292],[-0.19427,51.56312],[-0.19412,51.5625],[-0.19234,51.56131],[-0.19645,51.56051],[-0.19729,51.55927],[-0.19685,51.5587],[-0.19707,51.55827],[-0.19577,51.55777],[-0.19662,51.55736],[-0.19304,51.55417],[-0.19178,51.55424],[-0.19065,51.55363],[-0.19056,51.55311],[-0.18899,51.55309],[-0.1889,51.55219],[-0.1878,51.55163],[-0.18617,51.55159],[-0.18625,51.55065],[-0.18378,51.55088],[-0.18408,51.54979],[-0.18609,51.54941],[-0.18692,51.54793],[-0.18114,51.54758],[-0.17894,51.54604],[-0.1791,51.54526],[-0.17497,51.54361],[-0.17644,51.54334],[-0.17516,51.54272],[-0.17584,51.54231],[-0.17488,51.54166],[-0.1718,51.54167],[-0.17169,51.54093],[-0.17063,51.54045],[-0.17015,51.53928],[-0.16811,51.53895],[-0.16735,51.53954],[-0.16515,51.53913],[-0.16156,51.53926],[-0.15909,51.53863],[-0.1584,51.54112],[-0.15758,51.54119],[-0.15781,51.54158],[-0.15541,51.54272],[-0.15684,51.54315],[-0.15607,51.54378],[-0.15434,51.54348],[-0.15351,51.54393],[-0.15247,51.54338],[-0.15243,51.54448],[-0.15374,51.54524],[-0.15464,51.54522],[-0.15577,51.54679],[-0.15532,51.54701],[-0.15565,51.54746],[-0.155,51.54779],[-0.15535,51.54825],[-0.15477,51.54836],[-0.1549,51.54875],[-0.15601,51.54967],[-0.15731,51.54934],[-0.15787,51.54963],[-0.15789,51.55064],[-0.15729,51.55091],[-0.15888,51.55173],[-0.15789,51.55265],[-0.15359,51.55415],[-0.15273,51.55393],[-0.15213,51.55468],[-0.15052,51.55508],[-0.15305,51.55742],[-0.15644,51.55871],[-0.15741,51.56033],[-0.1602,51.56232],[-0.16676,51.5649]]]},"properties":{"code":"NW3","area":"NW","colorSlot":1}},{"type":"Feature","geometry":{"type":"Polygon","coordinates":[[[-0.20949,51.60075],[-0.21309,51.60219],[-0.21571,51.60142],[-0.21903,51.60206],[-0.22105,51.60453],[-0.22464,51.60633],[-0.22927,51.60636],[-0.22993,51.60264],[-0.23388,51.60255],[-0.23709,51.60108],[-0.23724,51.59971],[-0.2362,51.59873],[-0.23754,51.59743],[-0.23693,51.59606],[-0.23737,51.59532],[-0.23706,51.59386],[-0.23762,51.59302],[-0.23633,51.59069],[-0.23823,51.58979],[-0.23791,51.58863],[-0.23873,51.587],[-0.23932,51.58673],[-0.23901,51.5852],[-0.23931,51.58393],[-0.23879,51.58329],[-0.23964,51.58181],[-0.23908,51.58004],[-0.23992,51.57964],[-0.23872,51.57918],[-0.23983,51.57866],[-0.23988,51.57816],[-0.23757,51.57857],[-0.23708,51.57741],[-0.23849,51.57707],[-0.23817,51.57628],[-0.23695,51.57731],[-0.23648,51.57714],[-0.23604,51.57553],[-0.23488,51.57532],[-0.23411,51.57429],[-0.23216,51.574],[-0.2317,51.57336],[-0.22886,51.57256],[-0.22811,51.57315],[-0.22536,51.57374],[-0.22135,51.57599],[-0.21815,51.57604],[-0.2168,51.57795],[-0.21605,51.57811],[-0.21606,51.57906],[-0.21366,51.57934],[-0.21404,51.58069],[-0.21324,51.58109],[-0.21333,51.58166],[-0.21166,51.58239],[-0.21108,51.58394],[-0.21092,51.58485],[-0.21206,51.58672],[-0.21175,51.58757],[-0.21061,51.58783],[-0.20907,51.58707],[-0.20684,51.58803],[-0.20766,51.58923],[-0.2092,51.58911],[-0.21006,51.58984],[-0.21132,51.59002],[-0.21163,51.59059],[-0.21096,51.59172],[-0.21199,51.59298],[-0.21364,51.59382],[-0.21257,51.59433],[-0.21101,51.594],[-0.21059,51.59528],[-0.20854,51.59752],[-0.20917,51.59836],[-0.20818,51.59962],[-0.20824,51.60044],[-0.20949,51.60075]]]},"properties":{"code":"NW4","area":"NW","colorSlot":3}},{"type":"Feature","geometry":{"type":"Polygon","coordinates":[[[-0.15052,51.55508],[-0.15212,51.55467],[-0.15272,51.55394],[-0.15359,51.55415],[-0.15898,51.55198],[-0.15729,51.55091],[-0.15789,51.55064],[-0.15741,51.55008],[-0.15787,51.54963],[-0.15731,51.54934],[-0.15601,51.54967],[-0.1549,51.54875],[-0.15477,51.54836],[-0.15535,51.54825],[-0.15499,51.5478],[-0.15563,51.54761],[-0.15528,51.54719],[-0.15577,51.54679],[-0.15464,51.54522],[-0.15323,51.54495],[-0.15194,51.54573],[-0.15029,51.54584],[-0.14907,51.54548],[-0.14815,51.54639],[-0.14737,51.54577],[-0.14692,51.54588],[-0.14702,51.54641],[-0.14571,51.54596],[-0.1438,51.54663],[-0.14335,51.54609],[-0.14118,51.54656],[-0.14076,51.54584],[-0.13551,51.54534],[-0.13401,51.54566],[-0.13314,51.5474],[-0.132,51.54813],[-0.13069,51.54796],[-0.12983,51.54884],[-0.13123,51.54925],[-0.13165,51.54984],[-0.13079,51.5506],[-0.13174,51.55095],[-0.13153,51.55145],[-0.13327,51.55246],[-0.13493,51.5526],[-0.13471,51.55311],[-0.13541,51.55371],[-0.13514,51.554],[-0.13761,51.55514],[-0.13774,51.5559],[-0.13872,51.55654],[-0.13841,51.55676],[-0.13884,51.55732],[-0.1387,51.55815],[-0.1395,51.55847],[-0.13919,51.55941],[-0.13955,51.55978],[-0.14029,51.55943],[-0.13971,51.55992],[-0.14018,51.56142],[-0.13968,51.56202],[-0.14037,51.56275],[-0.14342,51.56244],[-0.1436,51.56364],[-0.14468,51.56292],[-0.14567,51.56305],[-0.1461,51.56215],[-0.14721,51.56284],[-0.14796,51.56159],[-0.14906,51.562],[-0.14921,51.56126],[-0.15069,51.56194],[-0.15063,51.56119],[-0.15158,51.56042],[-0.157,51.5599],[-0.15644,51.55871],[-0.15305,51.55742],[-0.15052,51.55508]]]},"properties":{"code":"NW5","area":"NW","colorSlot":4}},{"type":"Feature","geometry":{"type":"Polygon","coordinates":[[[-0.20223,51.55037],[-0.2023,51.54946],[-0.20155,51.54892],[-0.20192,51.54842],[-0.20134,51.54758],[-0.2027,51.5478],[-0.20279,51.54723],[-0.2041,51.5466],[-0.20461,51.54729],[-0.20518,51.54718],[-0.20527,51.5461],[-0.20921,51.54574],[-0.21113,51.54502],[-0.21174,51.5454],[-0.21335,51.54516],[-0.21411,51.54468],[-0.21433,51.54365],[-0.21551,51.54417],[-0.21366,51.54553],[-0.21435,51.546],[-0.21652,51.54619],[-0.21709,51.54549],[-0.21755,51.54594],[-0.21859,51.54589],[-0.21871,51.54538],[-0.21993,51.54529],[-0.21983,51.54606],[-0.22046,51.54621],[-0.22186,51.54564],[-0.22107,51.54449],[-0.22197,51.54332],[-0.22293,51.54336],[-0.22338,51.54249],[-0.22216,51.54226],[-0.22255,51.54084],[-0.22033,51.54082],[-0.21928,51.53966],[-0.21713,51.53976],[-0.21489,51.53769],[-0.21442,51.53636],[-0.21574,51.53662],[-0.21848,51.53513],[-0.21832,51.53416],[-0.21713,51.53301],[-0.21666,51.53161],[-0.21368,51.53262],[-0.21234,51.53234],[-0.21103,51.53327],[-0.21027,51.53289],[-0.20895,51.53346],[-0.20534,51.53376],[-0.20418,51.5325],[-0.20287,51.53281],[-0.20255,51.5322],[-0.20167,51.53227],[-0.20155,51.53184],[-0.1994,51.53161],[-0.1994,51.53078],[-0.19837,51.53074],[-0.19779,51.52977],[-0.19838,51.52929],[-0.19768,51.52885],[-0.19798,51.52831],[-0.1956,51.52771],[-0.194,51.53014],[-0.19277,51.53008],[-0.19185,51.53108],[-0.18998,51.53096],[-0.1894,51.53266],[-0.18798,51.5327],[-0.19033,51.53456],[-0.18949,51.53503],[-0.18963,51.5354],[-0.18858,51.53572],[-0.18767,51.53514],[-0.18888,51.53457],[-0.18761,51.53438],[-0.18669,51.53478],[-0.18675,51.53534],[-0.18585,51.5353],[-0.18531,51.53593],[-0.18519,51.53663],[-0.18565,51.53699],[-0.18682,51.53683],[-0.18754,51.53777],[-0.18887,51.53828],[-0.18991,51.53782],[-0.19005,51.53836],[-0.18893,51.53834],[-0.1883,51.53914],[-0.1833,51.54057],[-0.17949,51.54118],[-0.17923,51.54175],[-0.17838,51.5413],[-0.17512,51.54182],[-0.17584,51.54231],[-0.17516,51.54272],[-0.17632,51.54317],[-0.17499,51.54356],[-0.17619,51.54387],[-0.17702,51.54473],[-0.1791,51.54526],[-0.17894,51.54604],[-0.18114,51.54758],[-0.18692,51.54793],[-0.18611,51.5494],[-0.18433,51.5497],[-0.1836,51.5508],[-0.18612,51.55065],[-0.18604,51.55145],[-0.1889,51.55219],[-0.18899,51.55309],[-0.19056,51.55311],[-0.19065,51.55363],[-0.19363,51.55453],[-0.19461,51.55535],[-0.19441,51.55581],[-0.19597,51.55702],[-0.19673,51.55716],[-0.19925,51.55606],[-0.20089,51.55626],[-0.20229,51.55389],[-0.20311,51.55394],[-0.20331,51.55331],[-0.20192,51.5526],[-0.20208,51.55217],[-0.20339,51.55114],[-0.20495,51.55154],[-0.20546,51.55084],[-0.20223,51.55037]]]},"properties":{"code":"NW6","area":"NW","colorSlot":3}},{"type":"Feature","geometry":{"type":"Polygon","coordinates":[[[-0.22992,51.62604],[-0.23312,51.62769],[-0.23589,51.63236],[-0.23052,51.63471],[-0.23245,51.63601],[-0.23806,51.63709],[-0.24272,51.63608],[-0.23764,51.64063],[-0.23817,51.64082],[-0.24181,51.64095],[-0.24334,51.63993],[-0.24504,51.63633],[-0.24767,51.6357],[-0.24951,51.6381],[-0.25409,51.63998],[-0.2572,51.63969],[-0.26231,51.63788],[-0.26529,51.63911],[-0.26988,51.63897],[-0.27285,51.63831],[-0.27355,51.63569],[-0.27067,51.63367],[-0.26588,51.63127],[-0.2629,51.63106],[-0.25936,51.63157],[-0.26094,51.62928],[-0.26094,51.62842],[-0.26202,51.62642],[-0.26105,51.62544],[-0.26128,51.62482],[-0.26066,51.62407],[-0.25894,51.62386],[-0.2588,51.62256],[-0.25679,51.62191],[-0.25679,51.62123],[-0.25749,51.61944],[-0.25972,51.61931],[-0.25922,51.61857],[-0.25949,51.618],[-0.26041,51.61803],[-0.26066,51.61755],[-0.25991,51.6171],[-0.25928,51.61578],[-0.26006,51.61571],[-0.26118,51.61477],[-0.26091,51.61454],[-0.26146,51.61334],[-0.26455,51.61369],[-0.26489,51.61225],[-0.26441,51.61197],[-0.26175,51.61199],[-0.26109,51.61242],[-0.25938,51.61179],[-0.25868,51.61261],[-0.25786,51.61269],[-0.25414,51.61209],[-0.25204,51.61225],[-0.25075,51.61172],[-0.25113,51.61078],[-0.25078,51.60982],[-0.25171,51.60892],[-0.25097,51.60857],[-0.24994,51.609],[-0.24909,51.60857],[-0.24774,51.60876],[-0.24801,51.60728],[-0.24761,51.60707],[-0.2494,51.606],[-0.24717,51.60657],[-0.24586,51.60588],[-0.24332,51.60716],[-0.24144,51.60617],[-0.24142,51.60472],[-0.23847,51.60238],[-0.23806,51.60145],[-0.23709,51.60108],[-0.23388,51.60255],[-0.22993,51.60264],[-0.22927,51.60636],[-0.22464,51.60633],[-0.22105,51.60453],[-0.21903,51.60206],[-0.21571,51.60142],[-0.21309,51.60219],[-0.2085,51.60055],[-0.20751,51.60095],[-0.20793,51.60163],[-0.20701,51.60226],[-0.2071,51.60264],[-0.20423,51.60322],[-0.20413,51.60459],[-0.20241,51.60377],[-0.20179,51.60405],[-0.20248,51.60747],[-0.20068,51.60821],[-0.19887,51.60985],[-0.20012,51.61215],[-0.20215,51.61314],[-0.20296,51.61442],[-0.20469,51.61526],[-0.20745,51.61841],[-0.20525,51.62124],[-0.20646,51.62476],[-0.21489,51.6267],[-0.22228,51.62526],[-0.22992,51.62604]]]},"properties":{"code":"NW7","area":"NW","colorSlot":0}},{"type":"Feature","geometry":{"type":"Polygon","coordinates":[[[-0.18617,51.53348],[-0.1839,51.53112],[-0.18192,51.53032],[-0.18196,51.52986],[-0.18003,51.52812],[-0.17817,51.52772],[-0.17831,51.527],[-0.17765,51.52671],[-0.17863,51.52634],[-0.17787,51.52526],[-0.17506,51.52417],[-0.17493,51.52336],[-0.17354,51.52303],[-0.17397,51.52274],[-0.17314,51.52261],[-0.17333,51.52224],[-0.17267,51.52235],[-0.17082,51.52135],[-0.1696,51.5222],[-0.16855,51.52212],[-0.16679,51.52291],[-0.1681,51.52434],[-0.16584,51.52453],[-0.16577,51.52501],[-0.16437,51.52523],[-0.16558,51.52699],[-0.16418,51.5274],[-0.16286,51.52902],[-0.16303,51.52974],[-0.16578,51.52992],[-0.16665,51.53103],[-0.16604,51.53164],[-0.16222,51.53274],[-0.16065,51.53393],[-0.15846,51.53458],[-0.15692,51.53718],[-0.15906,51.53861],[-0.16156,51.53926],[-0.16515,51.53913],[-0.16735,51.53954],[-0.16811,51.53895],[-0.16986,51.53922],[-0.17063,51.54045],[-0.17169,51.54093],[-0.1718,51.54167],[-0.17512,51.54182],[-0.17838,51.5413],[-0.17898,51.54172],[-0.17949,51.54118],[-0.18818,51.53919],[-0.18888,51.53832],[-0.19005,51.53836],[-0.18991,51.53782],[-0.18774,51.53797],[-0.18604,51.53671],[-0.18566,51.53699],[-0.18519,51.53663],[-0.18583,51.53538],[-0.1866,51.53542],[-0.18666,51.53481],[-0.18753,51.53467],[-0.18704,51.5336],[-0.18617,51.53348]]]},"properties":{"code":"NW8","area":"NW","colorSlot":2}},{"type":"Feature","geometry":{"type":"Polygon","coordinates":[[[-0.2747,51.59481],[-0.27569,51.59526],[-0.27695,51.59426],[-0.27803,51.59497],[-0.27923,51.59413],[-0.28166,51.5943],[-0.28424,51.59299],[-0.28517,51.59299],[-0.28595,51.59247],[-0.28565,51.59093],[-0.28468,51.59047],[-0.28538,51.58954],[-0.28377,51.58942],[-0.28398,51.58633],[-0.2829,51.58508],[-0.28315,51.58474],[-0.28216,51.58421],[-0.28202,51.58314],[-0.28251,51.58215],[-0.27986,51.58124],[-0.28054,51.58023],[-0.28057,51.57854],[-0.27752,51.57576],[-0.2758,51.57569],[-0.27281,51.57385],[-0.27206,51.57238],[-0.2724,51.57054],[-0.27094,51.56991],[-0.27164,51.5692],[-0.27122,51.56829],[-0.26915,51.56823],[-0.26909,51.56775],[-0.26749,51.56715],[-0.2682,51.56624],[-0.26594,51.56644],[-0.26541,51.56554],[-0.26383,51.56502],[-0.26327,51.56403],[-0.26085,51.56298],[-0.26057,51.56345],[-0.2612,51.5646],[-0.25963,51.56535],[-0.25929,51.56653],[-0.25849,51.56688],[-0.25708,51.56675],[-0.24769,51.56981],[-0.24358,51.57209],[-0.23523,51.57217],[-0.23286,51.57168],[-0.23168,51.5733],[-0.23212,51.5739],[-0.23411,51.57429],[-0.23488,51.57532],[-0.23597,51.57548],[-0.23648,51.57714],[-0.23695,51.57731],[-0.23792,51.57632],[-0.23849,51.57665],[-0.23849,51.57707],[-0.23719,51.5774],[-0.23757,51.57857],[-0.23848,51.57819],[-0.24005,51.57849],[-0.23872,51.57918],[-0.23975,51.57952],[-0.23908,51.58004],[-0.23956,51.58171],[-0.23879,51.58329],[-0.23931,51.58393],[-0.23901,51.5852],[-0.23932,51.58673],[-0.23791,51.58863],[-0.23823,51.58979],[-0.23633,51.59069],[-0.23742,51.59281],[-0.2371,51.59371],[-0.23737,51.59532],[-0.23693,51.59606],[-0.23754,51.59743],[-0.2362,51.59873],[-0.23724,51.59971],[-0.23709,51.60108],[-0.23806,51.60145],[-0.23847,51.60238],[-0.24142,51.60472],[-0.24144,51.60617],[-0.24332,51.60716],[-0.24586,51.60588],[-0.24717,51.60657],[-0.25043,51.60565],[-0.2506,51.60526],[-0.25282,51.60518],[-0.25367,51.60399],[-0.25527,51.60387],[-0.25452,51.60269],[-0.25678,51.60112],[-0.25752,51.59981],[-0.25729,51.59892],[-0.25947,51.59869],[-0.26124,51.59945],[-0.26091,51.59819],[-0.26288,51.59797],[-0.26369,51.59755],[-0.26397,51.59658],[-0.26663,51.59548],[-0.27045,51.59545],[-0.27159,51.59454],[-0.27311,51.59519],[-0.2747,51.59481]]]},"properties":{"code":"NW9","area":"NW","colorSlot":1}},{"type":"Feature","geometry":{"type":"Polygon","coordinates":[[[-0.27249,51.54476],[-0.27381,51.54369],[-0.27478,51.54462],[-0.27978,51.54433],[-0.28139,51.54549],[-0.28128,51.54661],[-0.2825,51.54785],[-0.28319,51.54799],[-0.28518,51.54719],[-0.28652,51.54805],[-0.28912,51.54861],[-0.28992,51.54814],[-0.2888,51.54689],[-0.28536,51.54646],[-0.28382,51.54547],[-0.2815,51.54533],[-0.27758,51.54274],[-0.2782,51.54179],[-0.27814,51.54043],[-0.28039,51.53985],[-0.28163,51.54004],[-0.28288,51.53912],[-0.28407,51.53908],[-0.28627,51.53694],[-0.28862,51.53629],[-0.28879,51.53533],[-0.29057,51.53585],[-0.2931,51.53492],[-0.29206,51.53375],[-0.29257,51.53318],[-0.29231,51.53247],[-0.29372,51.53237],[-0.29409,51.5316],[-0.29183,51.53171],[-0.29172,51.53004],[-0.2898,51.5295],[-0.2865,51.52941],[-0.28423,51.52836],[-0.28172,51.52884],[-0.28007,51.52771],[-0.27808,51.52717],[-0.2777,51.5264],[-0.27502,51.52655],[-0.27433,51.52587],[-0.27294,51.5258],[-0.27142,51.52659],[-0.26892,51.52537],[-0.26226,51.52439],[-0.2598,51.52278],[-0.2594,51.52299],[-0.26079,51.52409],[-0.25854,51.52409],[-0.2574,51.52308],[-0.25289,51.52204],[-0.24727,51.52318],[-0.24425,51.52328],[-0.24066,51.52258],[-0.23856,51.52287],[-0.23314,51.52119],[-0.23002,51.52252],[-0.23283,51.52522],[-0.23018,51.52713],[-0.22467,51.52753],[-0.22159,51.52697],[-0.21687,51.52833],[-0.21639,51.52793],[-0.21542,51.52814],[-0.21657,51.52905],[-0.21579,51.52952],[-0.21562,51.53072],[-0.21664,51.53161],[-0.2185,51.53508],[-0.21574,51.53662],[-0.21442,51.53636],[-0.21573,51.53866],[-0.21713,51.53976],[-0.21925,51.53965],[-0.22033,51.54082],[-0.22255,51.54084],[-0.22216,51.54226],[-0.22618,51.54232],[-0.22674,51.5437],[-0.22639,51.54469],[-0.22769,51.54491],[-0.22744,51.54577],[-0.22843,51.54591],[-0.2282,51.54664],[-0.22689,51.54704],[-0.2263,51.54635],[-0.225,51.54657],[-0.22514,51.54728],[-0.22429,51.54753],[-0.22496,51.54812],[-0.22621,51.54749],[-0.22652,51.54806],[-0.22751,51.54833],[-0.22836,51.54789],[-0.22723,51.54782],[-0.22827,51.5475],[-0.22894,51.54781],[-0.23014,51.54713],[-0.23289,51.54782],[-0.23657,51.54772],[-0.23658,51.54838],[-0.23718,51.54813],[-0.23933,51.55018],[-0.24049,51.55022],[-0.24101,51.55115],[-0.23939,51.55242],[-0.23701,51.55148],[-0.23428,51.55109],[-0.23311,51.55146],[-0.23071,51.5505],[-0.22752,51.55044],[-0.22898,51.55222],[-0.22848,51.55264],[-0.22939,51.55288],[-0.22915,51.55455],[-0.2305,51.55486],[-0.23081,51.55571],[-0.23051,51.55651],[-0.23971,51.55805],[-0.24114,51.55901],[-0.24535,51.55893],[-0.24637,51.55806],[-0.2488,51.55871],[-0.2516,51.56068],[-0.25287,51.56038],[-0.2537,51.56081],[-0.25413,51.5614],[-0.25206,51.56296],[-0.25271,51.56398],[-0.25227,51.56533],[-0.25292,51.56639],[-0.25242,51.5684],[-0.25708,51.56675],[-0.25929,51.56653],[-0.25963,51.56535],[-0.2612,51.56461],[-0.26057,51.56345],[-0.26085,51.56298],[-0.26568,51.56057],[-0.26597,51.55903],[-0.26683,51.55848],[-0.26736,51.55578],[-0.26569,51.55416],[-0.26742,51.55181],[-0.26866,51.55121],[-0.26877,51.54921],[-0.27035,51.54803],[-0.27054,51.54664],[-0.27249,51.54476]]]},"properties":{"code":"NW10","area":"NW","colorSlot":0}},{"type":"Feature","geometry":{"type":"Polygon","coordinates":[[[-0.20676,51.58801],[-0.20907,51.58707],[-0.21061,51.58783],[-0.21157,51.58768],[-0.21206,51.58672],[-0.21078,51.585],[-0.21166,51.58239],[-0.21329,51.58175],[-0.21381,51.58084],[-0.21366,51.57935],[-0.2158,51.57925],[-0.21605,51.57811],[-0.2168,51.57795],[-0.21756,51.57674],[-0.21524,51.57748],[-0.21497,51.57718],[-0.21563,51.57592],[-0.21686,51.57522],[-0.21259,51.5747],[-0.21283,51.57409],[-0.21213,51.57357],[-0.21267,51.57276],[-0.21159,51.57181],[-0.20883,51.57102],[-0.20964,51.57001],[-0.20939,51.56978],[-0.20742,51.56997],[-0.20695,51.56863],[-0.20642,51.56847],[-0.20638,51.56694],[-0.20976,51.56581],[-0.20995,51.56513],[-0.21115,51.56505],[-0.21166,51.56406],[-0.21368,51.56396],[-0.21382,51.56298],[-0.21595,51.56247],[-0.21404,51.56194],[-0.21341,51.56247],[-0.21212,51.56248],[-0.21196,51.56309],[-0.21008,51.56358],[-0.21041,51.56408],[-0.20821,51.56542],[-0.20512,51.56621],[-0.20454,51.56676],[-0.20423,51.56826],[-0.19887,51.56705],[-0.19885,51.56647],[-0.19765,51.56594],[-0.19728,51.56467],[-0.19782,51.56346],[-0.19734,51.5628],[-0.19638,51.56281],[-0.19708,51.56338],[-0.19703,51.56389],[-0.19591,51.56446],[-0.19513,51.56584],[-0.1941,51.56626],[-0.19431,51.56757],[-0.19262,51.56864],[-0.19113,51.56737],[-0.18741,51.56631],[-0.18211,51.56889],[-0.18227,51.56922],[-0.17815,51.56889],[-0.17668,51.57063],[-0.17522,51.57067],[-0.1747,51.57141],[-0.17622,51.57254],[-0.17442,51.57435],[-0.17851,51.57593],[-0.17965,51.57735],[-0.17929,51.57876],[-0.18103,51.57969],[-0.17958,51.58096],[-0.18065,51.582],[-0.18075,51.58402],[-0.18186,51.58402],[-0.1829,51.58465],[-0.18263,51.58504],[-0.18108,51.58487],[-0.18087,51.58638],[-0.18171,51.58723],[-0.18046,51.588],[-0.18243,51.58846],[-0.18435,51.59033],[-0.18663,51.58994],[-0.18908,51.59133],[-0.19093,51.59011],[-0.1949,51.59002],[-0.19661,51.58917],[-0.20085,51.58974],[-0.20143,51.5892],[-0.20676,51.58801]]]},"properties":{"code":"NW11","area":"NW","colorSlot":4}},{"type":"Feature","geometry":{"type":"Polygon","coordinates":[[[-0.08629,51.50769],[-0.09274,51.50839],[-0.09502,51.50925],[-0.10289,51.50988],[-0.11431,51.5091],[-0.11583,51.50837],[-0.11896,51.50828],[-0.11999,51.50476],[-0.12167,51.50414],[-0.1218,51.50302],[-0.12065,51.50141],[-0.12076,51.50048],[-0.12305,51.49799],[-0.12287,51.49724],[-0.12404,51.49496],[-0.12331,51.49382],[-0.12365,51.49318],[-0.12333,51.49194],[-0.12539,51.49005],[-0.12638,51.48788],[-0.12381,51.48696],[-0.1222,51.48799],[-0.12299,51.48895],[-0.12245,51.48925],[-0.1225,51.49006],[-0.12137,51.49025],[-0.12211,51.49147],[-0.12003,51.49107],[-0.11933,51.492],[-0.1192,51.49242],[-0.11987,51.49267],[-0.1193,51.49336],[-0.12005,51.49419],[-0.11814,51.49432],[-0.11728,51.49361],[-0.11683,51.49426],[-0.11766,51.49504],[-0.11586,51.49516],[-0.11528,51.49597],[-0.11244,51.49557],[-0.11251,51.49643],[-0.1117,51.49651],[-0.1088,51.4954],[-0.10762,51.4954],[-0.10684,51.49614],[-0.10407,51.49569],[-0.1038,51.49527],[-0.10295,51.49542],[-0.10188,51.49494],[-0.10244,51.494],[-0.10229,51.4929],[-0.10066,51.49178],[-0.09831,51.49219],[-0.09842,51.49321],[-0.09918,51.49348],[-0.0992,51.49425],[-0.09847,51.4943],[-0.09803,51.49489],[-0.09223,51.49334],[-0.09024,51.49424],[-0.08918,51.49318],[-0.08854,51.49342],[-0.08744,51.49292],[-0.08556,51.49393],[-0.08427,51.49235],[-0.08239,51.49117],[-0.08152,51.49127],[-0.08137,51.4902],[-0.08041,51.49011],[-0.07931,51.48892],[-0.07761,51.48886],[-0.07913,51.48731],[-0.07986,51.4873],[-0.07981,51.48669],[-0.07868,51.48662],[-0.07732,51.48803],[-0.07656,51.48811],[-0.07532,51.48688],[-0.07721,51.4859],[-0.07565,51.48586],[-0.07509,51.48665],[-0.07401,51.4866],[-0.07166,51.48506],[-0.07182,51.48401],[-0.07055,51.48382],[-0.06996,51.48275],[-0.06927,51.48265],[-0.06583,51.48467],[-0.06622,51.48513],[-0.06553,51.48614],[-0.06614,51.4866],[-0.06497,51.48718],[-0.06515,51.48816],[-0.06566,51.48848],[-0.06535,51.48885],[-0.05996,51.48962],[-0.06012,51.4905],[-0.06313,51.48937],[-0.06437,51.49028],[-0.06353,51.49072],[-0.06391,51.49189],[-0.06522,51.4922],[-0.06702,51.49186],[-0.06846,51.49244],[-0.06931,51.49207],[-0.07078,51.49227],[-0.07182,51.49296],[-0.07216,51.49247],[-0.07361,51.49243],[-0.07383,51.49265],[-0.07253,51.4931],[-0.07195,51.49411],[-0.07237,51.49483],[-0.07587,51.49491],[-0.07637,51.49541],[-0.07399,51.49649],[-0.07441,51.49768],[-0.074,51.4979],[-0.07161,51.49772],[-0.06954,51.49871],[-0.07035,51.50001],[-0.06945,51.50008],[-0.06925,51.50109],[-0.06862,51.50119],[-0.0702,51.50188],[-0.06942,51.50348],[-0.07644,51.506],[-0.07972,51.50627],[-0.08102,51.50726],[-0.08629,51.50769]]]},"properties":{"code":"SE1","area":"SE","colorSlot":0}},{"type":"Feature","geometry":{"type":"Polygon","coordinates":[[[0.11681,51.47806],[0.11831,51.4791],[0.11845,51.4805],[0.11952,51.48067],[0.12305,51.47857],[0.12444,51.47938],[0.12851,51.47907],[0.12956,51.47844],[0.13372,51.48025],[0.13516,51.48005],[0.13739,51.48087],[0.13669,51.48174],[0.13814,51.48235],[0.13761,51.48319],[0.13819,51.48359],[0.13767,51.48415],[0.13779,51.48673],[0.13726,51.48727],[0.13098,51.48675],[0.129,51.48869],[0.12761,51.48937],[0.12597,51.48967],[0.12531,51.48928],[0.1234,51.49009],[0.1238,51.49096],[0.12466,51.49138],[0.127,51.49109],[0.12849,51.49169],[0.12785,51.49287],[0.12861,51.49326],[0.12869,51.49402],[0.12769,51.49472],[0.1285,51.49627],[0.12733,51.49691],[0.12815,51.49889],[0.13194,51.50218],[0.13689,51.5013],[0.14306,51.50364],[0.14401,51.50828],[0.1338,51.50825],[0.13082,51.50633],[0.1304,51.50301],[0.12906,51.50275],[0.12609,51.50326],[0.12348,51.50291],[0.12128,51.50091],[0.11778,51.50079],[0.11291,51.49928],[0.10928,51.49895],[0.10831,51.49724],[0.10703,51.49671],[0.10457,51.49661],[0.1024,51.49482],[0.10274,51.49326],[0.10196,51.49254],[0.09974,51.49203],[0.10167,51.49058],[0.10095,51.48904],[0.10155,51.48854],[0.10062,51.48792],[0.1003,51.48686],[0.10463,51.48505],[0.10435,51.48459],[0.10163,51.4856],[0.1023,51.48459],[0.10126,51.4844],[0.10184,51.48347],[0.10006,51.4828],[0.09994,51.48138],[0.09927,51.48084],[0.10102,51.48021],[0.10191,51.4792],[0.10416,51.47948],[0.10398,51.47872],[0.10488,51.47779],[0.1062,51.47754],[0.10698,51.47659],[0.10915,51.47628],[0.10926,51.47553],[0.11167,51.47487],[0.11301,51.47711],[0.11602,51.47701],[0.11681,51.47806]]]},"properties":{"code":"SE2","area":"SE","colorSlot":3}},{"type":"Feature","geometry":{"type":"Polygon","coordinates":[[[0.0012,51.46405],[0.00177,51.4634],[0.00161,51.46289],[0.0052,51.46337],[0.00488,51.46263],[0.0058,51.46137],[0.00664,51.46112],[0.00613,51.46038],[0.00675,51.45911],[0.0065,51.45863],[0.00759,51.45852],[0.00804,51.45771],[0.00925,51.45798],[0.00994,51.45745],[0.00968,51.45678],[0.01201,51.45649],[0.01322,51.45704],[0.01354,51.45593],[0.0146,51.4574],[0.01695,51.45877],[0.02131,51.45975],[0.02179,51.45859],[0.02527,51.45817],[0.02577,51.45723],[0.02492,51.45661],[0.0247,51.45573],[0.02648,51.45431],[0.02994,51.45491],[0.0332,51.45768],[0.03152,51.45878],[0.03329,51.45994],[0.03467,51.45989],[0.03526,51.46082],[0.03638,51.46081],[0.03791,51.46226],[0.03913,51.46217],[0.03933,51.46273],[0.04115,51.46364],[0.04236,51.46329],[0.0445,51.46444],[0.04616,51.46395],[0.04765,51.4649],[0.04706,51.46596],[0.05258,51.46903],[0.05135,51.46993],[0.04947,51.46914],[0.04705,51.46938],[0.04568,51.47065],[0.04586,51.47269],[0.04363,51.4726],[0.04214,51.4732],[0.04075,51.47246],[0.04032,51.47262],[0.04021,51.47379],[0.03952,51.474],[0.03839,51.47329],[0.0378,51.47457],[0.037,51.4748],[0.03162,51.47575],[0.02989,51.47536],[0.02859,51.47587],[0.02804,51.47826],[0.02625,51.47914],[0.02602,51.47975],[0.02231,51.47956],[0.02151,51.47997],[0.02159,51.48082],[0.02093,51.48125],[0.02191,51.48416],[0.02059,51.48475],[0.01894,51.48417],[0.01621,51.48452],[0.01554,51.48373],[0.01315,51.48387],[0.01106,51.48318],[0.01045,51.48356],[0.00625,51.48301],[0.00506,51.4822],[0.00524,51.48047],[0.00219,51.47882],[0.00303,51.47684],[0.00606,51.47735],[0.00897,51.47653],[0.00972,51.47498],[0.00798,51.47324],[0.00813,51.47243],[0.00306,51.47141],[0.00075,51.47355],[-0.00229,51.47149],[-0.00385,51.47191],[-0.00566,51.47113],[-0.00734,51.46927],[-0.00435,51.46761],[-0.0032,51.46627],[-0.00504,51.46589],[-0.00521,51.46515],[-0.00153,51.46452],[-0.00019,51.46364],[0.0012,51.46405]]]},"properties":{"code":"SE3","area":"SE","colorSlot":2}},{"type":"Feature","geometry":{"type":"Polygon","coordinates":[[[-0.03564,51.468],[-0.03586,51.46768],[-0.03542,51.46742],[-0.03602,51.46671],[-0.03514,51.46604],[-0.03723,51.46642],[-0.03763,51.46807],[-0.03648,51.46859],[-0.03646,51.46906],[-0.03838,51.46928],[-0.03865,51.4707],[-0.04033,51.47103],[-0.04161,51.47027],[-0.04108,51.46994],[-0.04358,51.4654],[-0.05061,51.46657],[-0.05032,51.46564],[-0.04959,51.46583],[-0.0488,51.46494],[-0.04712,51.46441],[-0.04673,51.46294],[-0.04582,51.46243],[-0.04617,51.46149],[-0.04542,51.46061],[-0.04615,51.4598],[-0.04499,51.45943],[-0.0459,51.45821],[-0.04544,51.45751],[-0.04676,51.45692],[-0.0457,51.45653],[-0.04466,51.45532],[-0.04522,51.45366],[-0.04068,51.453],[-0.04004,51.45238],[-0.03713,51.45156],[-0.0369,51.44937],[-0.0356,51.44844],[-0.03476,51.44909],[-0.03358,51.44906],[-0.03317,51.44849],[-0.02979,51.44893],[-0.02802,51.44869],[-0.02412,51.45023],[-0.02304,51.45142],[-0.02312,51.45327],[-0.02486,51.45413],[-0.02346,51.45455],[-0.02312,51.45575],[-0.03043,51.45685],[-0.0293,51.45742],[-0.02653,51.45692],[-0.02532,51.45738],[-0.02281,51.45635],[-0.02156,51.45782],[-0.02319,51.45745],[-0.02378,51.4581],[-0.02411,51.45934],[-0.02382,51.45976],[-0.02554,51.46116],[-0.02442,51.4626],[-0.02389,51.46408],[-0.0243,51.46512],[-0.02366,51.46535],[-0.02275,51.46765],[-0.02482,51.46836],[-0.02525,51.46911],[-0.02746,51.46927],[-0.02722,51.46998],[-0.02794,51.47033],[-0.02771,51.47095],[-0.02951,51.47082],[-0.03007,51.47136],[-0.03164,51.47136],[-0.03187,51.47227],[-0.03538,51.4703],[-0.03507,51.46974],[-0.03552,51.46938],[-0.0352,51.46894],[-0.03564,51.468]]]},"properties":{"code":"SE4","area":"SE","colorSlot":1}},{"type":"Feature","geometry":{"type":"Polygon","coordinates":[[[-0.09429,51.48288],[-0.09367,51.48316],[-0.09372,51.48362],[-0.09262,51.48365],[-0.09296,51.48415],[-0.09484,51.4837],[-0.09587,51.48401],[-0.09732,51.48276],[-0.09825,51.48321],[-0.1001,51.48232],[-0.09995,51.48188],[-0.10048,51.48151],[-0.10311,51.48131],[-0.10424,51.48045],[-0.10979,51.48203],[-0.109,51.47977],[-0.10757,51.47998],[-0.10664,51.47906],[-0.10307,51.47824],[-0.10107,51.47687],[-0.10146,51.47644],[-0.10109,51.47576],[-0.10363,51.47578],[-0.10487,51.47492],[-0.1057,51.47537],[-0.10733,51.47329],[-0.10683,51.47241],[-0.10462,51.47237],[-0.10532,51.47146],[-0.1046,51.46984],[-0.10396,51.47017],[-0.10264,51.46956],[-0.10443,51.46931],[-0.1039,51.46883],[-0.10407,51.46841],[-0.10297,51.46858],[-0.10221,51.46761],[-0.10258,51.46712],[-0.10214,51.46668],[-0.10062,51.46659],[-0.10087,51.46581],[-0.09845,51.46478],[-0.09864,51.46403],[-0.09778,51.46306],[-0.09601,51.4629],[-0.09487,51.4633],[-0.09493,51.4644],[-0.0933,51.46569],[-0.09175,51.46435],[-0.09333,51.46325],[-0.09478,51.46327],[-0.0943,51.46186],[-0.09511,51.46131],[-0.09409,51.45959],[-0.0923,51.45991],[-0.09189,51.46064],[-0.09102,51.46051],[-0.09091,51.45982],[-0.09005,51.45956],[-0.08944,51.45861],[-0.08822,51.45892],[-0.08724,51.45706],[-0.08663,51.45706],[-0.08522,51.45784],[-0.08607,51.4595],[-0.08605,51.46204],[-0.08372,51.46284],[-0.08371,51.46395],[-0.08429,51.46415],[-0.08405,51.46489],[-0.08338,51.46515],[-0.08341,51.46572],[-0.08203,51.46596],[-0.08059,51.46483],[-0.07987,51.46508],[-0.07879,51.46443],[-0.07839,51.46507],[-0.07922,51.46555],[-0.07841,51.46599],[-0.07814,51.46795],[-0.07678,51.46798],[-0.07501,51.46892],[-0.0766,51.46943],[-0.08148,51.46925],[-0.08157,51.47023],[-0.0808,51.47011],[-0.08054,51.47066],[-0.07946,51.47005],[-0.07754,51.47021],[-0.07788,51.47195],[-0.07879,51.47252],[-0.07837,51.47338],[-0.07761,51.47366],[-0.07796,51.47436],[-0.07687,51.47479],[-0.07796,51.47632],[-0.0821,51.47775],[-0.08247,51.47966],[-0.08302,51.47948],[-0.08517,51.48068],[-0.0835,51.48226],[-0.08057,51.48341],[-0.07601,51.48293],[-0.07622,51.48435],[-0.07478,51.48508],[-0.07565,51.48586],[-0.0771,51.48587],[-0.07532,51.48688],[-0.07618,51.48795],[-0.07732,51.48803],[-0.07868,51.48662],[-0.08016,51.48659],[-0.07947,51.48485],[-0.08122,51.48624],[-0.082,51.48595],[-0.08218,51.48519],[-0.08311,51.48569],[-0.08499,51.48521],[-0.08593,51.48466],[-0.08617,51.48322],[-0.08772,51.48362],[-0.08862,51.48334],[-0.08922,51.48188],[-0.09136,51.48317],[-0.09096,51.4819],[-0.09238,51.48214],[-0.09279,51.48274],[-0.09245,51.48319],[-0.09429,51.48288]]]},"properties":{"code":"SE5","area":"SE","colorSlot":1}},{"type":"Feature","geometry":{"type":"Polygon","coordinates":[[[-0.00812,51.449],[-0.00851,51.44984],[-0.01162,51.4504],[-0.01268,51.44959],[-0.01357,51.45029],[-0.01546,51.44979],[-0.01794,51.45115],[-0.01809,51.44976],[-0.0232,51.45101],[-0.02618,51.44903],[-0.03317,51.44849],[-0.03408,51.44734],[-0.03526,51.44725],[-0.03543,51.44601],[-0.03642,51.44526],[-0.03605,51.44471],[-0.03684,51.44409],[-0.03558,51.44382],[-0.03564,51.44319],[-0.03388,51.44188],[-0.03427,51.44157],[-0.03392,51.44038],[-0.03445,51.43864],[-0.03658,51.43767],[-0.0378,51.43762],[-0.03631,51.43679],[-0.03656,51.43528],[-0.03524,51.43493],[-0.03552,51.43401],[-0.03791,51.43395],[-0.0374,51.43273],[-0.03917,51.43207],[-0.03783,51.43073],[-0.03287,51.43138],[-0.03221,51.43],[-0.03284,51.42896],[-0.03075,51.42647],[-0.03171,51.42627],[-0.03223,51.42554],[-0.03069,51.42557],[-0.0299,51.42498],[-0.02939,51.42357],[-0.02562,51.42401],[-0.02443,51.42362],[-0.02468,51.42276],[-0.02235,51.42212],[-0.02077,51.42323],[-0.01815,51.42274],[-0.01536,51.42009],[-0.01465,51.42354],[-0.01189,51.42454],[-0.01013,51.42388],[-0.00973,51.4248],[-0.01025,51.42575],[-0.00888,51.42622],[-0.00842,51.42573],[-0.00726,51.42584],[-0.00668,51.42655],[-0.00865,51.42736],[-0.00932,51.42661],[-0.01036,51.42691],[-0.01079,51.42721],[-0.00999,51.42776],[-0.01116,51.42899],[-0.01194,51.42779],[-0.01337,51.42821],[-0.01205,51.42979],[-0.0091,51.43024],[-0.0067,51.43255],[-0.00352,51.4314],[-0.00274,51.43136],[-0.00176,51.4321],[0.00152,51.43113],[0.00289,51.43313],[0.00417,51.43203],[0.00542,51.43233],[0.00528,51.43341],[0.00711,51.43383],[0.00789,51.43328],[0.00966,51.43321],[0.01015,51.43395],[0.00994,51.43535],[0.01081,51.43608],[0.01308,51.43524],[0.01544,51.43576],[0.01486,51.43765],[0.01208,51.43851],[0.01179,51.44119],[0.00909,51.44324],[0.00599,51.44428],[0.00308,51.44596],[0.0013,51.44606],[-0.00036,51.44683],[-0.00173,51.44667],[-0.00304,51.44535],[-0.00496,51.4458],[-0.00572,51.44675],[-0.00784,51.44717],[-0.00594,51.44844],[-0.00666,51.44905],[-0.00812,51.449]]]},"properties":{"code":"SE6","area":"SE","colorSlot":0}},{"type":"Feature","geometry":{"type":"Polygon","coordinates":[[[0.03238,51.47571],[0.03283,51.47532],[0.03834,51.47468],[0.0394,51.47537],[0.04222,51.47508],[0.04659,51.47634],[0.0485,51.47776],[0.0475,51.47962],[0.05213,51.48181],[0.05152,51.48359],[0.05229,51.48496],[0.05083,51.48594],[0.05098,51.48636],[0.05028,51.48669],[0.05083,51.48753],[0.04912,51.48834],[0.04942,51.48868],[0.04837,51.49003],[0.04646,51.48978],[0.04596,51.49095],[0.04489,51.4912],[0.04578,51.49161],[0.04567,51.49234],[0.04395,51.49296],[0.04335,51.49204],[0.04166,51.49223],[0.04226,51.4915],[0.04171,51.4908],[0.04044,51.49163],[0.04063,51.49259],[0.03883,51.49331],[0.03749,51.49478],[0.03691,51.49723],[0.03103,51.49652],[0.02554,51.49775],[0.02263,51.49745],[0.02131,51.49405],[0.02149,51.4932],[0.0192,51.4912],[0.02016,51.49002],[0.01992,51.48841],[0.02034,51.48796],[0.0194,51.48701],[0.01991,51.48635],[0.01944,51.4854],[0.02191,51.48416],[0.02093,51.48125],[0.02159,51.48082],[0.02151,51.47997],[0.02231,51.47956],[0.02602,51.47975],[0.02609,51.47917],[0.02804,51.47826],[0.02859,51.47587],[0.02978,51.47551],[0.03238,51.47571]]]},"properties":{"code":"SE7","area":"SE","colorSlot":4}},{"type":"Feature","geometry":{"type":"Polygon","coordinates":[[[-0.03744,51.49083],[-0.0388,51.49148],[-0.03887,51.49227],[-0.03979,51.4929],[-0.04078,51.49217],[-0.04511,51.49133],[-0.0462,51.49151],[-0.04562,51.48754],[-0.04494,51.48735],[-0.04457,51.48625],[-0.04492,51.4855],[-0.04429,51.48516],[-0.04373,51.48371],[-0.04165,51.4828],[-0.03923,51.48277],[-0.03763,51.48185],[-0.03551,51.48222],[-0.03432,51.48148],[-0.03172,51.48122],[-0.03153,51.48068],[-0.03212,51.48009],[-0.03128,51.4793],[-0.0315,51.47867],[-0.03258,51.47866],[-0.03152,51.47803],[-0.03226,51.47782],[-0.03141,51.47667],[-0.03209,51.47549],[-0.03087,51.47623],[-0.02623,51.47496],[-0.02689,51.47422],[-0.02768,51.47432],[-0.02729,51.47361],[-0.02802,51.47367],[-0.03007,51.47136],[-0.02958,51.47083],[-0.02789,51.47105],[-0.02794,51.47033],[-0.02722,51.46998],[-0.02746,51.46927],[-0.02525,51.46911],[-0.02482,51.46836],[-0.0239,51.46832],[-0.02351,51.4677],[-0.02145,51.46807],[-0.01616,51.46687],[-0.01574,51.46642],[-0.01589,51.46534],[-0.01298,51.46637],[-0.01604,51.46792],[-0.01647,51.46905],[-0.0189,51.46942],[-0.02293,51.47281],[-0.02298,51.47375],[-0.02094,51.4745],[-0.02257,51.4752],[-0.02097,51.47681],[-0.019,51.47693],[-0.01844,51.47794],[-0.01946,51.47854],[-0.01857,51.4801],[-0.01639,51.48082],[-0.01591,51.48139],[-0.017,51.48322],[-0.01665,51.48432],[-0.02695,51.48772],[-0.02778,51.49031],[-0.02893,51.49132],[-0.03039,51.49395],[-0.03247,51.49357],[-0.03375,51.49254],[-0.03473,51.49288],[-0.03614,51.49184],[-0.03597,51.49137],[-0.03667,51.49084],[-0.03744,51.49083]]]},"properties":{"code":"SE8","area":"SE","colorSlot":0}},{"type":"Feature","geometry":{"type":"Polygon","coordinates":[[[0.05672,51.46906],[0.05402,51.47047],[0.05217,51.46961],[0.05258,51.46903],[0.05089,51.46772],[0.04716,51.46623],[0.04765,51.4649],[0.04616,51.46395],[0.0445,51.46444],[0.04236,51.46329],[0.04122,51.46359],[0.03933,51.46273],[0.03913,51.46217],[0.03796,51.46227],[0.03644,51.46081],[0.03526,51.46082],[0.03467,51.45989],[0.03329,51.45994],[0.03143,51.45892],[0.03304,51.45792],[0.02994,51.45491],[0.02672,51.45427],[0.02628,51.45324],[0.02665,51.45273],[0.02963,51.45243],[0.03071,51.44893],[0.03251,51.44813],[0.0321,51.44675],[0.03283,51.44337],[0.03049,51.44146],[0.03145,51.43753],[0.03283,51.43673],[0.03259,51.43564],[0.03147,51.43477],[0.03169,51.43282],[0.03266,51.43218],[0.03149,51.43162],[0.03258,51.4312],[0.03207,51.43084],[0.03289,51.43021],[0.03278,51.42983],[0.03437,51.42908],[0.03395,51.42852],[0.03507,51.42767],[0.03491,51.4266],[0.03407,51.42638],[0.03406,51.42459],[0.03768,51.42262],[0.04422,51.42222],[0.04659,51.42139],[0.04841,51.42268],[0.04811,51.42356],[0.05158,51.42496],[0.05358,51.42748],[0.05475,51.42768],[0.05585,51.42659],[0.05687,51.42654],[0.05657,51.42533],[0.0581,51.42474],[0.06067,51.42495],[0.06262,51.42595],[0.06422,51.42516],[0.06889,51.42699],[0.07041,51.42681],[0.07013,51.42893],[0.07181,51.42918],[0.07343,51.43128],[0.07746,51.43181],[0.07839,51.43013],[0.08033,51.43054],[0.08019,51.43335],[0.08189,51.43358],[0.08136,51.43476],[0.08277,51.4353],[0.08297,51.43614],[0.08367,51.43649],[0.08291,51.43764],[0.08161,51.43782],[0.08181,51.43864],[0.07975,51.43882],[0.07968,51.43916],[0.08207,51.43969],[0.08161,51.44113],[0.08224,51.44175],[0.08097,51.4427],[0.08152,51.44385],[0.0805,51.44489],[0.08556,51.44585],[0.08667,51.44557],[0.08922,51.44647],[0.08941,51.44752],[0.08636,51.4508],[0.08614,51.4521],[0.08653,51.45218],[0.08657,51.45358],[0.08729,51.45419],[0.08427,51.45641],[0.0855,51.45701],[0.08411,51.45857],[0.08244,51.45956],[0.08198,51.4607],[0.07886,51.46286],[0.0752,51.46392],[0.07419,51.46528],[0.07098,51.46591],[0.06439,51.46576],[0.06227,51.46468],[0.06008,51.46456],[0.05886,51.46602],[0.06012,51.46776],[0.05672,51.46906]]]},"properties":{"code":"SE9","area":"SE","colorSlot":0}},{"type":"Feature","geometry":{"type":"Polygon","coordinates":[[[0.01947,51.48689],[0.02034,51.48796],[0.01992,51.48841],[0.02016,51.49002],[0.0192,51.4912],[0.02149,51.4932],[0.02131,51.49405],[0.02263,51.49745],[0.01565,51.49966],[0.01309,51.50362],[0.00793,51.50505],[0.00435,51.50519],[0.00018,51.50448],[-0.00321,51.50281],[-0.00401,51.50116],[-0.00258,51.49625],[-0.0007,51.49461],[0.00027,51.49198],[-0.00002,51.48899],[-0.00442,51.48632],[-0.01222,51.48442],[-0.01665,51.48432],[-0.017,51.48322],[-0.01591,51.48139],[-0.01891,51.4799],[-0.01946,51.47854],[-0.01844,51.47794],[-0.019,51.47693],[-0.02043,51.47707],[-0.02253,51.47539],[-0.02095,51.47451],[-0.02152,51.47413],[-0.02104,51.47324],[-0.01938,51.47317],[-0.02016,51.47282],[-0.02002,51.47228],[-0.0186,51.47192],[-0.01817,51.47229],[-0.01857,51.47275],[-0.01589,51.47285],[-0.01498,51.47259],[-0.0152,51.47177],[-0.01476,51.47094],[-0.01104,51.47101],[-0.0099,51.47156],[-0.00928,51.47028],[-0.00734,51.46927],[-0.00566,51.47113],[-0.00385,51.47191],[-0.00229,51.47149],[0.00075,51.47355],[0.00306,51.47141],[0.00813,51.47243],[0.00804,51.47309],[0.00972,51.47498],[0.00897,51.47653],[0.00606,51.47735],[0.00303,51.47684],[0.00219,51.47882],[0.00524,51.48047],[0.00506,51.4822],[0.00625,51.48301],[0.01045,51.48356],[0.01106,51.48318],[0.01313,51.48388],[0.01551,51.48371],[0.01584,51.48445],[0.01894,51.48417],[0.02049,51.48477],[0.01944,51.4854],[0.01991,51.48635],[0.01947,51.48689]]]},"properties":{"code":"SE10","area":"SE","colorSlot":3}},{"type":"Feature","geometry":{"type":"Polygon","coordinates":[[[-0.10986,51.49572],[-0.11251,51.49643],[-0.11244,51.49557],[-0.11528,51.49597],[-0.11584,51.49517],[-0.11766,51.49504],[-0.11683,51.49426],[-0.11725,51.49361],[-0.11814,51.49432],[-0.12005,51.49419],[-0.1193,51.49336],[-0.11987,51.49267],[-0.1192,51.49242],[-0.11933,51.492],[-0.11996,51.4911],[-0.12211,51.49147],[-0.12136,51.49026],[-0.1225,51.49006],[-0.12278,51.48914],[-0.1222,51.48799],[-0.12381,51.48696],[-0.11879,51.48454],[-0.11859,51.48357],[-0.11599,51.48411],[-0.11546,51.48385],[-0.11631,51.48258],[-0.11576,51.48201],[-0.11517,51.48253],[-0.1144,51.48244],[-0.11412,51.48152],[-0.11302,51.48119],[-0.11099,51.4811],[-0.10986,51.48192],[-0.10627,51.48133],[-0.10597,51.48292],[-0.10682,51.48333],[-0.10526,51.48373],[-0.10679,51.48436],[-0.10559,51.48467],[-0.1064,51.48508],[-0.10615,51.48577],[-0.10754,51.48552],[-0.10649,51.48713],[-0.10267,51.48997],[-0.10383,51.49039],[-0.10255,51.49185],[-0.10151,51.49212],[-0.10229,51.4929],[-0.10244,51.494],[-0.10188,51.49494],[-0.10633,51.49613],[-0.10762,51.4954],[-0.10986,51.49572]]]},"properties":{"code":"SE11","area":"SE","colorSlot":3}},{"type":"Feature","geometry":{"type":"Polygon","coordinates":[[[0.02078,51.43132],[0.02121,51.43088],[0.02079,51.4301],[0.01866,51.42979],[0.02084,51.42893],[0.0201,51.42712],[0.021,51.42666],[0.02171,51.42659],[0.02347,51.4278],[0.02356,51.42851],[0.026,51.42888],[0.02735,51.42812],[0.02727,51.42757],[0.0302,51.42646],[0.03052,51.42511],[0.03406,51.42459],[0.03407,51.42638],[0.03491,51.4266],[0.03507,51.42767],[0.03395,51.42852],[0.03437,51.42908],[0.03278,51.42983],[0.03289,51.43021],[0.03212,51.43075],[0.03267,51.43111],[0.03149,51.43162],[0.03266,51.43218],[0.03169,51.43282],[0.03146,51.43474],[0.03259,51.43564],[0.03283,51.43673],[0.0315,51.43736],[0.03049,51.44146],[0.03283,51.44337],[0.0321,51.44675],[0.03258,51.44785],[0.03082,51.44887],[0.02996,51.45044],[0.02963,51.45243],[0.02626,51.45285],[0.02672,51.45427],[0.02474,51.45561],[0.02492,51.45661],[0.02577,51.45723],[0.02527,51.45817],[0.02179,51.45859],[0.0215,51.45966],[0.01736,51.45888],[0.0146,51.4574],[0.01369,51.45589],[0.01331,51.45705],[0.01201,51.45649],[0.00968,51.45678],[0.00994,51.45745],[0.00936,51.45796],[0.00805,51.4577],[0.00759,51.45852],[0.00574,51.45853],[0.00584,51.45763],[0.0047,51.45638],[0.00475,51.45542],[0.00271,51.45384],[0.00399,51.45368],[0.00384,51.45313],[0.00466,51.45281],[0.00457,51.45163],[0.00603,51.45119],[0.00605,51.45034],[0.00318,51.44985],[0.0027,51.4487],[0.00426,51.44763],[0.00391,51.44703],[0.00515,51.44623],[0.00404,51.44553],[0.00599,51.44428],[0.00909,51.44324],[0.01179,51.44119],[0.01208,51.43851],[0.01458,51.43775],[0.01537,51.43699],[0.01544,51.43576],[0.01782,51.43492],[0.02078,51.43132]]]},"properties":{"code":"SE12","area":"SE","colorSlot":1}},{"type":"Feature","geometry":{"type":"Polygon","coordinates":[[[-0.00521,51.46515],[-0.00504,51.46589],[-0.00327,51.4662],[-0.00435,51.46761],[-0.00928,51.47028],[-0.0099,51.47156],[-0.01104,51.47101],[-0.01472,51.47096],[-0.0152,51.47177],[-0.01492,51.47255],[-0.01857,51.47275],[-0.01817,51.47229],[-0.0186,51.47192],[-0.02016,51.47282],[-0.0193,51.47312],[-0.02104,51.47324],[-0.02152,51.47413],[-0.0229,51.47385],[-0.02293,51.47281],[-0.02165,51.47206],[-0.021,51.47078],[-0.01902,51.46946],[-0.01665,51.46904],[-0.01611,51.46796],[-0.01439,51.46684],[-0.01291,51.4665],[-0.01589,51.46534],[-0.01574,51.46642],[-0.01616,51.46687],[-0.0212,51.46813],[-0.02275,51.46765],[-0.02366,51.46535],[-0.02436,51.46484],[-0.02389,51.46408],[-0.02442,51.4626],[-0.02554,51.46116],[-0.02382,51.45976],[-0.02411,51.45934],[-0.02332,51.45771],[-0.02263,51.45745],[-0.02156,51.45782],[-0.02281,51.45635],[-0.02532,51.45738],[-0.02653,51.45692],[-0.0293,51.45742],[-0.03043,51.45685],[-0.02312,51.45575],[-0.02346,51.45455],[-0.02491,51.45427],[-0.02312,51.45327],[-0.0232,51.45101],[-0.02151,51.45036],[-0.02017,51.45053],[-0.01809,51.44976],[-0.01773,51.45032],[-0.01833,51.45069],[-0.01736,51.45116],[-0.01546,51.44979],[-0.01377,51.45042],[-0.01273,51.44959],[-0.01095,51.45037],[-0.00851,51.44984],[-0.00812,51.449],[-0.00666,51.44905],[-0.00594,51.44847],[-0.00784,51.44717],[-0.00572,51.44675],[-0.00496,51.4458],[-0.00304,51.44535],[-0.00173,51.44667],[-0.00057,51.44677],[0.00404,51.44553],[0.00515,51.44623],[0.00391,51.44703],[0.00426,51.44763],[0.0027,51.4487],[0.00318,51.44985],[0.00605,51.45034],[0.00603,51.45119],[0.0047,51.45147],[0.00466,51.45281],[0.00384,51.45313],[0.00399,51.45368],[0.00271,51.45384],[0.00437,51.4548],[0.00519,51.45735],[0.00584,51.45763],[0.00574,51.45853],[0.00676,51.45902],[0.00613,51.46038],[0.00664,51.46112],[0.0058,51.46137],[0.00497,51.46246],[0.0052,51.46337],[0.00161,51.46289],[0.00177,51.4634],[0.0012,51.46405],[-0.00019,51.46364],[-0.00153,51.46452],[-0.00521,51.46515]]]},"properties":{"code":"SE13","area":"SE","colorSlot":4}},{"type":"Feature","geometry":{"type":"Polygon","coordinates":[[[-0.04293,51.46693],[-0.04232,51.46723],[-0.04245,51.4683],[-0.04056,51.47111],[-0.03865,51.4707],[-0.03838,51.46928],[-0.03646,51.46906],[-0.03648,51.46859],[-0.03763,51.46807],[-0.03718,51.46755],[-0.03758,51.46668],[-0.03521,51.46595],[-0.03603,51.46657],[-0.03542,51.46742],[-0.03586,51.46768],[-0.0352,51.46894],[-0.03561,51.46913],[-0.03507,51.46974],[-0.03535,51.47027],[-0.03445,51.47048],[-0.03255,51.47222],[-0.03156,51.47219],[-0.0317,51.47146],[-0.03007,51.47136],[-0.02849,51.47335],[-0.02729,51.47361],[-0.02768,51.47432],[-0.02689,51.47422],[-0.02623,51.47496],[-0.03087,51.47623],[-0.032,51.47545],[-0.03141,51.47667],[-0.03216,51.47701],[-0.03226,51.47782],[-0.03152,51.47803],[-0.0326,51.47865],[-0.0315,51.47867],[-0.03132,51.47928],[-0.03227,51.4799],[-0.03151,51.48047],[-0.03172,51.48122],[-0.03432,51.48148],[-0.03525,51.48224],[-0.03763,51.48185],[-0.0403,51.48307],[-0.04165,51.4828],[-0.0437,51.48343],[-0.04406,51.48497],[-0.04492,51.4855],[-0.04457,51.48625],[-0.04494,51.48735],[-0.04594,51.48746],[-0.0475,51.48601],[-0.04897,51.48621],[-0.05028,51.48553],[-0.04961,51.48477],[-0.04879,51.48215],[-0.05283,51.48013],[-0.0534,51.47769],[-0.05282,51.47744],[-0.05253,51.47654],[-0.05377,51.47572],[-0.05323,51.47535],[-0.05371,51.47426],[-0.05445,51.47383],[-0.05329,51.47298],[-0.05158,51.47374],[-0.05058,51.47352],[-0.05279,51.47276],[-0.05089,51.47145],[-0.05127,51.47079],[-0.05085,51.46938],[-0.05115,51.46841],[-0.04975,51.46784],[-0.05062,51.46718],[-0.04939,51.46617],[-0.04358,51.4654],[-0.04285,51.46625],[-0.04293,51.46693]]]},"properties":{"code":"SE14","area":"SE","colorSlot":4}},{"type":"Feature","geometry":{"type":"Polygon","coordinates":[[[-0.0665,51.48404],[-0.06927,51.48265],[-0.06996,51.48275],[-0.07055,51.48382],[-0.07182,51.48401],[-0.07166,51.48506],[-0.07401,51.4866],[-0.07509,51.48665],[-0.07565,51.48586],[-0.07478,51.48508],[-0.07622,51.48435],[-0.07581,51.48305],[-0.0805,51.4835],[-0.08488,51.48125],[-0.08492,51.48044],[-0.08302,51.47948],[-0.08247,51.47966],[-0.0821,51.47775],[-0.07945,51.47701],[-0.0787,51.47626],[-0.07804,51.47638],[-0.07682,51.47508],[-0.07789,51.47456],[-0.07761,51.47366],[-0.07824,51.4735],[-0.07879,51.47252],[-0.07788,51.47195],[-0.07748,51.47028],[-0.07946,51.47005],[-0.08054,51.47066],[-0.0808,51.47011],[-0.08157,51.47023],[-0.08148,51.46925],[-0.07509,51.46923],[-0.07676,51.46799],[-0.07807,51.46796],[-0.07841,51.46599],[-0.07921,51.46561],[-0.07839,51.46507],[-0.07873,51.46329],[-0.07812,51.46256],[-0.07523,51.46174],[-0.07476,51.4621],[-0.0727,51.46204],[-0.07153,51.46277],[-0.07068,51.46269],[-0.0711,51.46182],[-0.07023,51.46178],[-0.06988,51.46256],[-0.06916,51.4626],[-0.06812,51.46209],[-0.06538,51.46208],[-0.06423,51.46042],[-0.06441,51.45871],[-0.06224,51.457],[-0.06086,51.45676],[-0.05702,51.45797],[-0.05411,51.45773],[-0.05419,51.45576],[-0.05054,51.45262],[-0.04932,51.45443],[-0.04761,51.45466],[-0.04812,51.45522],[-0.04787,51.45578],[-0.04558,51.45632],[-0.04676,51.45692],[-0.04549,51.45738],[-0.0459,51.45821],[-0.04496,51.45936],[-0.04615,51.4598],[-0.04542,51.46061],[-0.04617,51.46149],[-0.04582,51.46243],[-0.04673,51.46294],[-0.04712,51.46441],[-0.0488,51.46494],[-0.04959,51.46583],[-0.05032,51.46564],[-0.05061,51.46657],[-0.05013,51.4667],[-0.05062,51.46718],[-0.04976,51.46782],[-0.05115,51.46841],[-0.05087,51.47144],[-0.05279,51.47276],[-0.05058,51.47352],[-0.05158,51.47374],[-0.05329,51.47298],[-0.05438,51.47368],[-0.05332,51.47459],[-0.05323,51.47535],[-0.05377,51.47572],[-0.05253,51.47654],[-0.05262,51.47734],[-0.05331,51.47741],[-0.05341,51.47839],[-0.0528,51.48002],[-0.04879,51.48215],[-0.04961,51.48477],[-0.05025,51.48515],[-0.05136,51.4842],[-0.05233,51.48414],[-0.05346,51.48445],[-0.05431,51.48532],[-0.05515,51.48441],[-0.05845,51.48364],[-0.06101,51.48435],[-0.06325,51.48425],[-0.06408,51.48486],[-0.06583,51.48467],[-0.0665,51.48404]]]},"properties":{"code":"SE15","area":"SE","colorSlot":2}},{"type":"Feature","geometry":{"type":"Polygon","coordinates":[[[-0.04625,51.49059],[-0.04635,51.49133],[-0.04558,51.49163],[-0.04511,51.49133],[-0.04078,51.49217],[-0.04006,51.49291],[-0.03744,51.49083],[-0.03667,51.49084],[-0.03597,51.49137],[-0.03614,51.49184],[-0.03473,51.49288],[-0.03375,51.49254],[-0.03247,51.49357],[-0.03039,51.49395],[-0.03059,51.49547],[-0.02974,51.49676],[-0.03013,51.5015],[-0.02927,51.5041],[-0.03271,51.50707],[-0.0357,51.50804],[-0.0417,51.50861],[-0.04705,51.50797],[-0.04928,51.50588],[-0.05661,51.50197],[-0.06305,51.50192],[-0.06942,51.50348],[-0.0702,51.50188],[-0.06862,51.50133],[-0.06925,51.50109],[-0.06945,51.50008],[-0.07035,51.50001],[-0.06954,51.49871],[-0.07098,51.49831],[-0.07152,51.49768],[-0.074,51.4979],[-0.07441,51.49768],[-0.07398,51.4965],[-0.07512,51.49633],[-0.07546,51.49567],[-0.07637,51.49541],[-0.07601,51.49491],[-0.07237,51.49483],[-0.07195,51.49411],[-0.07253,51.4931],[-0.07381,51.49277],[-0.07361,51.49243],[-0.07221,51.49242],[-0.07208,51.49291],[-0.06931,51.49207],[-0.06868,51.49242],[-0.06631,51.49191],[-0.06435,51.4922],[-0.06353,51.49079],[-0.06437,51.49028],[-0.06313,51.48937],[-0.06012,51.4905],[-0.05996,51.48962],[-0.06566,51.48858],[-0.06473,51.48731],[-0.06614,51.4866],[-0.06553,51.48614],[-0.06622,51.48513],[-0.06583,51.48467],[-0.06408,51.48486],[-0.06325,51.48425],[-0.06101,51.48435],[-0.0586,51.48382],[-0.05515,51.48441],[-0.05438,51.48532],[-0.05346,51.48445],[-0.05136,51.4842],[-0.04917,51.48622],[-0.0475,51.48601],[-0.04562,51.48754],[-0.04625,51.49059]]]},"properties":{"code":"SE16","area":"SE","colorSlot":3}},{"type":"Feature","geometry":{"type":"Polygon","coordinates":[[[-0.09929,51.49184],[-0.10146,51.49216],[-0.10255,51.49185],[-0.10383,51.49039],[-0.10267,51.48997],[-0.10567,51.48813],[-0.10544,51.48765],[-0.10725,51.48639],[-0.10754,51.48552],[-0.10618,51.48579],[-0.10635,51.48515],[-0.10555,51.48472],[-0.10679,51.48436],[-0.10526,51.48373],[-0.10682,51.48333],[-0.10597,51.48292],[-0.10627,51.48133],[-0.10487,51.48042],[-0.10311,51.48131],[-0.10048,51.48151],[-0.1001,51.48232],[-0.09825,51.48321],[-0.09736,51.48276],[-0.09587,51.48401],[-0.09484,51.4837],[-0.09296,51.48415],[-0.09258,51.48374],[-0.09372,51.48362],[-0.09367,51.48316],[-0.09428,51.48306],[-0.09343,51.48266],[-0.09344,51.48313],[-0.09265,51.4834],[-0.09238,51.48214],[-0.09096,51.4819],[-0.0916,51.48306],[-0.09065,51.48298],[-0.08951,51.4818],[-0.08862,51.48334],[-0.08797,51.48364],[-0.08617,51.48322],[-0.08593,51.48466],[-0.08499,51.48521],[-0.08398,51.48514],[-0.08311,51.48569],[-0.08218,51.48519],[-0.082,51.48595],[-0.08131,51.48624],[-0.07953,51.4848],[-0.08028,51.48648],[-0.07981,51.48669],[-0.07986,51.4873],[-0.07913,51.48731],[-0.07761,51.48886],[-0.07931,51.48892],[-0.08039,51.4901],[-0.08137,51.4902],[-0.0815,51.49126],[-0.08223,51.49116],[-0.08423,51.4921],[-0.08556,51.49393],[-0.08744,51.49292],[-0.08854,51.49342],[-0.08915,51.49318],[-0.09024,51.49424],[-0.09223,51.49334],[-0.0941,51.49364],[-0.09481,51.49424],[-0.09679,51.49414],[-0.09803,51.49489],[-0.09847,51.4943],[-0.09918,51.49426],[-0.09843,51.49237],[-0.09929,51.49184]]]},"properties":{"code":"SE17","area":"SE","colorSlot":2}},{"type":"Feature","geometry":{"type":"Polygon","coordinates":[[[0.08755,51.49065],[0.08546,51.48994],[0.08406,51.49076],[0.07868,51.49133],[0.07764,51.49259],[0.07851,51.49479],[0.07714,51.49491],[0.07614,51.4956],[0.07498,51.49823],[0.0664,51.49659],[0.05979,51.49721],[0.0563,51.4966],[0.05342,51.49692],[0.04991,51.49826],[0.04287,51.4977],[0.04091,51.49797],[0.03691,51.49723],[0.03749,51.49478],[0.03883,51.49331],[0.04063,51.49259],[0.0405,51.49192],[0.04171,51.4908],[0.04226,51.4915],[0.04166,51.49223],[0.04315,51.49204],[0.04395,51.49296],[0.04567,51.49234],[0.04578,51.49161],[0.04492,51.4913],[0.04596,51.49095],[0.04646,51.48978],[0.04867,51.48981],[0.04944,51.48881],[0.04912,51.48834],[0.05083,51.48753],[0.05015,51.48689],[0.05098,51.48636],[0.05083,51.48594],[0.05229,51.48496],[0.05159,51.48374],[0.05213,51.48181],[0.04758,51.47968],[0.0476,51.47894],[0.0485,51.47776],[0.04659,51.47634],[0.04222,51.47508],[0.0394,51.47537],[0.03768,51.47422],[0.03839,51.47329],[0.04003,51.47396],[0.04032,51.47262],[0.04075,51.47246],[0.04214,51.4732],[0.04363,51.4726],[0.04586,51.47269],[0.04568,51.47065],[0.04795,51.46913],[0.04947,51.46914],[0.05135,51.46993],[0.05217,51.46961],[0.05402,51.47047],[0.05825,51.46874],[0.06012,51.46776],[0.05886,51.46602],[0.06008,51.46456],[0.06227,51.46468],[0.06415,51.46584],[0.06804,51.46555],[0.07098,51.46591],[0.07419,51.46528],[0.07559,51.46892],[0.07915,51.471],[0.08343,51.46969],[0.08552,51.46985],[0.09203,51.4721],[0.09204,51.47289],[0.09297,51.47363],[0.0951,51.47321],[0.09628,51.47347],[0.09672,51.47441],[0.10427,51.47368],[0.10768,51.47488],[0.10741,51.4765],[0.1062,51.47754],[0.10488,51.47779],[0.10398,51.47872],[0.10429,51.47927],[0.10343,51.47965],[0.10143,51.47935],[0.10123,51.48003],[0.09927,51.48084],[0.09994,51.48138],[0.10006,51.4828],[0.10184,51.48347],[0.10116,51.48424],[0.1023,51.48459],[0.10163,51.4856],[0.10435,51.48459],[0.10463,51.48505],[0.1003,51.48686],[0.10047,51.48778],[0.10155,51.48854],[0.10095,51.48904],[0.10167,51.49058],[0.09974,51.49203],[0.09704,51.49194],[0.09539,51.4926],[0.09204,51.49185],[0.09223,51.49056],[0.0901,51.49047],[0.08862,51.49108],[0.08755,51.49065]]]},"properties":{"code":"SE18","area":"SE","colorSlot":1}},{"type":"Feature","geometry":{"type":"Polygon","coordinates":[[[-0.09542,51.42325],[-0.09795,51.4229],[-0.10075,51.42399],[-0.10117,51.42367],[-0.10101,51.42303],[-0.10827,51.42247],[-0.10778,51.42135],[-0.10814,51.42024],[-0.1064,51.42024],[-0.10579,51.4198],[-0.10614,51.41855],[-0.10712,51.41782],[-0.10428,51.41503],[-0.10538,51.41469],[-0.10564,51.41397],[-0.10501,51.41347],[-0.10139,51.41362],[-0.0993,51.41316],[-0.09505,51.4091],[-0.09307,51.40914],[-0.09042,51.40776],[-0.0884,51.40835],[-0.0885,51.40912],[-0.08792,51.40943],[-0.08816,51.4099],[-0.08433,51.41018],[-0.08378,51.40991],[-0.0836,51.40866],[-0.08077,51.40764],[-0.08066,51.40686],[-0.08218,51.40631],[-0.08133,51.40562],[-0.08002,51.4061],[-0.07776,51.40465],[-0.07615,51.40795],[-0.07152,51.40918],[-0.07163,51.41234],[-0.07286,51.41325],[-0.07175,51.41447],[-0.07186,51.4152],[-0.0725,51.41544],[-0.07135,51.41634],[-0.07242,51.41731],[-0.07032,51.41876],[-0.07033,51.41773],[-0.06909,51.41686],[-0.06565,51.41845],[-0.06522,51.41977],[-0.06906,51.42007],[-0.06966,51.42291],[-0.07053,51.4231],[-0.07236,51.42572],[-0.07389,51.42639],[-0.07477,51.42604],[-0.07559,51.42641],[-0.07448,51.42741],[-0.07657,51.4281],[-0.07831,51.4299],[-0.07979,51.42987],[-0.08141,51.42909],[-0.08014,51.42836],[-0.08038,51.42783],[-0.08342,51.42752],[-0.08369,51.42864],[-0.08621,51.42865],[-0.08599,51.42804],[-0.08705,51.42697],[-0.08918,51.42718],[-0.08992,51.42621],[-0.09166,51.42629],[-0.09298,51.425],[-0.0956,51.42394],[-0.09542,51.42325]]]},"properties":{"code":"SE19","area":"SE","colorSlot":0}},{"type":"Feature","geometry":{"type":"Polygon","coordinates":[[[-0.06021,51.41888],[-0.06248,51.41882],[-0.06475,51.42007],[-0.0645,51.42043],[-0.06534,51.42214],[-0.0684,51.42304],[-0.06966,51.42291],[-0.06906,51.42007],[-0.06522,51.41977],[-0.06565,51.41845],[-0.06909,51.41686],[-0.07033,51.41773],[-0.07032,51.41876],[-0.07236,51.41758],[-0.07135,51.41634],[-0.07254,51.41552],[-0.07186,51.4152],[-0.07175,51.41447],[-0.07286,51.41325],[-0.07163,51.41234],[-0.07148,51.40923],[-0.07045,51.4072],[-0.0709,51.40624],[-0.07014,51.40388],[-0.0683,51.40356],[-0.0668,51.40229],[-0.06502,51.40224],[-0.06266,51.40102],[-0.05872,51.40087],[-0.05676,51.40028],[-0.05658,51.40288],[-0.05538,51.40412],[-0.05766,51.40536],[-0.05615,51.40663],[-0.05552,51.40642],[-0.05413,51.40706],[-0.05425,51.40784],[-0.05205,51.40814],[-0.05193,51.40878],[-0.05078,51.4095],[-0.04834,51.41023],[-0.04815,51.41113],[-0.04673,51.41123],[-0.04844,51.41315],[-0.04796,51.41388],[-0.04505,51.41458],[-0.04605,51.41524],[-0.04616,51.41593],[-0.04479,51.41674],[-0.04614,51.41772],[-0.04626,51.4195],[-0.04921,51.41871],[-0.04985,51.41929],[-0.05336,51.41967],[-0.0534,51.4193],[-0.05211,51.41868],[-0.05263,51.4182],[-0.05741,51.42111],[-0.05831,51.41977],[-0.0597,51.41946],[-0.06021,51.41888]]]},"properties":{"code":"SE20","area":"SE","colorSlot":3}},{"type":"Feature","geometry":{"type":"Polygon","coordinates":[[[-0.0865,51.45321],[-0.08731,51.45322],[-0.08821,51.45481],[-0.08937,51.45436],[-0.08943,51.45379],[-0.09028,51.45324],[-0.0912,51.45366],[-0.09234,51.45316],[-0.09267,51.45252],[-0.09093,51.45101],[-0.09034,51.44932],[-0.09141,51.44824],[-0.09321,51.44889],[-0.09661,51.44878],[-0.09796,51.44811],[-0.10164,51.44494],[-0.10318,51.44515],[-0.10432,51.44462],[-0.10398,51.44263],[-0.10503,51.44178],[-0.10495,51.44126],[-0.10568,51.44106],[-0.10451,51.44],[-0.10369,51.44044],[-0.10263,51.43916],[-0.10127,51.43955],[-0.10006,51.43833],[-0.0991,51.43928],[-0.09779,51.43912],[-0.09798,51.43832],[-0.09652,51.43779],[-0.09722,51.43704],[-0.09549,51.43708],[-0.09534,51.43668],[-0.09685,51.43639],[-0.09577,51.43499],[-0.09632,51.43397],[-0.09822,51.43288],[-0.09636,51.43202],[-0.09221,51.43248],[-0.09113,51.43186],[-0.09168,51.43085],[-0.09023,51.43044],[-0.09108,51.42977],[-0.08988,51.42935],[-0.09099,51.42874],[-0.08969,51.42866],[-0.08981,51.4293],[-0.08876,51.42934],[-0.08835,51.42859],[-0.08676,51.42904],[-0.08621,51.42865],[-0.08375,51.42866],[-0.08359,51.42775],[-0.08258,51.42748],[-0.08038,51.42783],[-0.08068,51.42884],[-0.08125,51.42887],[-0.07979,51.42987],[-0.07695,51.42958],[-0.07499,51.43002],[-0.07598,51.43115],[-0.07429,51.43152],[-0.07542,51.43336],[-0.07471,51.43565],[-0.06944,51.43755],[-0.06972,51.4384],[-0.06852,51.43992],[-0.06848,51.44133],[-0.06887,51.44231],[-0.07088,51.44359],[-0.0744,51.44248],[-0.07488,51.44443],[-0.07268,51.44671],[-0.07407,51.44711],[-0.07394,51.44753],[-0.0749,51.44819],[-0.07748,51.44793],[-0.07744,51.44904],[-0.07822,51.45003],[-0.08033,51.44939],[-0.08086,51.45031],[-0.0833,51.45146],[-0.08349,51.45177],[-0.08165,51.45244],[-0.08188,51.45361],[-0.08324,51.45419],[-0.0865,51.45321]]]},"properties":{"code":"SE21","area":"SE","colorSlot":1}},{"type":"Feature","geometry":{"type":"Polygon","coordinates":[[[-0.06459,51.45936],[-0.0641,51.46033],[-0.06538,51.46208],[-0.06894,51.46225],[-0.06916,51.4626],[-0.06988,51.46256],[-0.07015,51.46183],[-0.0711,51.46182],[-0.07068,51.46269],[-0.07153,51.46277],[-0.0727,51.46211],[-0.07523,51.46174],[-0.07812,51.46256],[-0.07873,51.46329],[-0.07879,51.46443],[-0.07987,51.46508],[-0.08037,51.46478],[-0.08203,51.46596],[-0.08316,51.46591],[-0.08429,51.46415],[-0.08371,51.46395],[-0.08372,51.46284],[-0.08605,51.46204],[-0.08607,51.4595],[-0.08517,51.45792],[-0.08663,51.45706],[-0.08599,51.45565],[-0.08782,51.45472],[-0.08731,51.45322],[-0.08485,51.45347],[-0.08324,51.45419],[-0.08188,51.45361],[-0.08165,51.45244],[-0.08349,51.45177],[-0.0833,51.45146],[-0.08086,51.45031],[-0.08033,51.44939],[-0.07822,51.45003],[-0.07744,51.44904],[-0.07748,51.44793],[-0.0749,51.44819],[-0.07394,51.44753],[-0.07407,51.44711],[-0.07268,51.44671],[-0.0749,51.44446],[-0.0744,51.44248],[-0.07088,51.44359],[-0.06887,51.44231],[-0.06852,51.43992],[-0.06462,51.44119],[-0.06519,51.44183],[-0.06513,51.44298],[-0.06323,51.44448],[-0.06446,51.44492],[-0.06451,51.4461],[-0.06277,51.44725],[-0.06229,51.44906],[-0.06124,51.44991],[-0.05703,51.45037],[-0.05549,51.45152],[-0.05051,51.45206],[-0.05054,51.45262],[-0.05403,51.45573],[-0.05411,51.45773],[-0.05702,51.45797],[-0.06085,51.45676],[-0.06224,51.457],[-0.06378,51.458],[-0.06459,51.45936]]]},"properties":{"code":"SE22","area":"SE","colorSlot":0}},{"type":"Feature","geometry":{"type":"Polygon","coordinates":[[[-0.04521,51.45347],[-0.04466,51.45532],[-0.04558,51.45632],[-0.0465,51.4562],[-0.04816,51.45549],[-0.04761,51.45466],[-0.04927,51.45444],[-0.05054,51.45262],[-0.05032,51.45219],[-0.05549,51.45152],[-0.05898,51.44992],[-0.06124,51.44991],[-0.06229,51.44906],[-0.06277,51.44725],[-0.06451,51.4461],[-0.06462,51.445],[-0.06323,51.44448],[-0.06513,51.44298],[-0.06524,51.44193],[-0.06462,51.44119],[-0.06852,51.43992],[-0.06972,51.4384],[-0.06417,51.43794],[-0.06251,51.43737],[-0.06198,51.43781],[-0.06012,51.43631],[-0.05892,51.43601],[-0.05829,51.43662],[-0.05657,51.43609],[-0.05739,51.4351],[-0.05676,51.43474],[-0.05559,51.43525],[-0.05361,51.43522],[-0.05282,51.43427],[-0.05349,51.43305],[-0.05282,51.43179],[-0.05021,51.43106],[-0.0496,51.42997],[-0.04822,51.42991],[-0.04443,51.43161],[-0.04342,51.43113],[-0.04216,51.43212],[-0.04108,51.4317],[-0.03999,51.43203],[-0.03979,51.431],[-0.03843,51.43095],[-0.0391,51.43203],[-0.0374,51.43273],[-0.03791,51.43395],[-0.03552,51.43401],[-0.03524,51.43493],[-0.03656,51.43528],[-0.0363,51.43669],[-0.0378,51.43762],[-0.03658,51.43767],[-0.03445,51.43864],[-0.03375,51.44021],[-0.03419,51.44237],[-0.03564,51.44319],[-0.03558,51.44382],[-0.03679,51.44394],[-0.03605,51.44471],[-0.03643,51.44521],[-0.03551,51.44595],[-0.0353,51.44723],[-0.03408,51.44734],[-0.03317,51.44849],[-0.03358,51.44906],[-0.03476,51.44909],[-0.0356,51.44844],[-0.03663,51.44893],[-0.03713,51.45156],[-0.03843,51.4522],[-0.04004,51.45238],[-0.04068,51.453],[-0.04521,51.45347]]]},"properties":{"code":"SE23","area":"SE","colorSlot":3}},{"type":"Feature","geometry":{"type":"Polygon","coordinates":[[[-0.10312,51.46378],[-0.10298,51.46281],[-0.10443,51.46246],[-0.10523,51.46023],[-0.104,51.45915],[-0.10472,51.4584],[-0.10653,51.45804],[-0.11019,51.46077],[-0.11057,51.46056],[-0.11013,51.45918],[-0.11046,51.45895],[-0.1095,51.45877],[-0.10966,51.45776],[-0.10885,51.45759],[-0.10908,51.45816],[-0.10824,51.45796],[-0.10862,51.45697],[-0.10919,51.45679],[-0.10875,51.45556],[-0.11029,51.4552],[-0.1105,51.45444],[-0.10631,51.45018],[-0.10923,51.44721],[-0.10943,51.44576],[-0.10539,51.44607],[-0.10666,51.44543],[-0.10702,51.44475],[-0.10837,51.44442],[-0.10751,51.4421],[-0.10568,51.44106],[-0.10495,51.44126],[-0.10503,51.44178],[-0.10408,51.44263],[-0.10446,51.44446],[-0.10318,51.44515],[-0.10164,51.44494],[-0.10003,51.44654],[-0.09869,51.44697],[-0.09796,51.44811],[-0.09661,51.44878],[-0.09325,51.44889],[-0.09141,51.44824],[-0.09034,51.44932],[-0.09093,51.45101],[-0.09267,51.45252],[-0.09234,51.45316],[-0.0912,51.45366],[-0.09028,51.45324],[-0.08896,51.45457],[-0.0871,51.45482],[-0.08599,51.45565],[-0.08814,51.45892],[-0.08944,51.45861],[-0.09005,51.45956],[-0.0907,51.45962],[-0.09102,51.46051],[-0.09189,51.46064],[-0.0923,51.45991],[-0.09409,51.45959],[-0.09511,51.46131],[-0.0943,51.46186],[-0.09464,51.46306],[-0.09333,51.46325],[-0.09175,51.46435],[-0.0933,51.46569],[-0.09493,51.4644],[-0.09487,51.4633],[-0.09601,51.4629],[-0.09778,51.46306],[-0.0986,51.46391],[-0.0984,51.46459],[-0.10087,51.46581],[-0.10284,51.4654],[-0.10261,51.46478],[-0.10329,51.46464],[-0.10312,51.46378]]]},"properties":{"code":"SE24","area":"SE","colorSlot":3}},{"type":"Feature","geometry":{"type":"Polygon","coordinates":[[[-0.08133,51.40562],[-0.08225,51.40653],[-0.08073,51.40667],[-0.08077,51.40764],[-0.0836,51.40866],[-0.08364,51.40977],[-0.08433,51.41018],[-0.08804,51.41012],[-0.0884,51.40835],[-0.09026,51.40772],[-0.09016,51.40624],[-0.09118,51.40605],[-0.09138,51.40551],[-0.09034,51.4049],[-0.09184,51.40434],[-0.09092,51.40333],[-0.09162,51.40332],[-0.09278,51.40235],[-0.09121,51.40164],[-0.09307,51.4013],[-0.09268,51.40018],[-0.09314,51.3996],[-0.09243,51.39886],[-0.09288,51.39861],[-0.09284,51.39773],[-0.09067,51.39682],[-0.09209,51.39615],[-0.09221,51.39535],[-0.09007,51.39302],[-0.09327,51.3933],[-0.09251,51.39194],[-0.09297,51.39132],[-0.09115,51.39089],[-0.09114,51.38875],[-0.09059,51.38842],[-0.08921,51.38884],[-0.08855,51.38751],[-0.08628,51.38665],[-0.08509,51.38789],[-0.08419,51.38979],[-0.08224,51.39093],[-0.0821,51.39187],[-0.07763,51.39207],[-0.07699,51.39335],[-0.07532,51.39295],[-0.07327,51.39144],[-0.07269,51.38966],[-0.07351,51.38935],[-0.07447,51.38793],[-0.07343,51.38764],[-0.07392,51.38674],[-0.07171,51.38475],[-0.06973,51.38512],[-0.06886,51.38592],[-0.06674,51.38553],[-0.06306,51.38588],[-0.06226,51.38679],[-0.06506,51.38655],[-0.06498,51.38757],[-0.06125,51.38903],[-0.05808,51.39148],[-0.05897,51.39388],[-0.0587,51.39565],[-0.05557,51.39815],[-0.05676,51.40028],[-0.05872,51.40087],[-0.06259,51.40103],[-0.06502,51.40224],[-0.0668,51.40229],[-0.0683,51.40356],[-0.07014,51.40388],[-0.07087,51.40621],[-0.07045,51.4072],[-0.07073,51.40829],[-0.07152,51.40918],[-0.07598,51.40797],[-0.07776,51.40465],[-0.08002,51.4061],[-0.08133,51.40562]]]},"properties":{"code":"SE25","area":"SE","colorSlot":2}},{"type":"Feature","geometry":{"type":"Polygon","coordinates":[[[-0.06326,51.43744],[-0.06648,51.43813],[-0.06941,51.43788],[-0.07471,51.43565],[-0.07542,51.43336],[-0.07429,51.43152],[-0.07598,51.43115],[-0.07502,51.43021],[-0.07766,51.42956],[-0.07661,51.42836],[-0.07448,51.42741],[-0.07559,51.42641],[-0.07477,51.42604],[-0.07389,51.42639],[-0.07236,51.42572],[-0.07053,51.4231],[-0.0684,51.42304],[-0.06534,51.42214],[-0.0645,51.42043],[-0.06475,51.42007],[-0.06248,51.41882],[-0.06021,51.41888],[-0.0597,51.41946],[-0.05836,51.41976],[-0.05741,51.42111],[-0.05263,51.4182],[-0.05211,51.41868],[-0.0534,51.4193],[-0.05336,51.41967],[-0.04985,51.41929],[-0.04921,51.41871],[-0.04771,51.41881],[-0.04315,51.42097],[-0.04294,51.4223],[-0.04122,51.42283],[-0.04034,51.42369],[-0.03771,51.42398],[-0.03636,51.42349],[-0.03607,51.42237],[-0.03655,51.42188],[-0.03853,51.42254],[-0.03843,51.42178],[-0.03762,51.42113],[-0.04079,51.42021],[-0.03908,51.41865],[-0.03518,51.41952],[-0.03273,51.42133],[-0.03006,51.42222],[-0.0293,51.42339],[-0.0299,51.42498],[-0.03069,51.42557],[-0.03223,51.42554],[-0.03171,51.42627],[-0.03075,51.42647],[-0.03284,51.42896],[-0.03221,51.43],[-0.03287,51.43138],[-0.03783,51.43073],[-0.03979,51.431],[-0.03998,51.43202],[-0.04108,51.4317],[-0.04216,51.43212],[-0.04342,51.43113],[-0.04443,51.43161],[-0.04594,51.43065],[-0.04892,51.42982],[-0.0496,51.42997],[-0.0512,51.43171],[-0.05253,51.43181],[-0.05349,51.43305],[-0.05287,51.43404],[-0.05356,51.43523],[-0.05559,51.43525],[-0.05676,51.43474],[-0.05739,51.4351],[-0.05657,51.43609],[-0.05829,51.43662],[-0.05892,51.43601],[-0.0601,51.43628],[-0.06198,51.43781],[-0.06326,51.43744]]]},"properties":{"code":"SE26","area":"SE","colorSlot":2}},{"type":"Feature","geometry":{"type":"Polygon","coordinates":[[[-0.10985,51.43494],[-0.11203,51.43503],[-0.11305,51.43462],[-0.11305,51.4341],[-0.11532,51.43341],[-0.11532,51.43249],[-0.11398,51.43183],[-0.11384,51.43043],[-0.11254,51.42924],[-0.11297,51.42814],[-0.1121,51.42761],[-0.11404,51.42659],[-0.11423,51.42582],[-0.11178,51.42497],[-0.11135,51.42374],[-0.11008,51.42434],[-0.10872,51.42375],[-0.10783,51.42423],[-0.1071,51.4234],[-0.10755,51.42277],[-0.10576,51.42307],[-0.1048,51.42251],[-0.10434,51.42288],[-0.10101,51.42303],[-0.10117,51.42367],[-0.10075,51.42399],[-0.0996,51.42386],[-0.09941,51.42335],[-0.09803,51.42274],[-0.09542,51.42325],[-0.0956,51.4238],[-0.09428,51.42477],[-0.09298,51.425],[-0.09166,51.42629],[-0.08992,51.42621],[-0.08888,51.42717],[-0.08705,51.42697],[-0.08599,51.42804],[-0.0866,51.42885],[-0.08872,51.4287],[-0.08876,51.42934],[-0.08981,51.4293],[-0.08969,51.42866],[-0.09091,51.42869],[-0.08984,51.42931],[-0.09108,51.42977],[-0.09023,51.43044],[-0.09168,51.43085],[-0.09108,51.43164],[-0.09221,51.43248],[-0.09608,51.43202],[-0.09813,51.43279],[-0.09632,51.43397],[-0.09577,51.43499],[-0.09685,51.43639],[-0.09595,51.43639],[-0.09531,51.43701],[-0.09718,51.43696],[-0.09652,51.43779],[-0.0978,51.4382],[-0.09775,51.43888],[-0.0991,51.43928],[-0.10006,51.43833],[-0.10127,51.43955],[-0.10263,51.43916],[-0.10369,51.44044],[-0.10451,51.44],[-0.10619,51.44126],[-0.10697,51.44084],[-0.10668,51.44025],[-0.10756,51.43976],[-0.10571,51.43905],[-0.10739,51.43857],[-0.10891,51.43692],[-0.10764,51.4356],[-0.10985,51.43494]]]},"properties":{"code":"SE27","area":"SE","colorSlot":3}},{"type":"Feature","geometry":{"type":"Polygon","coordinates":[[[0.07764,51.49259],[0.07868,51.49133],[0.08406,51.49076],[0.08546,51.48994],[0.08862,51.49108],[0.0901,51.49047],[0.09201,51.49048],[0.0925,51.49077],[0.09203,51.49181],[0.09539,51.4926],[0.09701,51.49193],[0.10196,51.49254],[0.10274,51.49326],[0.1024,51.49482],[0.10457,51.49661],[0.10703,51.49671],[0.10831,51.49724],[0.10928,51.49895],[0.11291,51.49928],[0.1176,51.50072],[0.12128,51.50091],[0.12348,51.50291],[0.12712,51.50324],[0.13039,51.50274],[0.13082,51.50633],[0.13353,51.50815],[0.14401,51.50828],[0.1449,51.50945],[0.14144,51.51247],[0.13448,51.5153],[0.12703,51.51729],[0.12292,51.51919],[0.1047,51.51131],[0.10248,51.51086],[0.09432,51.5107],[0.0842,51.50895],[0.08242,51.50564],[0.08209,51.5041],[0.0784,51.50028],[0.07504,51.49826],[0.07614,51.4956],[0.07714,51.49491],[0.07846,51.49482],[0.07764,51.49259]]]},"properties":{"code":"SE28","area":"SE","colorSlot":2}},{"type":"Feature","geometry":{"type":"Polygon","coordinates":[[[-0.12313,51.50627],[-0.12457,51.50618],[-0.12644,51.50722],[-0.12877,51.50701],[-0.12873,51.5077],[-0.12965,51.50758],[-0.13017,51.50711],[-0.12941,51.50654],[-0.12938,51.50597],[-0.13016,51.50488],[-0.13603,51.50394],[-0.13652,51.50517],[-0.13791,51.50553],[-0.13735,51.50564],[-0.13832,51.5061],[-0.1388,51.50671],[-0.13851,51.50684],[-0.14046,51.50779],[-0.14189,51.5069],[-0.14377,51.50342],[-0.14601,51.50179],[-0.14443,51.50053],[-0.14189,51.50039],[-0.13939,51.50085],[-0.13868,51.50187],[-0.13654,51.50213],[-0.13058,51.50211],[-0.12933,51.50136],[-0.12779,51.50182],[-0.12576,51.50035],[-0.12593,51.49937],[-0.12305,51.49799],[-0.12076,51.50048],[-0.12065,51.50141],[-0.1218,51.50302],[-0.1218,51.50396],[-0.11999,51.50476],[-0.11964,51.50565],[-0.1218,51.50667],[-0.12313,51.50627]]]},"properties":{"code":"SW1A","area":"SW","colorSlot":1}},{"type":"Feature","geometry":{"type":"Polygon","coordinates":[[[-0.14392,51.5004],[-0.14428,51.50049],[-0.14257,51.49876],[-0.14381,51.49789],[-0.1441,51.49671],[-0.14466,51.49654],[-0.14428,51.49612],[-0.1435,51.49653],[-0.14036,51.4961],[-0.13911,51.49678],[-0.13652,51.49667],[-0.13617,51.49778],[-0.13538,51.49784],[-0.13808,51.49966],[-0.13645,51.50001],[-0.13654,51.50213],[-0.13868,51.50187],[-0.13939,51.50085],[-0.1402,51.50066],[-0.14392,51.5004]]]},"properties":{"code":"SW1E","area":"SW","colorSlot":3}},{"type":"Feature","geometry":{"type":"Polygon","coordinates":[[[-0.13545,51.49819],[-0.13639,51.49751],[-0.13456,51.49704],[-0.13396,51.49742],[-0.13399,51.49796],[-0.1334,51.49765],[-0.13148,51.49859],[-0.13058,51.4985],[-0.12896,51.50008],[-0.13041,51.50066],[-0.12949,51.50057],[-0.12933,51.50136],[-0.13058,51.50211],[-0.13654,51.50213],[-0.13633,51.50019],[-0.13688,51.49969],[-0.13808,51.49966],[-0.13609,51.49809],[-0.13545,51.49819]]]},"properties":{"code":"SW1H","area":"SW","colorSlot":0}},{"type":"Feature","geometry":{"type":"Polygon","coordinates":[[[-0.14151,51.49619],[-0.14223,51.49635],[-0.14229,51.49563],[-0.14104,51.49533],[-0.13963,51.49394],[-0.13887,51.4944],[-0.13842,51.49279],[-0.13783,51.49303],[-0.13711,51.49218],[-0.13514,51.49292],[-0.13579,51.4923],[-0.13515,51.49146],[-0.13255,51.49082],[-0.13214,51.49002],[-0.13113,51.4902],[-0.13171,51.48983],[-0.13056,51.48961],[-0.13081,51.48915],[-0.13001,51.48945],[-0.12885,51.48836],[-0.12639,51.48787],[-0.12539,51.49005],[-0.12333,51.49194],[-0.12365,51.49318],[-0.12332,51.49373],[-0.12404,51.49496],[-0.12277,51.497],[-0.12305,51.49799],[-0.12593,51.49937],[-0.12576,51.50035],[-0.12809,51.50186],[-0.12933,51.50136],[-0.12949,51.50057],[-0.13028,51.50082],[-0.12896,51.50008],[-0.13035,51.49863],[-0.13321,51.49768],[-0.13399,51.49796],[-0.13438,51.49703],[-0.13609,51.49731],[-0.13652,51.49667],[-0.13911,51.49678],[-0.14027,51.49611],[-0.14151,51.49619]]]},"properties":{"code":"SW1P","area":"SW","colorSlot":2}},{"type":"Feature","geometry":{"type":"Polygon","coordinates":[[[-0.14569,51.49336],[-0.14811,51.49114],[-0.14828,51.48835],[-0.14725,51.48678],[-0.1482,51.48657],[-0.14954,51.48474],[-0.14638,51.48443],[-0.14358,51.4829],[-0.13883,51.48422],[-0.13488,51.48428],[-0.13209,51.48489],[-0.12932,51.48588],[-0.12639,51.48787],[-0.12994,51.48865],[-0.13001,51.48945],[-0.13078,51.48912],[-0.13056,51.48961],[-0.13172,51.48971],[-0.13113,51.49002],[-0.1325,51.49037],[-0.13251,51.49082],[-0.13515,51.49146],[-0.13582,51.49206],[-0.13514,51.49292],[-0.13711,51.49218],[-0.13761,51.49285],[-0.13861,51.49303],[-0.1389,51.49347],[-0.13841,51.49373],[-0.13887,51.4944],[-0.1395,51.49391],[-0.14031,51.49435],[-0.14126,51.49545],[-0.14229,51.49563],[-0.14223,51.49635],[-0.1435,51.49653],[-0.14521,51.49596],[-0.14468,51.49427],[-0.14569,51.49336]]]},"properties":{"code":"SW1V","area":"SW","colorSlot":4}},{"type":"Feature","geometry":{"type":"Polygon","coordinates":[[[-0.14898,51.49767],[-0.14969,51.4974],[-0.15066,51.49775],[-0.15256,51.49649],[-0.15198,51.49589],[-0.15356,51.49598],[-0.15304,51.4952],[-0.15492,51.49516],[-0.1548,51.49478],[-0.15656,51.49402],[-0.15602,51.49325],[-0.15864,51.49301],[-0.15868,51.49239],[-0.15974,51.49241],[-0.1595,51.4918],[-0.1588,51.49219],[-0.15821,51.49172],[-0.15821,51.49022],[-0.15635,51.48968],[-0.15407,51.48784],[-0.15413,51.48587],[-0.15291,51.48427],[-0.14962,51.48474],[-0.1482,51.48657],[-0.14725,51.48678],[-0.14828,51.48835],[-0.14841,51.49054],[-0.147,51.49248],[-0.14581,51.49296],[-0.14577,51.49374],[-0.14468,51.49427],[-0.14521,51.49596],[-0.14427,51.49604],[-0.14466,51.49654],[-0.1441,51.49671],[-0.14386,51.49823],[-0.14259,51.49849],[-0.14428,51.50049],[-0.14591,51.50146],[-0.1468,51.49981],[-0.14653,51.4988],[-0.14687,51.49832],[-0.14725,51.49792],[-0.1481,51.49848],[-0.14943,51.49836],[-0.14898,51.49767]]]},"properties":{"code":"SW1W","area":"SW","colorSlot":0}},{"type":"Feature","geometry":{"type":"Polygon","coordinates":[[[-0.16288,51.49476],[-0.16228,51.49472],[-0.16192,51.49384],[-0.16061,51.49367],[-0.16069,51.49408],[-0.15833,51.49418],[-0.1593,51.49341],[-0.15876,51.49347],[-0.15869,51.49301],[-0.15611,51.49321],[-0.15643,51.49379],[-0.15613,51.49418],[-0.1545,51.49522],[-0.15305,51.4952],[-0.15356,51.49598],[-0.15328,51.49613],[-0.15198,51.49589],[-0.15256,51.49649],[-0.15146,51.49732],[-0.14898,51.49767],[-0.14937,51.49818],[-0.1481,51.49848],[-0.14736,51.49795],[-0.14687,51.49832],[-0.14601,51.50179],[-0.1537,51.50336],[-0.15581,51.50523],[-0.15835,51.50608],[-0.15987,51.50625],[-0.1624,51.50523],[-0.1628,51.50258],[-0.16355,51.50184],[-0.16199,51.50091],[-0.16116,51.50179],[-0.16039,51.5017],[-0.16099,51.49961],[-0.16178,51.49929],[-0.16237,51.5002],[-0.16384,51.49934],[-0.16143,51.49874],[-0.16137,51.49822],[-0.16433,51.49666],[-0.16383,51.49635],[-0.16453,51.49555],[-0.16422,51.4949],[-0.16288,51.49476]]]},"properties":{"code":"SW1X","area":"SW","colorSlot":3}},{"type":"Feature","geometry":{"type":"Polygon","coordinates":[[[-0.13504,51.50922],[-0.13582,51.50939],[-0.13975,51.50736],[-0.13845,51.50699],[-0.1388,51.50671],[-0.13742,51.50574],[-0.1379,51.5056],[-0.13748,51.50519],[-0.13653,51.50518],[-0.13603,51.50394],[-0.13016,51.50488],[-0.12936,51.50584],[-0.12941,51.50654],[-0.13022,51.50701],[-0.12967,51.50757],[-0.12823,51.50785],[-0.12811,51.50835],[-0.13176,51.50896],[-0.13095,51.50941],[-0.13113,51.50975],[-0.13063,51.50971],[-0.13138,51.51005],[-0.13226,51.50973],[-0.13338,51.51017],[-0.13355,51.50949],[-0.13461,51.50979],[-0.13504,51.50922]]]},"properties":{"code":"SW1Y","area":"SW","colorSlot":3}},{"type":"Feature","geometry":{"type":"Polygon","coordinates":[[[-0.1159,51.46082],[-0.11712,51.46128],[-0.11848,51.46082],[-0.12231,51.46141],[-0.12238,51.461],[-0.1236,51.46075],[-0.12343,51.46149],[-0.1259,51.46218],[-0.12611,51.4615],[-0.12513,51.46157],[-0.12564,51.46091],[-0.12799,51.46008],[-0.12925,51.46017],[-0.1288,51.45902],[-0.12808,51.45867],[-0.12833,51.45718],[-0.12931,51.45702],[-0.12834,51.45667],[-0.12888,51.45622],[-0.1276,51.4547],[-0.12878,51.45517],[-0.12873,51.45451],[-0.12804,51.45442],[-0.1289,51.45347],[-0.12894,51.45242],[-0.12975,51.45227],[-0.12992,51.45061],[-0.12928,51.45056],[-0.12922,51.44991],[-0.13075,51.45018],[-0.131,51.44986],[-0.13045,51.44934],[-0.1308,51.44875],[-0.13051,51.4486],[-0.13155,51.44656],[-0.13145,51.44442],[-0.13249,51.44417],[-0.13226,51.44349],[-0.13304,51.44285],[-0.13452,51.44252],[-0.13466,51.44194],[-0.13547,51.4423],[-0.13763,51.4409],[-0.13536,51.43964],[-0.12852,51.4385],[-0.12714,51.43779],[-0.12576,51.43813],[-0.12541,51.43763],[-0.1226,51.43752],[-0.12013,51.43597],[-0.11811,51.43701],[-0.11723,51.43657],[-0.11547,51.43716],[-0.11196,51.43653],[-0.11046,51.43729],[-0.10893,51.43691],[-0.10745,51.43853],[-0.10571,51.43905],[-0.10747,51.43967],[-0.1068,51.44004],[-0.107,51.44069],[-0.10648,51.44129],[-0.10818,51.44306],[-0.10785,51.44343],[-0.10838,51.44427],[-0.10539,51.44607],[-0.10747,51.44636],[-0.10916,51.44549],[-0.10959,51.44649],[-0.10634,51.45014],[-0.10988,51.45325],[-0.11047,51.45443],[-0.11029,51.4552],[-0.10875,51.45556],[-0.10932,51.45657],[-0.10862,51.45697],[-0.10824,51.45796],[-0.10902,51.45819],[-0.10885,51.45759],[-0.10948,51.4576],[-0.1095,51.45877],[-0.11046,51.45895],[-0.11013,51.45918],[-0.11057,51.46056],[-0.11158,51.46041],[-0.11213,51.46146],[-0.11441,51.46093],[-0.1146,51.46144],[-0.11534,51.46135],[-0.1159,51.46082]]]},"properties":{"code":"SW2","area":"SW","colorSlot":0}},{"type":"Feature","geometry":{"type":"Polygon","coordinates":[[[-0.16357,51.49717],[-0.16186,51.49761],[-0.16143,51.49874],[-0.16384,51.49934],[-0.16237,51.5002],[-0.16178,51.49929],[-0.16099,51.49961],[-0.16039,51.5017],[-0.16116,51.50179],[-0.16313,51.5003],[-0.16456,51.5001],[-0.16443,51.49963],[-0.16569,51.49938],[-0.16506,51.49912],[-0.16541,51.49875],[-0.16621,51.49888],[-0.16792,51.49798],[-0.16739,51.49755],[-0.16853,51.49787],[-0.16818,51.49838],[-0.16858,51.49862],[-0.17054,51.4983],[-0.1693,51.4977],[-0.16913,51.49695],[-0.16956,51.49579],[-0.17042,51.49567],[-0.16953,51.49468],[-0.17006,51.49404],[-0.16981,51.49313],[-0.17219,51.49166],[-0.17315,51.49189],[-0.17346,51.4915],[-0.17296,51.49131],[-0.1736,51.49081],[-0.17424,51.49139],[-0.1752,51.49123],[-0.17464,51.49043],[-0.17627,51.48957],[-0.17582,51.48927],[-0.17725,51.48867],[-0.17626,51.48874],[-0.1747,51.48764],[-0.1763,51.48643],[-0.17861,51.48704],[-0.17972,51.48641],[-0.17951,51.48574],[-0.17828,51.48523],[-0.17847,51.48467],[-0.17719,51.48439],[-0.17751,51.48402],[-0.17692,51.48355],[-0.17489,51.48304],[-0.17294,51.48099],[-0.16797,51.48219],[-0.16392,51.48217],[-0.16235,51.48157],[-0.15921,51.48155],[-0.15561,51.48079],[-0.15303,51.48403],[-0.15413,51.48587],[-0.15405,51.48776],[-0.15635,51.48968],[-0.15821,51.49022],[-0.15818,51.49162],[-0.1588,51.49219],[-0.15939,51.4918],[-0.15978,51.49213],[-0.15874,51.49236],[-0.15876,51.49347],[-0.1593,51.49341],[-0.15833,51.49418],[-0.16191,51.49382],[-0.16261,51.49483],[-0.16417,51.49482],[-0.16453,51.49555],[-0.16357,51.49717]]]},"properties":{"code":"SW3","area":"SW","colorSlot":4}},{"type":"Feature","geometry":{"type":"Polygon","coordinates":[[[-0.1511,51.46199],[-0.1594,51.46196],[-0.16218,51.46161],[-0.16227,51.46084],[-0.16055,51.46051],[-0.16097,51.46018],[-0.16085,51.45921],[-0.15742,51.45953],[-0.15614,51.45871],[-0.15708,51.45806],[-0.15694,51.45767],[-0.15427,51.45432],[-0.15281,51.45406],[-0.15233,51.45336],[-0.14955,51.45401],[-0.15152,51.45291],[-0.15153,51.45222],[-0.15042,51.45191],[-0.14719,51.45287],[-0.14594,51.45253],[-0.14571,51.45341],[-0.14453,51.45389],[-0.1435,51.45339],[-0.14358,51.45283],[-0.14172,51.45291],[-0.14214,51.45187],[-0.14175,51.45156],[-0.14243,51.45105],[-0.1424,51.45029],[-0.14082,51.44993],[-0.14048,51.44933],[-0.14186,51.44901],[-0.14055,51.44846],[-0.13781,51.4482],[-0.13634,51.44863],[-0.13554,51.44853],[-0.13487,51.44781],[-0.13238,51.44814],[-0.13157,51.44776],[-0.13052,51.44835],[-0.13075,51.45018],[-0.12922,51.44991],[-0.12928,51.45056],[-0.12992,51.45061],[-0.12975,51.45227],[-0.12878,51.45274],[-0.1289,51.45347],[-0.12804,51.45442],[-0.12873,51.45451],[-0.12878,51.45517],[-0.1276,51.4547],[-0.12888,51.45622],[-0.12832,51.45664],[-0.12931,51.45702],[-0.12833,51.45718],[-0.12789,51.45853],[-0.1288,51.45902],[-0.12929,51.46013],[-0.12816,51.45999],[-0.12776,51.46054],[-0.12564,51.46091],[-0.1251,51.46138],[-0.12611,51.4615],[-0.12608,51.46209],[-0.12343,51.46149],[-0.12372,51.46078],[-0.12172,51.4614],[-0.12016,51.46098],[-0.11969,51.46162],[-0.12099,51.46205],[-0.12154,51.46361],[-0.12385,51.46318],[-0.12519,51.46364],[-0.12638,51.46298],[-0.12974,51.46404],[-0.12865,51.46429],[-0.12931,51.46449],[-0.12829,51.46514],[-0.12925,51.46524],[-0.1286,51.46721],[-0.12957,51.4676],[-0.12953,51.46821],[-0.12882,51.4689],[-0.12773,51.46839],[-0.12701,51.46862],[-0.12744,51.47007],[-0.12541,51.46979],[-0.12614,51.47073],[-0.12534,51.47077],[-0.12492,51.47139],[-0.12345,51.47146],[-0.12222,51.4731],[-0.12224,51.47379],[-0.12335,51.47387],[-0.123,51.47432],[-0.12468,51.47419],[-0.12562,51.47478],[-0.12856,51.47396],[-0.12851,51.47304],[-0.13042,51.47279],[-0.13026,51.4722],[-0.13096,51.47109],[-0.13231,51.47016],[-0.13274,51.47062],[-0.13337,51.4705],[-0.13273,51.47004],[-0.13517,51.46863],[-0.13975,51.47026],[-0.14056,51.46891],[-0.14138,51.46907],[-0.14345,51.46801],[-0.14438,51.46811],[-0.1446,51.46735],[-0.14877,51.46604],[-0.15048,51.46577],[-0.15065,51.46624],[-0.15134,51.46617],[-0.15104,51.46508],[-0.15142,51.46487],[-0.15101,51.46451],[-0.1521,51.464],[-0.15122,51.46353],[-0.15186,51.46294],[-0.1511,51.46199]]]},"properties":{"code":"SW4","area":"SW","colorSlot":3}},{"type":"Feature","geometry":{"type":"Polygon","coordinates":[[[-0.18702,51.49302],[-0.18611,51.49262],[-0.186,51.49301],[-0.18711,51.49452],[-0.18794,51.49418],[-0.18886,51.49505],[-0.18944,51.49472],[-0.19007,51.4952],[-0.19389,51.49535],[-0.19442,51.49502],[-0.19506,51.49546],[-0.19566,51.49454],[-0.19655,51.49481],[-0.19827,51.4942],[-0.19983,51.49466],[-0.2,51.49306],[-0.20174,51.49228],[-0.20196,51.4913],[-0.20181,51.49086],[-0.19991,51.49012],[-0.1993,51.4887],[-0.19755,51.48826],[-0.19598,51.48704],[-0.19331,51.48647],[-0.19277,51.48756],[-0.19291,51.48861],[-0.19019,51.48913],[-0.18942,51.48843],[-0.18866,51.48902],[-0.18759,51.48889],[-0.18708,51.48975],[-0.18644,51.48946],[-0.18203,51.4906],[-0.18367,51.4924],[-0.18448,51.49255],[-0.18665,51.49179],[-0.18724,51.49217],[-0.18702,51.49302]]]},"properties":{"code":"SW5","area":"SW","colorSlot":1}},{"type":"Feature","geometry":{"type":"Polygon","coordinates":[[[-0.19841,51.48831],[-0.1993,51.4887],[-0.19991,51.49012],[-0.20188,51.49062],[-0.20135,51.489],[-0.19981,51.48861],[-0.20074,51.48748],[-0.19995,51.48704],[-0.20007,51.48647],[-0.20086,51.48603],[-0.20201,51.48643],[-0.20265,51.48627],[-0.20248,51.48558],[-0.20539,51.48474],[-0.2086,51.4848],[-0.20977,51.48332],[-0.21128,51.48331],[-0.21139,51.4828],[-0.21453,51.48283],[-0.21586,51.48374],[-0.21971,51.48385],[-0.22003,51.48317],[-0.22281,51.48226],[-0.22579,51.48216],[-0.22668,51.47979],[-0.22835,51.47857],[-0.22679,51.47683],[-0.22627,51.47426],[-0.2184,51.47067],[-0.21791,51.4697],[-0.21525,51.46872],[-0.21418,51.46738],[-0.20896,51.46545],[-0.19967,51.46456],[-0.19889,51.46407],[-0.19361,51.46333],[-0.1887,51.46472],[-0.18791,51.46535],[-0.18561,51.46559],[-0.18304,51.46719],[-0.17866,51.47405],[-0.18112,51.47388],[-0.18235,51.47441],[-0.18226,51.47526],[-0.18466,51.47551],[-0.18362,51.47706],[-0.18556,51.47773],[-0.18597,51.47945],[-0.19059,51.48234],[-0.18962,51.48343],[-0.19106,51.48494],[-0.19407,51.48684],[-0.19581,51.48697],[-0.19661,51.48776],[-0.19841,51.48831]]]},"properties":{"code":"SW6","area":"SW","colorSlot":0}},{"type":"Feature","geometry":{"type":"Polygon","coordinates":[[[-0.16499,51.49955],[-0.16443,51.49963],[-0.16456,51.5001],[-0.16313,51.5003],[-0.16251,51.50108],[-0.16355,51.50184],[-0.1628,51.50258],[-0.1624,51.50523],[-0.1655,51.50466],[-0.16981,51.50536],[-0.17252,51.50359],[-0.17634,51.50323],[-0.17876,51.50387],[-0.18155,51.5059],[-0.1839,51.50431],[-0.18548,51.50154],[-0.18409,51.5013],[-0.18381,51.50177],[-0.1832,51.50141],[-0.18385,51.50105],[-0.18311,51.49967],[-0.18221,51.49963],[-0.18245,51.49914],[-0.18428,51.49936],[-0.18396,51.49879],[-0.18468,51.49841],[-0.18456,51.49785],[-0.18777,51.49734],[-0.18933,51.49756],[-0.18948,51.49714],[-0.18913,51.49705],[-0.18918,51.4962],[-0.18803,51.49602],[-0.18886,51.49505],[-0.18798,51.49418],[-0.18658,51.49433],[-0.18606,51.49262],[-0.18702,51.49302],[-0.1873,51.49218],[-0.18665,51.49179],[-0.18369,51.49244],[-0.18243,51.49082],[-0.18156,51.49043],[-0.18177,51.4898],[-0.17869,51.48751],[-0.17465,51.49042],[-0.17521,51.49113],[-0.17424,51.49139],[-0.1736,51.49081],[-0.17298,51.49115],[-0.17346,51.4915],[-0.17317,51.49175],[-0.17179,51.49181],[-0.17076,51.49292],[-0.16981,51.49313],[-0.17006,51.49404],[-0.16953,51.49451],[-0.17029,51.4954],[-0.16913,51.49695],[-0.16928,51.49758],[-0.17054,51.4983],[-0.16858,51.49862],[-0.16818,51.49838],[-0.16871,51.49796],[-0.16793,51.49797],[-0.16766,51.49751],[-0.1672,51.49773],[-0.16792,51.49798],[-0.16773,51.49829],[-0.16549,51.49869],[-0.16494,51.49903],[-0.16573,51.49913],[-0.16499,51.49955]]]},"properties":{"code":"SW7","area":"SW","colorSlot":0}},{"type":"Feature","geometry":{"type":"Polygon","coordinates":[[[-0.1236,51.4867],[-0.12638,51.48788],[-0.12904,51.48596],[-0.13209,51.48489],[-0.13708,51.48396],[-0.13883,51.48422],[-0.14294,51.48297],[-0.14672,51.48451],[-0.14954,51.48474],[-0.15291,51.48427],[-0.15561,51.48079],[-0.15531,51.4801],[-0.15125,51.47951],[-0.14848,51.47854],[-0.14838,51.47787],[-0.14909,51.47735],[-0.14862,51.47716],[-0.14889,51.47669],[-0.14781,51.47581],[-0.148,51.47524],[-0.14641,51.47506],[-0.14608,51.4746],[-0.14821,51.47469],[-0.15193,51.47232],[-0.15182,51.47166],[-0.15298,51.471],[-0.15217,51.47066],[-0.15256,51.46904],[-0.15103,51.46797],[-0.15174,51.4676],[-0.15089,51.46713],[-0.1505,51.46579],[-0.1446,51.46735],[-0.14451,51.46806],[-0.14217,51.46844],[-0.14188,51.46896],[-0.14075,51.46881],[-0.13975,51.47026],[-0.1353,51.46874],[-0.13273,51.47004],[-0.13337,51.4705],[-0.13274,51.47062],[-0.13231,51.47016],[-0.13096,51.47109],[-0.13031,51.47259],[-0.12851,51.47304],[-0.12859,51.47391],[-0.12722,51.47452],[-0.12582,51.47467],[-0.12473,51.47415],[-0.12392,51.47452],[-0.123,51.47432],[-0.12335,51.47387],[-0.12305,51.47372],[-0.12224,51.47379],[-0.11979,51.47461],[-0.11994,51.47512],[-0.11842,51.47561],[-0.11777,51.47661],[-0.11847,51.47684],[-0.1164,51.47815],[-0.11651,51.47887],[-0.11478,51.47925],[-0.11473,51.48034],[-0.11374,51.48043],[-0.11395,51.48115],[-0.11302,51.48119],[-0.114,51.48143],[-0.1144,51.48244],[-0.11517,51.48253],[-0.11576,51.48201],[-0.11626,51.48231],[-0.11572,51.48401],[-0.11859,51.48357],[-0.11879,51.48454],[-0.11947,51.48499],[-0.12044,51.48514],[-0.12177,51.48628],[-0.1236,51.4867]]]},"properties":{"code":"SW8","area":"SW","colorSlot":1}},{"type":"Feature","geometry":{"type":"Polygon","coordinates":[[[-0.12299,51.47227],[-0.12345,51.47146],[-0.12492,51.47139],[-0.12614,51.47073],[-0.12521,51.46997],[-0.12744,51.47007],[-0.12701,51.46862],[-0.12773,51.46839],[-0.12882,51.4689],[-0.12891,51.46824],[-0.12953,51.46821],[-0.12957,51.4676],[-0.12871,51.46725],[-0.12872,51.46615],[-0.12932,51.46551],[-0.12829,51.46514],[-0.12916,51.46469],[-0.12865,51.46429],[-0.12971,51.46408],[-0.12638,51.46298],[-0.12532,51.46363],[-0.12389,51.46317],[-0.12253,51.46385],[-0.12154,51.46361],[-0.12099,51.46205],[-0.11969,51.46162],[-0.11991,51.46109],[-0.11868,51.4606],[-0.11726,51.46137],[-0.1159,51.46082],[-0.11534,51.46135],[-0.1146,51.46144],[-0.11403,51.46094],[-0.11401,51.46128],[-0.11213,51.46146],[-0.11162,51.46047],[-0.11019,51.46077],[-0.10696,51.4582],[-0.10583,51.45796],[-0.10409,51.45904],[-0.10518,51.46022],[-0.10443,51.46246],[-0.10298,51.46281],[-0.10331,51.46418],[-0.10329,51.46464],[-0.10261,51.46478],[-0.10287,51.46538],[-0.10184,51.46531],[-0.10058,51.4664],[-0.10254,51.46691],[-0.10221,51.46761],[-0.10297,51.46858],[-0.10395,51.4683],[-0.10436,51.4691],[-0.10264,51.46956],[-0.10396,51.47017],[-0.1046,51.46984],[-0.10532,51.47077],[-0.10462,51.47236],[-0.10618,51.47215],[-0.10733,51.47329],[-0.1057,51.47537],[-0.10487,51.47492],[-0.10399,51.47516],[-0.10404,51.47568],[-0.10363,51.47578],[-0.10108,51.47563],[-0.10158,51.4762],[-0.10107,51.47687],[-0.10352,51.47839],[-0.10664,51.47906],[-0.10731,51.48],[-0.109,51.47977],[-0.10986,51.48192],[-0.11099,51.4811],[-0.1139,51.48118],[-0.11368,51.4806],[-0.11494,51.48003],[-0.11457,51.47927],[-0.11591,51.47938],[-0.11679,51.478],[-0.11847,51.47684],[-0.11777,51.47661],[-0.11842,51.47561],[-0.11994,51.47512],[-0.11979,51.47461],[-0.1222,51.47384],[-0.12299,51.47227]]]},"properties":{"code":"SW9","area":"SW","colorSlot":2}},{"type":"Feature","geometry":{"type":"Polygon","coordinates":[[[-0.18486,51.4777],[-0.18362,51.47706],[-0.18466,51.47551],[-0.18226,51.47526],[-0.18238,51.47442],[-0.18112,51.47388],[-0.17884,51.47425],[-0.17788,51.47665],[-0.17809,51.47746],[-0.17693,51.47842],[-0.17635,51.47962],[-0.17294,51.48099],[-0.17565,51.48346],[-0.17692,51.48355],[-0.17751,51.48402],[-0.17719,51.48439],[-0.17847,51.48467],[-0.17828,51.48523],[-0.17987,51.48617],[-0.17827,51.48709],[-0.17737,51.48704],[-0.17707,51.48638],[-0.17574,51.48652],[-0.1747,51.48764],[-0.17625,51.48874],[-0.17725,51.48867],[-0.17862,51.48754],[-0.18105,51.48952],[-0.18185,51.48968],[-0.18156,51.49043],[-0.18203,51.4906],[-0.18644,51.48946],[-0.18708,51.48975],[-0.18759,51.48889],[-0.18865,51.48902],[-0.18942,51.48843],[-0.19009,51.48911],[-0.19291,51.48861],[-0.19321,51.48601],[-0.19207,51.48569],[-0.19003,51.48394],[-0.18962,51.48343],[-0.19052,51.48251],[-0.18951,51.48136],[-0.18655,51.47996],[-0.18566,51.47882],[-0.18556,51.47773],[-0.18486,51.4777]]]},"properties":{"code":"SW10","area":"SW","colorSlot":3}},{"type":"Feature","geometry":{"type":"Polygon","coordinates":[[[-0.16046,51.4618],[-0.1511,51.46199],[-0.15186,51.46294],[-0.15117,51.46339],[-0.15217,51.46384],[-0.15102,51.46422],[-0.15143,51.46485],[-0.15106,51.46542],[-0.15149,51.46573],[-0.15057,51.46657],[-0.15183,51.4674],[-0.15103,51.46797],[-0.15256,51.46904],[-0.15217,51.47066],[-0.15298,51.47098],[-0.15182,51.47166],[-0.15193,51.47232],[-0.14918,51.47354],[-0.14821,51.47469],[-0.14608,51.4746],[-0.14641,51.47506],[-0.148,51.47524],[-0.14781,51.47581],[-0.14889,51.47669],[-0.14855,51.477],[-0.14909,51.47735],[-0.14838,51.47787],[-0.14848,51.47854],[-0.15125,51.47951],[-0.15529,51.48009],[-0.15561,51.48079],[-0.15676,51.48113],[-0.16235,51.48157],[-0.16392,51.48217],[-0.16797,51.48219],[-0.17294,51.48099],[-0.17635,51.47962],[-0.17804,51.47748],[-0.17788,51.47665],[-0.17888,51.47444],[-0.17866,51.47405],[-0.18092,51.47087],[-0.18102,51.46994],[-0.18304,51.46719],[-0.18467,51.46651],[-0.18518,51.46581],[-0.18241,51.46502],[-0.1828,51.46402],[-0.18401,51.46348],[-0.18289,51.46254],[-0.18426,51.46176],[-0.18378,51.46149],[-0.17959,51.4626],[-0.17892,51.46201],[-0.18076,51.46184],[-0.18105,51.4613],[-0.18019,51.46073],[-0.18071,51.46036],[-0.18047,51.46008],[-0.17871,51.4593],[-0.17801,51.45986],[-0.17523,51.46008],[-0.17481,51.45933],[-0.17313,51.45921],[-0.17428,51.45586],[-0.17345,51.45537],[-0.17099,51.45521],[-0.17,51.45276],[-0.16729,51.45],[-0.16657,51.44849],[-0.16312,51.44826],[-0.16271,51.44857],[-0.16384,51.45092],[-0.16266,51.45165],[-0.15932,51.45239],[-0.15794,51.45217],[-0.15735,51.45337],[-0.15654,51.45361],[-0.1541,51.45339],[-0.15429,51.45468],[-0.15623,51.45631],[-0.15593,51.45673],[-0.15694,51.45767],[-0.15708,51.45806],[-0.15614,51.45871],[-0.15742,51.45953],[-0.16085,51.45921],[-0.16097,51.46018],[-0.16055,51.46051],[-0.16227,51.46084],[-0.16242,51.46145],[-0.16046,51.4618]]]},"properties":{"code":"SW11","area":"SW","colorSlot":2}},{"type":"Feature","geometry":{"type":"Polygon","coordinates":[[[-0.13792,51.44087],[-0.13554,51.4423],[-0.13466,51.44194],[-0.13452,51.44252],[-0.13232,51.44334],[-0.13249,51.44417],[-0.13154,51.44432],[-0.13155,51.44656],[-0.13064,51.44763],[-0.13097,51.44814],[-0.13157,51.44776],[-0.13238,51.44814],[-0.13487,51.44781],[-0.13554,51.44853],[-0.13781,51.4482],[-0.14184,51.4488],[-0.14048,51.44933],[-0.1406,51.44985],[-0.1422,51.45028],[-0.14243,51.45105],[-0.14186,51.45117],[-0.14214,51.45187],[-0.14172,51.45291],[-0.14358,51.45283],[-0.14354,51.45335],[-0.14453,51.45389],[-0.14571,51.45341],[-0.14594,51.45253],[-0.14801,51.45278],[-0.15042,51.45191],[-0.15153,51.45222],[-0.15152,51.45291],[-0.14961,51.45385],[-0.15233,51.45336],[-0.1528,51.45406],[-0.15427,51.45432],[-0.1541,51.45339],[-0.1545,51.45313],[-0.15601,51.45315],[-0.15654,51.45361],[-0.15735,51.45337],[-0.15794,51.45217],[-0.15913,51.45243],[-0.16366,51.45124],[-0.16374,51.45025],[-0.16271,51.44857],[-0.16312,51.44826],[-0.16647,51.44849],[-0.16718,51.44746],[-0.16532,51.44666],[-0.16328,51.445],[-0.16391,51.44345],[-0.16497,51.44264],[-0.1643,51.44159],[-0.16242,51.44109],[-0.16336,51.44056],[-0.16153,51.44024],[-0.16158,51.44076],[-0.15994,51.44109],[-0.15886,51.44197],[-0.15786,51.44171],[-0.15812,51.44239],[-0.15738,51.44222],[-0.15742,51.4418],[-0.15457,51.44224],[-0.15485,51.44162],[-0.15422,51.44124],[-0.1533,51.44141],[-0.15178,51.44066],[-0.15075,51.44099],[-0.14887,51.44005],[-0.14819,51.43766],[-0.14623,51.43689],[-0.1464,51.43622],[-0.14471,51.43521],[-0.14315,51.4334],[-0.14271,51.4334],[-0.14047,51.43593],[-0.13989,51.43886],[-0.14016,51.44],[-0.13792,51.44087]]]},"properties":{"code":"SW12","area":"SW","colorSlot":1}},{"type":"Feature","geometry":{"type":"Polygon","coordinates":[[[-0.23431,51.4655],[-0.23283,51.46622],[-0.23145,51.46776],[-0.23595,51.46964],[-0.23258,51.4722],[-0.2325,51.47277],[-0.22627,51.47426],[-0.22679,51.47683],[-0.22835,51.47857],[-0.22595,51.48092],[-0.22612,51.48344],[-0.22732,51.48667],[-0.22982,51.48807],[-0.23444,51.48905],[-0.23622,51.48891],[-0.23842,51.48969],[-0.24077,51.48913],[-0.24183,51.48756],[-0.24423,51.48684],[-0.24761,51.48446],[-0.24834,51.48326],[-0.24813,51.48252],[-0.24917,51.4816],[-0.25013,51.47922],[-0.25312,51.47725],[-0.25277,51.47588],[-0.25313,51.47419],[-0.25457,51.47281],[-0.25625,51.47221],[-0.25573,51.47151],[-0.25652,51.47012],[-0.2561,51.46947],[-0.25521,51.46933],[-0.25569,51.46824],[-0.25446,51.46792],[-0.25396,51.4663],[-0.25201,51.46628],[-0.25056,51.46508],[-0.25007,51.46567],[-0.24643,51.46569],[-0.24497,51.46717],[-0.24285,51.46615],[-0.24248,51.46533],[-0.24153,51.46502],[-0.23995,51.46542],[-0.23892,51.46503],[-0.23849,51.46538],[-0.23926,51.46716],[-0.23898,51.46752],[-0.23703,51.46608],[-0.23431,51.4655]]]},"properties":{"code":"SW13","area":"SW","colorSlot":2}},{"type":"Feature","geometry":{"type":"Polygon","coordinates":[[[-0.27688,51.4664],[-0.27638,51.46576],[-0.27747,51.46468],[-0.27827,51.46463],[-0.27867,51.46377],[-0.2783,51.46347],[-0.27889,51.46275],[-0.27767,51.46222],[-0.2777,51.46146],[-0.2796,51.46082],[-0.28205,51.45828],[-0.28283,51.45699],[-0.28275,51.45615],[-0.28039,51.45557],[-0.27192,51.45029],[-0.2687,51.45105],[-0.26468,51.4513],[-0.26295,51.45324],[-0.26047,51.4577],[-0.25806,51.45834],[-0.25727,51.45987],[-0.25601,51.46086],[-0.25724,51.46256],[-0.25696,51.46316],[-0.25256,51.46511],[-0.25189,51.46601],[-0.25396,51.4663],[-0.25446,51.46792],[-0.25569,51.46824],[-0.25506,51.46896],[-0.25645,51.46967],[-0.25573,51.47151],[-0.25625,51.47221],[-0.25986,51.47232],[-0.26166,51.47334],[-0.26467,51.47236],[-0.26888,51.47359],[-0.27148,51.47358],[-0.27238,51.47288],[-0.27661,51.47158],[-0.2774,51.47072],[-0.27729,51.46939],[-0.27814,51.4682],[-0.27676,51.46715],[-0.27714,51.46671],[-0.27688,51.4664]]]},"properties":{"code":"SW14","area":"SW","colorSlot":3}},{"type":"Feature","geometry":{"type":"Polygon","coordinates":[[[-0.23412,51.46554],[-0.23691,51.46603],[-0.23898,51.46752],[-0.23926,51.46716],[-0.23846,51.46551],[-0.23879,51.46506],[-0.23995,51.46542],[-0.24153,51.46502],[-0.24497,51.46717],[-0.24643,51.46569],[-0.25007,51.46567],[-0.25056,51.46508],[-0.25189,51.46601],[-0.25256,51.46511],[-0.25696,51.46316],[-0.25724,51.46256],[-0.25601,51.46086],[-0.25727,51.45987],[-0.25806,51.45834],[-0.26047,51.4577],[-0.26295,51.45324],[-0.26468,51.4513],[-0.25892,51.4489],[-0.25698,51.44765],[-0.25432,51.44465],[-0.25781,51.44205],[-0.26355,51.43971],[-0.27327,51.43878],[-0.27482,51.43746],[-0.26587,51.43019],[-0.26322,51.43046],[-0.26129,51.42943],[-0.26109,51.42886],[-0.26267,51.42793],[-0.26244,51.42528],[-0.26279,51.42368],[-0.26023,51.42281],[-0.25712,51.42362],[-0.25393,51.42481],[-0.25223,51.42693],[-0.24602,51.43093],[-0.24251,51.43052],[-0.23776,51.43206],[-0.23776,51.43753],[-0.23732,51.43884],[-0.23389,51.44103],[-0.23116,51.44178],[-0.22446,51.44663],[-0.22367,51.44799],[-0.22373,51.44947],[-0.22136,51.44913],[-0.2202,51.44985],[-0.21808,51.44973],[-0.21688,51.45145],[-0.21298,51.4514],[-0.21082,51.45085],[-0.20971,51.45184],[-0.20973,51.45242],[-0.21106,51.45277],[-0.21044,51.45419],[-0.20764,51.45506],[-0.20562,51.45478],[-0.20555,51.45582],[-0.20264,51.45663],[-0.20301,51.45744],[-0.20202,51.45846],[-0.20342,51.45881],[-0.20281,51.45952],[-0.20009,51.45874],[-0.19972,51.45936],[-0.19872,51.45907],[-0.19852,51.45954],[-0.20001,51.46028],[-0.20258,51.46022],[-0.20252,51.46179],[-0.20405,51.46362],[-0.20389,51.4646],[-0.20896,51.46545],[-0.21418,51.46738],[-0.21525,51.46872],[-0.21791,51.4697],[-0.2184,51.47067],[-0.22627,51.47426],[-0.2325,51.47277],[-0.23258,51.4722],[-0.23589,51.46979],[-0.23151,51.46778],[-0.23412,51.46554]]]},"properties":{"code":"SW15","area":"SW","colorSlot":1}},{"type":"Feature","geometry":{"type":"Polygon","coordinates":[[[-0.13153,51.4388],[-0.13536,51.43964],[-0.13763,51.4409],[-0.14016,51.44],[-0.13989,51.43886],[-0.14028,51.43843],[-0.14033,51.43604],[-0.14271,51.4334],[-0.14497,51.43319],[-0.14776,51.43224],[-0.14791,51.43065],[-0.14744,51.42934],[-0.14878,51.42859],[-0.14876,51.42738],[-0.14783,51.42675],[-0.14917,51.42662],[-0.14992,51.42596],[-0.14947,51.42561],[-0.14968,51.42528],[-0.14857,51.42462],[-0.15093,51.42313],[-0.15077,51.4226],[-0.15215,51.42221],[-0.15275,51.42124],[-0.15287,51.42067],[-0.15208,51.41992],[-0.14987,51.42],[-0.14784,51.41945],[-0.15043,51.41829],[-0.15036,51.41735],[-0.14915,51.41763],[-0.14763,51.41705],[-0.14466,51.41718],[-0.14418,51.41674],[-0.14546,51.4148],[-0.14617,51.41232],[-0.14526,51.41224],[-0.14479,51.41165],[-0.14617,51.41087],[-0.14296,51.41066],[-0.14233,51.41009],[-0.14305,51.40908],[-0.14566,51.40807],[-0.14482,51.40597],[-0.13986,51.40604],[-0.13863,51.40551],[-0.13794,51.40435],[-0.13688,51.40432],[-0.13664,51.40386],[-0.13218,51.40268],[-0.12924,51.40286],[-0.12894,51.40189],[-0.12688,51.401],[-0.12539,51.39897],[-0.12384,51.40006],[-0.12105,51.4007],[-0.121,51.4012],[-0.11989,51.40172],[-0.11671,51.40229],[-0.11499,51.40203],[-0.11315,51.40313],[-0.11157,51.40305],[-0.11152,51.40438],[-0.10943,51.40572],[-0.11285,51.40626],[-0.11236,51.40726],[-0.11269,51.40791],[-0.11578,51.40785],[-0.11577,51.40892],[-0.11508,51.4098],[-0.11648,51.41209],[-0.11176,51.41239],[-0.11117,51.41207],[-0.10949,51.4128],[-0.10864,51.41239],[-0.10693,51.41294],[-0.1054,51.41247],[-0.10501,51.41347],[-0.10538,51.41469],[-0.10437,51.41489],[-0.10712,51.41782],[-0.10614,51.41855],[-0.10574,51.41975],[-0.1064,51.42024],[-0.10797,51.42015],[-0.10778,51.42135],[-0.10827,51.42247],[-0.10657,51.42232],[-0.10579,51.4225],[-0.1057,51.42305],[-0.10755,51.42277],[-0.1071,51.4234],[-0.10772,51.4242],[-0.10872,51.42375],[-0.10988,51.42429],[-0.11135,51.42374],[-0.11178,51.42497],[-0.11409,51.42583],[-0.11404,51.42659],[-0.11227,51.42738],[-0.11297,51.42814],[-0.11254,51.42924],[-0.114,51.43085],[-0.11398,51.43183],[-0.11513,51.43227],[-0.11532,51.43341],[-0.11305,51.4341],[-0.11305,51.43462],[-0.11203,51.43503],[-0.10985,51.43494],[-0.10764,51.4356],[-0.10877,51.43687],[-0.11029,51.43727],[-0.11196,51.43653],[-0.11331,51.43703],[-0.11546,51.43716],[-0.11723,51.43657],[-0.11811,51.43701],[-0.12013,51.43597],[-0.1226,51.43752],[-0.12541,51.43763],[-0.12576,51.43813],[-0.12714,51.43779],[-0.12852,51.4385],[-0.13153,51.4388]]]},"properties":{"code":"SW16","area":"SW","colorSlot":2}},{"type":"Feature","geometry":{"type":"Polygon","coordinates":[[[-0.18617,51.42635],[-0.18637,51.4258],[-0.18559,51.42476],[-0.18392,51.42421],[-0.18164,51.42604],[-0.18029,51.42549],[-0.17714,51.42536],[-0.17631,51.42372],[-0.17399,51.42293],[-0.17426,51.42144],[-0.1696,51.4202],[-0.16877,51.41947],[-0.16757,51.41936],[-0.16683,51.41987],[-0.16636,51.41963],[-0.16725,51.41934],[-0.16695,51.41886],[-0.16838,51.41864],[-0.16561,51.41756],[-0.16371,51.41831],[-0.16144,51.41788],[-0.16114,51.41804],[-0.16146,51.4189],[-0.16074,51.41996],[-0.15665,51.41919],[-0.15573,51.41838],[-0.15442,51.41875],[-0.1506,51.418],[-0.14784,51.41938],[-0.14987,51.42],[-0.15208,51.41992],[-0.15282,51.42062],[-0.15276,51.42122],[-0.15215,51.42221],[-0.15077,51.4226],[-0.15093,51.42313],[-0.14857,51.42462],[-0.14968,51.42528],[-0.14947,51.42561],[-0.14992,51.42596],[-0.14917,51.42662],[-0.14783,51.42675],[-0.14876,51.42738],[-0.14878,51.42859],[-0.14746,51.42925],[-0.14791,51.43065],[-0.14776,51.43224],[-0.14315,51.4334],[-0.14471,51.43521],[-0.1464,51.43622],[-0.14601,51.4367],[-0.14819,51.43766],[-0.14875,51.44006],[-0.15075,51.44099],[-0.15178,51.44066],[-0.1533,51.44141],[-0.15422,51.44124],[-0.15479,51.44144],[-0.1546,51.44206],[-0.15583,51.44233],[-0.15717,51.44182],[-0.15801,51.44257],[-0.15775,51.44176],[-0.15886,51.44197],[-0.15986,51.44112],[-0.16158,51.44076],[-0.16153,51.44024],[-0.16319,51.4404],[-0.16241,51.44107],[-0.16491,51.44177],[-0.16497,51.44264],[-0.16388,51.44342],[-0.16344,51.44489],[-0.1637,51.44539],[-0.16718,51.44746],[-0.16959,51.44558],[-0.16975,51.4439],[-0.16901,51.44268],[-0.17019,51.44183],[-0.17324,51.44187],[-0.17367,51.44073],[-0.17541,51.44119],[-0.17811,51.43872],[-0.1799,51.43917],[-0.18094,51.43881],[-0.18129,51.43763],[-0.18262,51.43779],[-0.18411,51.43645],[-0.1857,51.43623],[-0.18647,51.43704],[-0.18602,51.43748],[-0.1869,51.43799],[-0.18654,51.43832],[-0.18728,51.4383],[-0.18731,51.43762],[-0.18928,51.43652],[-0.18898,51.43605],[-0.18983,51.43505],[-0.19162,51.43438],[-0.19205,51.43301],[-0.18873,51.43108],[-0.18861,51.42972],[-0.18541,51.42767],[-0.18617,51.42635]]]},"properties":{"code":"SW17","area":"SW","colorSlot":0}},{"type":"Feature","geometry":{"type":"Polygon","coordinates":[[[-0.21045,51.454],[-0.21115,51.45292],[-0.20973,51.45242],[-0.20975,51.45188],[-0.21082,51.45085],[-0.21466,51.45149],[-0.2166,51.44981],[-0.21628,51.44909],[-0.21446,51.44915],[-0.21429,51.44877],[-0.2153,51.44839],[-0.21402,51.44753],[-0.21239,51.44824],[-0.21125,51.44754],[-0.21124,51.44609],[-0.20932,51.44606],[-0.2085,51.44514],[-0.20698,51.44561],[-0.20612,51.44419],[-0.20688,51.44347],[-0.20592,51.44307],[-0.20703,51.43995],[-0.20779,51.43929],[-0.20459,51.43823],[-0.1994,51.43952],[-0.1975,51.4392],[-0.19787,51.44003],[-0.19743,51.44037],[-0.19605,51.44007],[-0.19497,51.44049],[-0.19302,51.43989],[-0.19239,51.4389],[-0.19152,51.43873],[-0.18928,51.43652],[-0.18767,51.43724],[-0.18728,51.4383],[-0.18654,51.43832],[-0.1869,51.43799],[-0.18602,51.43748],[-0.18644,51.43665],[-0.18427,51.43644],[-0.18262,51.43779],[-0.1812,51.4378],[-0.18094,51.43881],[-0.18007,51.43914],[-0.17811,51.43872],[-0.17541,51.44119],[-0.17367,51.44073],[-0.17324,51.44187],[-0.17133,51.44162],[-0.16901,51.44268],[-0.16975,51.4439],[-0.16959,51.44554],[-0.16657,51.44849],[-0.16819,51.45105],[-0.17,51.45265],[-0.17099,51.45521],[-0.17345,51.45537],[-0.17428,51.45586],[-0.17433,51.45654],[-0.17338,51.45746],[-0.17363,51.45807],[-0.17313,51.45921],[-0.17481,51.45933],[-0.17503,51.46008],[-0.17801,51.45986],[-0.17847,51.45937],[-0.18047,51.46008],[-0.18071,51.46036],[-0.18018,51.46068],[-0.18076,51.46184],[-0.17892,51.46201],[-0.17959,51.4626],[-0.18378,51.46149],[-0.18426,51.46176],[-0.18278,51.4629],[-0.18401,51.46348],[-0.18334,51.46355],[-0.18236,51.4648],[-0.18518,51.46581],[-0.18791,51.46535],[-0.1887,51.46472],[-0.19344,51.46345],[-0.19889,51.46407],[-0.19967,51.46456],[-0.20389,51.4646],[-0.20405,51.46362],[-0.20252,51.46179],[-0.20258,51.46022],[-0.1995,51.46017],[-0.19852,51.45954],[-0.19872,51.45907],[-0.19972,51.45936],[-0.20009,51.45874],[-0.20265,51.45966],[-0.20342,51.45881],[-0.20202,51.45846],[-0.20301,51.45744],[-0.20264,51.45663],[-0.20541,51.45596],[-0.20562,51.45478],[-0.20764,51.45506],[-0.21045,51.454]]]},"properties":{"code":"SW18","area":"SW","colorSlot":3}},{"type":"Feature","geometry":{"type":"Polygon","coordinates":[[[-0.18392,51.42421],[-0.18559,51.42476],[-0.18637,51.4258],[-0.18541,51.42767],[-0.18861,51.42972],[-0.18868,51.43107],[-0.19205,51.43301],[-0.19162,51.43438],[-0.18983,51.43505],[-0.18898,51.43605],[-0.19152,51.43873],[-0.19239,51.4389],[-0.19302,51.43989],[-0.19496,51.44049],[-0.19605,51.44007],[-0.19743,51.44037],[-0.19787,51.44003],[-0.19747,51.43934],[-0.19798,51.43912],[-0.19932,51.43956],[-0.20383,51.43832],[-0.20779,51.43929],[-0.20703,51.43995],[-0.20594,51.4429],[-0.20688,51.44347],[-0.20635,51.44402],[-0.20671,51.44562],[-0.2082,51.44514],[-0.20932,51.44606],[-0.21124,51.44609],[-0.21128,51.44745],[-0.21239,51.44824],[-0.21402,51.44753],[-0.2148,51.44788],[-0.2153,51.44839],[-0.21429,51.44877],[-0.21446,51.44915],[-0.21619,51.44907],[-0.21664,51.45017],[-0.21533,51.45076],[-0.21519,51.45126],[-0.21688,51.45145],[-0.21805,51.44979],[-0.2202,51.44985],[-0.22136,51.44913],[-0.22373,51.44947],[-0.22367,51.44799],[-0.22446,51.44663],[-0.23101,51.44195],[-0.23389,51.44103],[-0.23732,51.43884],[-0.23774,51.43764],[-0.23776,51.43206],[-0.24251,51.43052],[-0.24602,51.43093],[-0.25223,51.42693],[-0.25371,51.42484],[-0.24865,51.42225],[-0.24331,51.42349],[-0.23991,51.4224],[-0.23676,51.42223],[-0.23419,51.42307],[-0.23228,51.42167],[-0.23046,51.42163],[-0.22915,51.42059],[-0.22917,51.4201],[-0.23091,51.41985],[-0.23052,51.41875],[-0.2279,51.41867],[-0.2274,51.41853],[-0.22737,51.41787],[-0.22627,51.41882],[-0.22564,51.41842],[-0.22477,51.41867],[-0.22483,51.4191],[-0.22424,51.41901],[-0.22375,51.41819],[-0.22243,51.418],[-0.22204,51.41712],[-0.2193,51.41467],[-0.21827,51.41496],[-0.21785,51.41453],[-0.21833,51.41386],[-0.21783,51.41355],[-0.21675,51.4142],[-0.21645,51.41533],[-0.21467,51.41567],[-0.21267,51.4152],[-0.2133,51.41435],[-0.213,51.41357],[-0.21403,51.41201],[-0.21079,51.41212],[-0.21051,51.41115],[-0.20874,51.41094],[-0.20873,51.41017],[-0.20717,51.41048],[-0.20712,51.40719],[-0.2055,51.40636],[-0.2059,51.40541],[-0.20528,51.40468],[-0.20652,51.40381],[-0.20427,51.40299],[-0.20283,51.40332],[-0.19737,51.40254],[-0.19553,51.40261],[-0.19467,51.40335],[-0.18925,51.40401],[-0.18806,51.40496],[-0.18448,51.40268],[-0.18225,51.40487],[-0.18336,51.40638],[-0.18472,51.4068],[-0.18295,51.40787],[-0.18285,51.40852],[-0.18352,51.40936],[-0.1815,51.40946],[-0.18111,51.40887],[-0.17924,51.40881],[-0.17783,51.40946],[-0.17877,51.4099],[-0.17872,51.41027],[-0.17791,51.41058],[-0.17673,51.41027],[-0.17599,51.41083],[-0.1763,51.41188],[-0.17515,51.41235],[-0.17533,51.41353],[-0.17371,51.41251],[-0.17324,51.41328],[-0.1737,51.41352],[-0.17332,51.4141],[-0.17429,51.41514],[-0.17407,51.4157],[-0.16888,51.41682],[-0.16789,51.41785],[-0.16838,51.41864],[-0.16696,51.41881],[-0.16725,51.41934],[-0.16636,51.41963],[-0.16877,51.41947],[-0.1696,51.4202],[-0.17426,51.42144],[-0.17399,51.42293],[-0.17621,51.42361],[-0.17698,51.42532],[-0.18029,51.42549],[-0.18164,51.42604],[-0.18392,51.42421]]]},"properties":{"code":"SW19","area":"SW","colorSlot":2}},{"type":"Feature","geometry":{"type":"Polygon","coordinates":[[[-0.23711,51.40243],[-0.23306,51.40086],[-0.2338,51.39966],[-0.23249,51.39967],[-0.23231,51.39917],[-0.23308,51.3988],[-0.23308,51.39825],[-0.23149,51.39837],[-0.23146,51.39749],[-0.22944,51.39715],[-0.23055,51.39283],[-0.22578,51.39155],[-0.22359,51.39208],[-0.22201,51.3911],[-0.22098,51.39169],[-0.22104,51.39259],[-0.22327,51.39282],[-0.22339,51.39447],[-0.22223,51.39466],[-0.22077,51.39604],[-0.2188,51.39682],[-0.22029,51.39829],[-0.2199,51.39894],[-0.21824,51.39891],[-0.21799,51.39973],[-0.21651,51.40046],[-0.21736,51.40177],[-0.21436,51.40239],[-0.21359,51.40308],[-0.2138,51.4039],[-0.21221,51.40388],[-0.21166,51.40316],[-0.21011,51.40376],[-0.20983,51.4031],[-0.20866,51.40283],[-0.20822,51.4034],[-0.20712,51.40358],[-0.20681,51.40253],[-0.20481,51.40308],[-0.20652,51.40381],[-0.20528,51.40468],[-0.2059,51.40541],[-0.2055,51.40636],[-0.207,51.40706],[-0.20739,51.40834],[-0.2069,51.40908],[-0.20741,51.40955],[-0.20717,51.41048],[-0.20778,51.41066],[-0.20855,51.41011],[-0.20918,51.41125],[-0.21051,51.41115],[-0.21079,51.41212],[-0.2139,51.41197],[-0.21264,51.41517],[-0.21462,51.41568],[-0.21632,51.41538],[-0.21783,51.41355],[-0.21833,51.41386],[-0.21785,51.41453],[-0.21827,51.41496],[-0.2193,51.41467],[-0.22009,51.41523],[-0.22244,51.41799],[-0.22375,51.41819],[-0.22366,51.41884],[-0.22483,51.4191],[-0.22477,51.41867],[-0.22564,51.41842],[-0.22622,51.41885],[-0.22728,51.41777],[-0.2274,51.41853],[-0.2279,51.41867],[-0.23053,51.41867],[-0.23091,51.41985],[-0.22917,51.4201],[-0.22915,51.42059],[-0.23046,51.42163],[-0.23228,51.42167],[-0.23419,51.42307],[-0.23676,51.42223],[-0.23991,51.4224],[-0.24331,51.42349],[-0.24865,51.42225],[-0.25371,51.42484],[-0.25712,51.42362],[-0.2533,51.41992],[-0.24945,51.42035],[-0.24992,51.41881],[-0.25174,51.41796],[-0.2518,51.41639],[-0.25228,51.41631],[-0.25326,51.41387],[-0.25444,51.41314],[-0.25377,51.41134],[-0.25023,51.41205],[-0.24697,51.41166],[-0.24702,51.41072],[-0.24968,51.40841],[-0.24933,51.40784],[-0.24447,51.40595],[-0.24391,51.40432],[-0.24168,51.40295],[-0.23893,51.40262],[-0.23791,51.40338],[-0.23855,51.40425],[-0.2368,51.40519],[-0.2359,51.40516],[-0.23553,51.40436],[-0.23597,51.40413],[-0.23543,51.40315],[-0.23659,51.40304],[-0.23711,51.40243]]]},"properties":{"code":"SW20","area":"SW","colorSlot":4}},{"type":"Feature","geometry":{"type":"Polygon","coordinates":[[[-0.14623,51.52147],[-0.14589,51.51986],[-0.14466,51.51853],[-0.14496,51.51806],[-0.14329,51.51761],[-0.14355,51.51659],[-0.14246,51.51639],[-0.14249,51.51493],[-0.14353,51.51444],[-0.14167,51.51378],[-0.14145,51.51314],[-0.13956,51.51189],[-0.14004,51.51183],[-0.14004,51.51107],[-0.13758,51.50927],[-0.13471,51.50993],[-0.13452,51.51052],[-0.1353,51.51034],[-0.13816,51.51127],[-0.13884,51.5119],[-0.13844,51.51217],[-0.13883,51.51268],[-0.14036,51.51325],[-0.13976,51.51405],[-0.1412,51.51443],[-0.14279,51.51836],[-0.14246,51.51833],[-0.14408,51.51955],[-0.14462,51.52142],[-0.14545,51.52236],[-0.14556,51.52274],[-0.14448,51.52381],[-0.14761,51.52344],[-0.14777,51.52272],[-0.14662,51.52224],[-0.14623,51.52147]]]},"properties":{"code":"W1B","area":"W","colorSlot":1}},{"type":"Feature","geometry":{"type":"Polygon","coordinates":[[[-0.14651,51.51423],[-0.14608,51.51491],[-0.14536,51.51427],[-0.14436,51.51457],[-0.14472,51.51501],[-0.14302,51.51477],[-0.14259,51.51528],[-0.14401,51.51594],[-0.14468,51.51554],[-0.1452,51.51585],[-0.14764,51.51467],[-0.1497,51.51563],[-0.15022,51.51459],[-0.1536,51.51481],[-0.15529,51.51425],[-0.15875,51.51422],[-0.15921,51.51259],[-0.15562,51.51362],[-0.1542,51.51349],[-0.15404,51.51404],[-0.15291,51.51356],[-0.14862,51.51429],[-0.14716,51.51363],[-0.14685,51.51443],[-0.14651,51.51423]]]},"properties":{"code":"W1C","area":"W","colorSlot":0}},{"type":"Feature","geometry":{"type":"Polygon","coordinates":[[[-0.13333,51.51643],[-0.13464,51.51675],[-0.136,51.51605],[-0.13772,51.51633],[-0.14171,51.51546],[-0.13976,51.51509],[-0.13425,51.51588],[-0.13363,51.51525],[-0.13441,51.51497],[-0.13433,51.51462],[-0.1334,51.51468],[-0.13401,51.51391],[-0.13258,51.51324],[-0.13615,51.51074],[-0.13452,51.51052],[-0.13471,51.50993],[-0.13408,51.51048],[-0.13185,51.50979],[-0.13106,51.51082],[-0.1315,51.51139],[-0.13093,51.51132],[-0.12908,51.51265],[-0.12951,51.51381],[-0.13033,51.51418],[-0.13008,51.51448],[-0.13045,51.5146],[-0.12991,51.51482],[-0.13041,51.51499],[-0.13038,51.51668],[-0.131,51.51705],[-0.13333,51.51643]]]},"properties":{"code":"W1D","area":"W","colorSlot":0}},{"type":"Feature","geometry":{"type":"Polygon","coordinates":[[[-0.13422,51.51187],[-0.13267,51.51335],[-0.13381,51.51354],[-0.13401,51.51391],[-0.1334,51.51456],[-0.13434,51.51489],[-0.13363,51.5152],[-0.13422,51.51583],[-0.1395,51.51496],[-0.14135,51.51508],[-0.1412,51.51443],[-0.13978,51.51407],[-0.1401,51.51311],[-0.13887,51.51278],[-0.13718,51.51064],[-0.1353,51.51034],[-0.13504,51.51052],[-0.13615,51.51074],[-0.13485,51.51144],[-0.13502,51.51181],[-0.13422,51.51187]]]},"properties":{"code":"W1F","area":"W","colorSlot":2}},{"type":"Feature","geometry":{"type":"Polygon","coordinates":[[[-0.14337,51.51731],[-0.14417,51.51796],[-0.14484,51.51785],[-0.14456,51.51808],[-0.14592,51.51984],[-0.14662,51.52224],[-0.14765,51.52255],[-0.14761,51.52344],[-0.15117,51.5233],[-0.15158,51.52246],[-0.15082,51.52221],[-0.1516,51.52141],[-0.15126,51.51957],[-0.15157,51.51868],[-0.15036,51.51847],[-0.14931,51.51739],[-0.14961,51.51689],[-0.14853,51.51635],[-0.14864,51.51673],[-0.14731,51.51688],[-0.14758,51.51757],[-0.14695,51.51779],[-0.14634,51.5166],[-0.14775,51.51639],[-0.14741,51.51475],[-0.14684,51.51495],[-0.14667,51.51561],[-0.1458,51.5153],[-0.1452,51.51585],[-0.14468,51.51554],[-0.14401,51.51594],[-0.14264,51.51528],[-0.14232,51.51586],[-0.14283,51.51608],[-0.14242,51.51629],[-0.14355,51.51659],[-0.14337,51.51731]]]},"properties":{"code":"W1G","area":"W","colorSlot":2}},{"type":"Feature","geometry":{"type":"Polygon","coordinates":[[[-0.16448,51.52058],[-0.16562,51.52026],[-0.16594,51.51984],[-0.16531,51.51939],[-0.16578,51.5194],[-0.16596,51.51873],[-0.16718,51.5179],[-0.16648,51.51744],[-0.16526,51.5175],[-0.1655,51.51704],[-0.16416,51.51588],[-0.16337,51.5159],[-0.16306,51.51562],[-0.16351,51.51545],[-0.16237,51.51468],[-0.16166,51.51474],[-0.16196,51.51445],[-0.1616,51.51407],[-0.16076,51.51404],[-0.16064,51.51126],[-0.15897,51.51291],[-0.15908,51.51408],[-0.15368,51.51458],[-0.15446,51.51544],[-0.15398,51.51594],[-0.15279,51.51566],[-0.15304,51.51644],[-0.15339,51.51615],[-0.153,51.51655],[-0.15342,51.51809],[-0.15359,51.51686],[-0.15488,51.51629],[-0.15663,51.51702],[-0.15728,51.5163],[-0.15745,51.51702],[-0.15824,51.5169],[-0.15902,51.51865],[-0.15872,51.51912],[-0.15977,51.52112],[-0.16299,51.52093],[-0.16331,51.52052],[-0.1637,51.52098],[-0.16448,51.52058]]]},"properties":{"code":"W1H","area":"W","colorSlot":2}},{"type":"Feature","geometry":{"type":"Polygon","coordinates":[[[-0.13761,51.50917],[-0.13785,51.50885],[-0.13934,51.51002],[-0.14012,51.51006],[-0.13982,51.50975],[-0.14022,51.50945],[-0.14114,51.50971],[-0.13991,51.50806],[-0.1423,51.50767],[-0.14415,51.50941],[-0.14354,51.50967],[-0.14406,51.50983],[-0.14364,51.511],[-0.14427,51.51149],[-0.15001,51.50939],[-0.14935,51.50895],[-0.15044,51.50815],[-0.1498,51.50713],[-0.15123,51.50591],[-0.14983,51.50574],[-0.1498,51.50502],[-0.14875,51.50448],[-0.14918,51.50435],[-0.1488,51.50381],[-0.14926,51.50373],[-0.1505,51.50481],[-0.15196,51.50425],[-0.15541,51.50491],[-0.1537,51.50336],[-0.14601,51.50179],[-0.14384,51.50318],[-0.14189,51.5069],[-0.14106,51.50695],[-0.14133,51.50746],[-0.1373,51.50837],[-0.13582,51.50939],[-0.1352,51.50901],[-0.13461,51.50956],[-0.13322,51.50975],[-0.13386,51.51062],[-0.13469,51.50994],[-0.13761,51.50917]]]},"properties":{"code":"W1J","area":"W","colorSlot":2}},{"type":"Feature","geometry":{"type":"Polygon","coordinates":[[[-0.15028,51.50852],[-0.14957,51.5085],[-0.14935,51.50895],[-0.15017,51.50925],[-0.14988,51.50945],[-0.14476,51.51129],[-0.14442,51.51156],[-0.14509,51.51165],[-0.14489,51.51235],[-0.14563,51.51237],[-0.14584,51.51327],[-0.1466,51.5137],[-0.14873,51.51427],[-0.15327,51.51355],[-0.15402,51.51405],[-0.1544,51.51344],[-0.15562,51.51362],[-0.15921,51.51259],[-0.16194,51.50988],[-0.15988,51.50625],[-0.15196,51.50425],[-0.1505,51.50481],[-0.14926,51.50373],[-0.1488,51.50381],[-0.1486,51.50421],[-0.14915,51.50428],[-0.14875,51.50448],[-0.15002,51.50537],[-0.14983,51.50574],[-0.15102,51.50579],[-0.1498,51.50713],[-0.15041,51.50773],[-0.15028,51.50852]]]},"properties":{"code":"W1K","area":"W","colorSlot":4}},{"type":"Feature","geometry":{"type":"Polygon","coordinates":[[[-0.1447,51.51207],[-0.14478,51.5116],[-0.14376,51.51101],[-0.14406,51.50983],[-0.14358,51.50975],[-0.14416,51.50954],[-0.14322,51.50911],[-0.14198,51.5076],[-0.13991,51.50806],[-0.14114,51.50971],[-0.1398,51.50957],[-0.14023,51.50999],[-0.13929,51.51015],[-0.1387,51.50927],[-0.13768,51.50888],[-0.13758,51.50927],[-0.13857,51.50989],[-0.13837,51.51031],[-0.1401,51.51116],[-0.14004,51.51183],[-0.13956,51.51189],[-0.14053,51.5123],[-0.14166,51.51372],[-0.14427,51.51496],[-0.14536,51.51427],[-0.14608,51.51491],[-0.14621,51.51435],[-0.14676,51.51449],[-0.14699,51.51355],[-0.1458,51.51353],[-0.14574,51.51237],[-0.1447,51.51207]]]},"properties":{"code":"W1S","area":"W","colorSlot":3}},{"type":"Feature","geometry":{"type":"Polygon","coordinates":[[[-0.13283,51.52009],[-0.13484,51.52139],[-0.13472,51.52242],[-0.13639,51.52323],[-0.13624,51.5239],[-0.13694,51.52447],[-0.13832,51.52442],[-0.13869,51.52497],[-0.13974,51.52431],[-0.14127,51.52432],[-0.14122,51.52385],[-0.14169,51.52424],[-0.14281,51.52412],[-0.14314,51.52337],[-0.1413,51.52241],[-0.14154,51.52214],[-0.14082,51.52146],[-0.13887,51.5209],[-0.13924,51.52031],[-0.13853,51.52042],[-0.13825,51.51943],[-0.13753,51.51898],[-0.13913,51.51838],[-0.14028,51.51848],[-0.13755,51.51688],[-0.13777,51.51646],[-0.136,51.51605],[-0.13464,51.51675],[-0.1327,51.51645],[-0.131,51.51705],[-0.13139,51.51752],[-0.13095,51.51782],[-0.13206,51.51842],[-0.13181,51.51881],[-0.13283,51.52009]]]},"properties":{"code":"W1T","area":"W","colorSlot":2}},{"type":"Feature","geometry":{"type":"Polygon","coordinates":[[[-0.15134,51.51464],[-0.14988,51.5146],[-0.1497,51.51563],[-0.14764,51.51467],[-0.14775,51.51639],[-0.14634,51.5166],[-0.14722,51.51778],[-0.14743,51.5168],[-0.14847,51.51687],[-0.14853,51.51635],[-0.14972,51.51679],[-0.14928,51.51733],[-0.15036,51.51847],[-0.1516,51.51846],[-0.15117,51.52058],[-0.1516,51.52141],[-0.15083,51.52219],[-0.153,51.52269],[-0.15478,51.52253],[-0.15434,51.52199],[-0.15488,51.52175],[-0.15535,51.52237],[-0.15656,51.52239],[-0.15687,51.52181],[-0.15856,51.52192],[-0.15977,51.52112],[-0.15872,51.51912],[-0.15884,51.51793],[-0.15824,51.5169],[-0.15745,51.51702],[-0.15728,51.5163],[-0.15663,51.51702],[-0.15488,51.51629],[-0.15359,51.51686],[-0.15367,51.51798],[-0.15286,51.51681],[-0.15354,51.5163],[-0.15304,51.51644],[-0.15279,51.51566],[-0.15392,51.51596],[-0.15419,51.51502],[-0.15208,51.51442],[-0.15134,51.51464]]]},"properties":{"code":"W1U","area":"W","colorSlot":1}},{"type":"Feature","geometry":{"type":"Polygon","coordinates":[[[-0.14464,51.52336],[-0.14556,51.52274],[-0.14408,51.51955],[-0.14241,51.5184],[-0.14279,51.51836],[-0.14266,51.5174],[-0.14171,51.51589],[-0.14188,51.51547],[-0.13772,51.51633],[-0.1375,51.51678],[-0.14028,51.51845],[-0.13752,51.51894],[-0.13826,51.51942],[-0.13832,51.52027],[-0.13925,51.52029],[-0.13885,51.52086],[-0.14114,51.52167],[-0.14163,51.52206],[-0.14128,51.52232],[-0.14349,51.52396],[-0.14433,51.52412],[-0.14464,51.52336]]]},"properties":{"code":"W1W","area":"W","colorSlot":3}},{"type":"Feature","geometry":{"type":"Polygon","coordinates":[[[-0.18176,51.52112],[-0.18364,51.52104],[-0.18408,51.52154],[-0.1891,51.52291],[-0.19218,51.52259],[-0.19771,51.52114],[-0.19817,51.52062],[-0.19993,51.521],[-0.20033,51.52071],[-0.19807,51.51806],[-0.20022,51.51715],[-0.19919,51.51643],[-0.19941,51.51539],[-0.19607,51.51531],[-0.19509,51.51409],[-0.19769,51.5117],[-0.19688,51.51088],[-0.19744,51.51077],[-0.19726,51.51033],[-0.1967,51.51024],[-0.19704,51.50935],[-0.1962,51.50908],[-0.19597,51.50967],[-0.19369,51.51001],[-0.19282,51.50927],[-0.18478,51.50783],[-0.18153,51.5065],[-0.18155,51.5059],[-0.17876,51.50387],[-0.17634,51.50323],[-0.17252,51.50359],[-0.16981,51.50536],[-0.1655,51.50466],[-0.15988,51.50625],[-0.1618,51.50975],[-0.16076,51.51113],[-0.16071,51.51401],[-0.16352,51.51531],[-0.16306,51.51562],[-0.16337,51.5159],[-0.16406,51.51572],[-0.1655,51.51704],[-0.16526,51.5175],[-0.16766,51.51807],[-0.16741,51.51863],[-0.16854,51.5195],[-0.16964,51.51937],[-0.17017,51.52057],[-0.17115,51.52075],[-0.17117,51.52137],[-0.17267,51.52235],[-0.17313,51.52208],[-0.17286,51.52257],[-0.17395,51.52272],[-0.17354,51.52303],[-0.17493,51.52336],[-0.17487,51.52395],[-0.17667,51.52484],[-0.18114,51.52233],[-0.18176,51.52112]]]},"properties":{"code":"W2","area":"W","colorSlot":1}},{"type":"Feature","geometry":{"type":"Polygon","coordinates":[[[-0.26226,51.52439],[-0.26892,51.52537],[-0.27142,51.52659],[-0.27281,51.52583],[-0.27433,51.52587],[-0.27502,51.52655],[-0.2777,51.5264],[-0.27808,51.52717],[-0.28007,51.52771],[-0.28172,51.52884],[-0.28423,51.52836],[-0.28285,51.52614],[-0.28417,51.52496],[-0.28294,51.5239],[-0.28419,51.52295],[-0.28375,51.5217],[-0.28399,51.52098],[-0.28725,51.51897],[-0.28909,51.51706],[-0.28791,51.51579],[-0.28369,51.51574],[-0.28278,51.51534],[-0.28337,51.51396],[-0.28472,51.51383],[-0.28469,51.51205],[-0.28537,51.51146],[-0.28437,51.51095],[-0.28547,51.51033],[-0.28443,51.50979],[-0.28533,51.50852],[-0.28399,51.50817],[-0.28516,51.50649],[-0.288,51.50613],[-0.2903,51.50497],[-0.28743,51.50353],[-0.28831,51.5026],[-0.28589,51.50234],[-0.28531,51.5018],[-0.28599,51.50136],[-0.28548,51.50075],[-0.28557,51.49996],[-0.28897,51.50031],[-0.29159,51.4988],[-0.29242,51.4977],[-0.29217,51.49717],[-0.288,51.49651],[-0.28555,51.494],[-0.28243,51.49412],[-0.28159,51.49372],[-0.27898,51.4956],[-0.27818,51.4967],[-0.27449,51.49689],[-0.27251,51.49764],[-0.27152,51.49893],[-0.26973,51.49919],[-0.26948,51.50042],[-0.26884,51.50033],[-0.26818,51.5014],[-0.26709,51.50149],[-0.26742,51.50222],[-0.2646,51.50415],[-0.26479,51.50465],[-0.26417,51.5052],[-0.26158,51.50367],[-0.25919,51.50475],[-0.25503,51.50334],[-0.25417,51.5024],[-0.25186,51.50267],[-0.25161,51.50394],[-0.24948,51.50489],[-0.24833,51.50418],[-0.24759,51.50413],[-0.24753,51.50482],[-0.2469,51.50492],[-0.24618,51.50436],[-0.24646,51.50668],[-0.24524,51.50687],[-0.24407,51.50806],[-0.24492,51.50846],[-0.2452,51.50978],[-0.24625,51.51002],[-0.24558,51.51099],[-0.24608,51.51192],[-0.24794,51.51317],[-0.24891,51.51561],[-0.24988,51.51598],[-0.24968,51.51652],[-0.24875,51.51672],[-0.24889,51.51701],[-0.25028,51.51718],[-0.2502,51.51781],[-0.24913,51.51812],[-0.24907,51.51941],[-0.24708,51.52319],[-0.25275,51.52208],[-0.25425,51.52217],[-0.25844,51.52381],[-0.26079,51.52409],[-0.25934,51.52309],[-0.2598,51.52278],[-0.26226,51.52439]]]},"properties":{"code":"W3","area":"W","colorSlot":3}},{"type":"Feature","geometry":{"type":"Polygon","coordinates":[[[-0.24814,51.49644],[-0.24909,51.4966],[-0.24979,51.49733],[-0.24913,51.49808],[-0.25085,51.49886],[-0.25044,51.49967],[-0.2522,51.5003],[-0.25252,51.50114],[-0.25503,51.50334],[-0.25919,51.50475],[-0.26158,51.50367],[-0.26417,51.5052],[-0.26479,51.50465],[-0.2646,51.5042],[-0.26655,51.50256],[-0.26741,51.50237],[-0.26707,51.50177],[-0.2685,51.50117],[-0.26884,51.50033],[-0.26948,51.50042],[-0.26959,51.49945],[-0.27152,51.49893],[-0.27251,51.49764],[-0.27449,51.49689],[-0.27805,51.49669],[-0.28148,51.49371],[-0.28243,51.49412],[-0.28555,51.494],[-0.2852,51.49197],[-0.28434,51.49086],[-0.28734,51.49019],[-0.28574,51.48859],[-0.28789,51.48852],[-0.28856,51.48823],[-0.28877,51.48728],[-0.28638,51.48736],[-0.2843,51.48663],[-0.28096,51.48465],[-0.28037,51.48384],[-0.27789,51.4831],[-0.27642,51.48172],[-0.27487,51.47807],[-0.27148,51.47358],[-0.26888,51.47359],[-0.26467,51.47236],[-0.26166,51.47334],[-0.25986,51.47232],[-0.25625,51.47221],[-0.25457,51.47281],[-0.25313,51.47419],[-0.25277,51.47588],[-0.25315,51.47696],[-0.25029,51.47898],[-0.24917,51.4816],[-0.24813,51.48252],[-0.24834,51.48326],[-0.24682,51.48537],[-0.24423,51.48684],[-0.24183,51.48756],[-0.24168,51.48802],[-0.24386,51.48944],[-0.24573,51.49004],[-0.24581,51.49095],[-0.24514,51.49103],[-0.24548,51.49202],[-0.24495,51.49373],[-0.24577,51.4948],[-0.24785,51.4956],[-0.24814,51.49644]]]},"properties":{"code":"W4","area":"W","colorSlot":0}},{"type":"Feature","geometry":{"type":"Polygon","coordinates":[[[-0.31209,51.52123],[-0.31229,51.52077],[-0.31039,51.52018],[-0.31136,51.5185],[-0.30974,51.51818],[-0.31266,51.51636],[-0.31274,51.51565],[-0.31507,51.51376],[-0.31443,51.51303],[-0.31335,51.51325],[-0.31353,51.51259],[-0.31426,51.51243],[-0.31402,51.51131],[-0.31324,51.51085],[-0.31348,51.51019],[-0.3103,51.50934],[-0.31067,51.50693],[-0.30999,51.50584],[-0.31146,51.50476],[-0.31182,51.50327],[-0.3134,51.50282],[-0.31462,51.50158],[-0.31429,51.50121],[-0.31545,51.49957],[-0.31532,51.49892],[-0.31769,51.49816],[-0.31814,51.49696],[-0.31971,51.4963],[-0.31948,51.49417],[-0.31891,51.49366],[-0.31697,51.49359],[-0.31573,51.49409],[-0.31473,51.49378],[-0.31431,51.49237],[-0.31338,51.4916],[-0.31121,51.49229],[-0.31119,51.49297],[-0.30915,51.49302],[-0.30922,51.49383],[-0.30778,51.49403],[-0.30713,51.49353],[-0.30688,51.49408],[-0.30556,51.49421],[-0.30474,51.49488],[-0.30372,51.49478],[-0.30307,51.49403],[-0.30191,51.49453],[-0.30129,51.49571],[-0.29973,51.49488],[-0.2982,51.49473],[-0.29798,51.49561],[-0.29711,51.49609],[-0.29956,51.4966],[-0.30146,51.4978],[-0.30116,51.49843],[-0.29895,51.49914],[-0.29395,51.49858],[-0.29242,51.4977],[-0.29159,51.4988],[-0.28897,51.50031],[-0.28557,51.49996],[-0.28548,51.50075],[-0.28599,51.50136],[-0.28531,51.5018],[-0.2859,51.50229],[-0.28831,51.5026],[-0.28743,51.50353],[-0.28881,51.50457],[-0.2903,51.50497],[-0.288,51.50613],[-0.28516,51.50649],[-0.28387,51.50809],[-0.28537,51.5085],[-0.2844,51.50974],[-0.28547,51.51033],[-0.28427,51.5108],[-0.28536,51.5114],[-0.28469,51.51205],[-0.28472,51.51383],[-0.28337,51.51396],[-0.28278,51.51534],[-0.28369,51.51574],[-0.28791,51.51579],[-0.28911,51.51689],[-0.28774,51.51867],[-0.28399,51.52098],[-0.28419,51.52295],[-0.28294,51.5239],[-0.28416,51.52496],[-0.28308,51.52608],[-0.28423,51.5283],[-0.2865,51.52941],[-0.29155,51.53],[-0.29218,51.53115],[-0.29183,51.53171],[-0.29406,51.53156],[-0.29372,51.53237],[-0.29231,51.53247],[-0.29257,51.53318],[-0.29206,51.53375],[-0.2931,51.53492],[-0.29456,51.53426],[-0.29641,51.53524],[-0.297,51.53414],[-0.29852,51.53369],[-0.29953,51.53396],[-0.30342,51.53131],[-0.3055,51.53072],[-0.31004,51.52971],[-0.31292,51.53054],[-0.31705,51.5304],[-0.31819,51.52769],[-0.3194,51.52695],[-0.31852,51.52642],[-0.31789,51.52489],[-0.31624,51.52362],[-0.31594,51.52227],[-0.31489,51.52137],[-0.31424,51.52089],[-0.3129,51.52143],[-0.31209,51.52123]]]},"properties":{"code":"W5","area":"W","colorSlot":2}},{"type":"Feature","geometry":{"type":"Polygon","coordinates":[[[-0.24492,51.49317],[-0.24538,51.49282],[-0.24514,51.49103],[-0.24581,51.49095],[-0.24573,51.49004],[-0.245,51.4901],[-0.24168,51.48802],[-0.24077,51.48913],[-0.23803,51.48968],[-0.23622,51.48891],[-0.2307,51.48842],[-0.22732,51.48667],[-0.22579,51.48216],[-0.22103,51.48272],[-0.21896,51.48411],[-0.21598,51.48379],[-0.21569,51.48323],[-0.2137,51.48272],[-0.21332,51.48309],[-0.20988,51.48316],[-0.20887,51.48421],[-0.21086,51.48472],[-0.21072,51.48546],[-0.21255,51.48659],[-0.21284,51.4874],[-0.21206,51.4878],[-0.21236,51.48816],[-0.21473,51.48898],[-0.21421,51.49007],[-0.21798,51.49239],[-0.21505,51.49385],[-0.21653,51.49493],[-0.2154,51.49531],[-0.21518,51.49599],[-0.21745,51.49544],[-0.21887,51.49658],[-0.2207,51.49658],[-0.22096,51.49713],[-0.222,51.49721],[-0.22127,51.49932],[-0.2227,51.4999],[-0.22128,51.50101],[-0.22135,51.50158],[-0.22234,51.50215],[-0.22159,51.50262],[-0.22178,51.50317],[-0.22507,51.50164],[-0.22635,51.50144],[-0.22866,51.50212],[-0.23076,51.50081],[-0.23306,51.5007],[-0.23384,51.49982],[-0.23542,51.50024],[-0.23637,51.49956],[-0.23642,51.49898],[-0.23914,51.49912],[-0.23954,51.49808],[-0.24079,51.49798],[-0.24455,51.49951],[-0.24625,51.49828],[-0.24717,51.49853],[-0.24894,51.49812],[-0.24979,51.49733],[-0.24909,51.4966],[-0.24814,51.49644],[-0.24755,51.49526],[-0.24579,51.49481],[-0.24492,51.49317]]]},"properties":{"code":"W6","area":"W","colorSlot":3}},{"type":"Feature","geometry":{"type":"Polygon","coordinates":[[[-0.34495,51.52739],[-0.34882,51.52539],[-0.34923,51.52449],[-0.34889,51.52279],[-0.35076,51.52163],[-0.35138,51.51989],[-0.34931,51.51718],[-0.35131,51.51492],[-0.35021,51.5122],[-0.34533,51.51195],[-0.34414,51.51098],[-0.34394,51.50884],[-0.34481,51.50785],[-0.34443,51.50618],[-0.34723,51.50505],[-0.34808,51.50358],[-0.34422,51.50157],[-0.34433,51.50052],[-0.34172,51.49838],[-0.34037,51.49593],[-0.33509,51.49567],[-0.33181,51.4923],[-0.32795,51.49252],[-0.32528,51.49491],[-0.32503,51.49599],[-0.32396,51.4963],[-0.32428,51.49723],[-0.32244,51.49713],[-0.32244,51.49799],[-0.32347,51.49864],[-0.32505,51.4985],[-0.32573,51.49923],[-0.32549,51.49951],[-0.32621,51.50102],[-0.32743,51.50219],[-0.32623,51.50289],[-0.32531,51.50424],[-0.32521,51.505],[-0.32672,51.50523],[-0.3261,51.50598],[-0.32626,51.50758],[-0.32838,51.50842],[-0.32766,51.50899],[-0.3283,51.5094],[-0.3286,51.51068],[-0.33146,51.51151],[-0.32919,51.51538],[-0.33075,51.51644],[-0.32875,51.51825],[-0.32986,51.51879],[-0.32894,51.52051],[-0.33083,51.52199],[-0.32996,51.52445],[-0.33038,51.52524],[-0.33314,51.52649],[-0.33396,51.52791],[-0.33606,51.52989],[-0.33843,51.53054],[-0.34176,51.52991],[-0.34495,51.52739]]]},"properties":{"code":"W7","area":"W","colorSlot":2}},{"type":"Feature","geometry":{"type":"Polygon","coordinates":[[[-0.19541,51.50871],[-0.20041,51.50831],[-0.19986,51.50787],[-0.20056,51.5075],[-0.20234,51.5077],[-0.20378,51.50622],[-0.20268,51.50528],[-0.2034,51.50404],[-0.20506,51.50319],[-0.20512,51.50156],[-0.20477,51.50115],[-0.20229,51.50079],[-0.20143,51.50114],[-0.19995,51.49969],[-0.20114,51.49871],[-0.20084,51.49834],[-0.20443,51.49715],[-0.20263,51.49669],[-0.2029,51.49607],[-0.20258,51.49578],[-0.20005,51.49517],[-0.19997,51.4948],[-0.20195,51.49462],[-0.20264,51.49512],[-0.20393,51.49455],[-0.20211,51.49436],[-0.20132,51.49334],[-0.19873,51.49464],[-0.19827,51.4942],[-0.19655,51.49481],[-0.19588,51.49446],[-0.19519,51.49546],[-0.19442,51.49502],[-0.19389,51.49535],[-0.19007,51.4952],[-0.18958,51.49472],[-0.18803,51.49602],[-0.18918,51.4962],[-0.18933,51.49756],[-0.18777,51.49734],[-0.18456,51.49785],[-0.18428,51.49936],[-0.1827,51.49901],[-0.18221,51.49963],[-0.18311,51.49967],[-0.18385,51.50105],[-0.1832,51.50141],[-0.18381,51.50177],[-0.18409,51.5013],[-0.18548,51.50154],[-0.1839,51.50431],[-0.18155,51.5059],[-0.18153,51.5065],[-0.18407,51.50762],[-0.18819,51.50821],[-0.19,51.50902],[-0.19414,51.50962],[-0.19435,51.50905],[-0.19538,51.50905],[-0.19541,51.50871]]]},"properties":{"code":"W8","area":"W","colorSlot":3}},{"type":"Feature","geometry":{"type":"Polygon","coordinates":[[[-0.17839,51.52744],[-0.17817,51.52772],[-0.18066,51.52855],[-0.18192,51.53032],[-0.18393,51.53107],[-0.18562,51.53324],[-0.18704,51.5336],[-0.18695,51.53412],[-0.18871,51.53446],[-0.18767,51.53514],[-0.18833,51.53556],[-0.1895,51.53554],[-0.19032,51.5348],[-0.18798,51.5327],[-0.18918,51.53265],[-0.18995,51.531],[-0.19185,51.53108],[-0.19277,51.53008],[-0.194,51.53014],[-0.1945,51.52908],[-0.1951,51.52886],[-0.19517,51.52809],[-0.19641,51.52757],[-0.19798,51.52831],[-0.19766,51.52882],[-0.19838,51.52929],[-0.19803,51.52972],[-0.19832,51.53076],[-0.19966,51.53096],[-0.1994,51.53161],[-0.20155,51.53184],[-0.20144,51.53218],[-0.20255,51.5322],[-0.20287,51.53281],[-0.20418,51.5325],[-0.20534,51.53376],[-0.20722,51.53336],[-0.20584,51.53218],[-0.20617,51.53171],[-0.20486,51.53123],[-0.20526,51.53003],[-0.20472,51.52976],[-0.20437,51.52846],[-0.20531,51.52811],[-0.20489,51.5276],[-0.20583,51.52702],[-0.20581,51.52651],[-0.20518,51.52587],[-0.20611,51.52533],[-0.20445,51.52363],[-0.20209,51.52241],[-0.20245,51.52181],[-0.20205,51.5213],[-0.20029,51.52173],[-0.19993,51.521],[-0.19879,51.52062],[-0.19596,51.52161],[-0.19433,51.52169],[-0.19165,51.52285],[-0.1891,51.52291],[-0.18847,51.5224],[-0.18408,51.52154],[-0.18365,51.52104],[-0.18176,51.52112],[-0.18114,51.52233],[-0.17699,51.52448],[-0.17861,51.52628],[-0.17765,51.52671],[-0.17839,51.52744]]]},"properties":{"code":"W9","area":"W","colorSlot":4}},{"type":"Feature","geometry":{"type":"Polygon","coordinates":[[[-0.219,51.52754],[-0.22159,51.52697],[-0.22445,51.52745],[-0.23018,51.52713],[-0.23283,51.52522],[-0.23,51.52253],[-0.23314,51.52119],[-0.23281,51.52062],[-0.22859,51.52009],[-0.2281,51.51922],[-0.22706,51.51923],[-0.22532,51.5184],[-0.22466,51.51693],[-0.22502,51.51597],[-0.22472,51.51516],[-0.22237,51.51482],[-0.22189,51.5132],[-0.22109,51.513],[-0.22101,51.51181],[-0.21775,51.5113],[-0.21698,51.51175],[-0.21753,51.51199],[-0.21779,51.51333],[-0.21597,51.51453],[-0.21391,51.51469],[-0.215,51.51533],[-0.21383,51.51618],[-0.21386,51.5168],[-0.21254,51.51727],[-0.21091,51.51673],[-0.20911,51.51713],[-0.20505,51.51974],[-0.20435,51.52083],[-0.20205,51.5213],[-0.20245,51.52181],[-0.20209,51.52241],[-0.20436,51.52361],[-0.20611,51.52533],[-0.20526,51.52569],[-0.2059,51.52691],[-0.20489,51.5276],[-0.20531,51.52811],[-0.20439,51.52903],[-0.20522,51.52992],[-0.20469,51.53113],[-0.20616,51.53169],[-0.20621,51.53264],[-0.20722,51.53336],[-0.20895,51.53346],[-0.21017,51.5329],[-0.21151,51.5332],[-0.21234,51.53234],[-0.21368,51.53262],[-0.21664,51.53161],[-0.21566,51.53082],[-0.21646,51.52887],[-0.21534,51.52817],[-0.21639,51.52793],[-0.21687,51.52833],[-0.219,51.52754]]]},"properties":{"code":"W10","area":"W","colorSlot":2}},{"type":"Feature","geometry":{"type":"Polygon","coordinates":[[[-0.20033,51.52071],[-0.19993,51.521],[-0.20021,51.52173],[-0.20403,51.52094],[-0.20505,51.51974],[-0.20911,51.51713],[-0.21087,51.51671],[-0.21254,51.51727],[-0.21386,51.5168],[-0.21383,51.51618],[-0.21506,51.51551],[-0.21391,51.51474],[-0.21597,51.51453],[-0.21765,51.51359],[-0.21792,51.51282],[-0.21696,51.51182],[-0.21775,51.5113],[-0.2192,51.51145],[-0.21991,51.51054],[-0.21922,51.50985],[-0.21957,51.50879],[-0.22061,51.50805],[-0.21823,51.50662],[-0.21755,51.50525],[-0.21576,51.50352],[-0.21423,51.50397],[-0.21434,51.50494],[-0.21206,51.50512],[-0.21156,51.50576],[-0.20475,51.5036],[-0.2034,51.50404],[-0.20268,51.50528],[-0.20378,51.50622],[-0.20233,51.50766],[-0.20056,51.5075],[-0.19992,51.50772],[-0.20041,51.50831],[-0.19575,51.50861],[-0.19538,51.50905],[-0.1946,51.5089],[-0.19421,51.5095],[-0.19313,51.50945],[-0.19369,51.51001],[-0.19614,51.5091],[-0.19701,51.50934],[-0.1967,51.51024],[-0.19744,51.51077],[-0.19688,51.51088],[-0.19756,51.51143],[-0.19728,51.51241],[-0.19509,51.51409],[-0.19607,51.51531],[-0.19929,51.5154],[-0.19959,51.51583],[-0.19919,51.51643],[-0.20022,51.51715],[-0.19807,51.51806],[-0.20033,51.52071]]]},"properties":{"code":"W11","area":"W","colorSlot":0}},{"type":"Feature","geometry":{"type":"Polygon","coordinates":[[[-0.23281,51.52062],[-0.23314,51.52119],[-0.23856,51.52287],[-0.24066,51.52258],[-0.24425,51.52328],[-0.24708,51.52319],[-0.24907,51.51941],[-0.24913,51.51812],[-0.2502,51.51781],[-0.25028,51.51718],[-0.24862,51.51686],[-0.24992,51.51618],[-0.24891,51.51561],[-0.24794,51.51317],[-0.24608,51.51192],[-0.24558,51.51099],[-0.24625,51.51002],[-0.2452,51.50978],[-0.24492,51.50846],[-0.24401,51.5078],[-0.24533,51.50719],[-0.24524,51.50687],[-0.24646,51.50668],[-0.24598,51.50434],[-0.24746,51.50495],[-0.24744,51.50433],[-0.24833,51.50418],[-0.2492,51.50486],[-0.25082,51.50453],[-0.25078,51.504],[-0.25161,51.50394],[-0.25201,51.50325],[-0.25186,51.50267],[-0.2539,51.50229],[-0.25252,51.50114],[-0.25239,51.50042],[-0.25044,51.49967],[-0.25081,51.49893],[-0.25022,51.49838],[-0.24843,51.498],[-0.24717,51.49853],[-0.24625,51.49828],[-0.24455,51.49951],[-0.24366,51.49876],[-0.24079,51.49798],[-0.23954,51.49808],[-0.23914,51.49912],[-0.2367,51.49888],[-0.23542,51.50024],[-0.23413,51.4998],[-0.23218,51.50095],[-0.22969,51.50117],[-0.22866,51.50212],[-0.22635,51.50144],[-0.22507,51.50164],[-0.22226,51.50315],[-0.22057,51.50306],[-0.22038,51.50359],[-0.21965,51.50348],[-0.22047,51.50299],[-0.21848,51.50324],[-0.21781,51.50264],[-0.21602,51.5028],[-0.21576,51.50352],[-0.21755,51.50525],[-0.21823,51.50662],[-0.2206,51.50804],[-0.21957,51.50879],[-0.21922,51.50985],[-0.21991,51.51054],[-0.21939,51.51132],[-0.22101,51.51181],[-0.22109,51.513],[-0.22189,51.5132],[-0.22237,51.51482],[-0.22472,51.51516],[-0.22507,51.51816],[-0.22706,51.51923],[-0.2281,51.51922],[-0.22859,51.52009],[-0.23281,51.52062]]]},"properties":{"code":"W12","area":"W","colorSlot":1}},{"type":"Feature","geometry":{"type":"Polygon","coordinates":[[[-0.33052,51.51312],[-0.33128,51.51165],[-0.32862,51.5107],[-0.3285,51.50954],[-0.32766,51.50899],[-0.32838,51.50842],[-0.32626,51.50758],[-0.32602,51.50616],[-0.32672,51.50523],[-0.32527,51.50501],[-0.32623,51.50289],[-0.32733,51.50245],[-0.32621,51.50102],[-0.32549,51.49951],[-0.32573,51.49923],[-0.32505,51.4985],[-0.32348,51.49864],[-0.32244,51.49799],[-0.32244,51.49713],[-0.32428,51.49723],[-0.32396,51.4963],[-0.32003,51.49625],[-0.31861,51.49668],[-0.31769,51.49816],[-0.31532,51.49892],[-0.31545,51.49957],[-0.3134,51.50282],[-0.31182,51.50327],[-0.3115,51.50475],[-0.30999,51.50584],[-0.31067,51.50693],[-0.31007,51.50888],[-0.3103,51.50934],[-0.31348,51.51019],[-0.31324,51.51085],[-0.31402,51.51131],[-0.31426,51.51243],[-0.31316,51.5131],[-0.31443,51.51303],[-0.31507,51.51376],[-0.31274,51.51565],[-0.31271,51.51632],[-0.30974,51.51818],[-0.31136,51.5185],[-0.31025,51.52006],[-0.31229,51.52077],[-0.31209,51.52123],[-0.3129,51.52143],[-0.31424,51.52089],[-0.31594,51.52227],[-0.31605,51.52311],[-0.31788,51.52489],[-0.31852,51.52642],[-0.3194,51.52695],[-0.31825,51.52763],[-0.31707,51.5304],[-0.31802,51.53065],[-0.32316,51.52956],[-0.32582,51.53078],[-0.32945,51.53072],[-0.33593,51.52986],[-0.33314,51.52649],[-0.33056,51.52533],[-0.33001,51.52452],[-0.33032,51.52259],[-0.33079,51.52216],[-0.3298,51.52081],[-0.32908,51.52062],[-0.32907,51.51993],[-0.32995,51.51897],[-0.32875,51.51841],[-0.33075,51.51644],[-0.32919,51.51538],[-0.33052,51.51312]]]},"properties":{"code":"W13","area":"W","colorSlot":3}},{"type":"Feature","geometry":{"type":"Polygon","coordinates":[[[-0.22144,51.49868],[-0.22203,51.49812],[-0.222,51.49721],[-0.22096,51.49713],[-0.2207,51.49658],[-0.21887,51.49658],[-0.21745,51.49544],[-0.21518,51.49599],[-0.2154,51.49531],[-0.21653,51.49493],[-0.21497,51.49409],[-0.21635,51.49346],[-0.21653,51.49281],[-0.21798,51.4924],[-0.21421,51.49007],[-0.21473,51.48898],[-0.21236,51.48816],[-0.21206,51.4878],[-0.21284,51.4874],[-0.21255,51.48659],[-0.21072,51.48546],[-0.21087,51.48472],[-0.20539,51.48474],[-0.20252,51.48556],[-0.20227,51.48593],[-0.20265,51.48627],[-0.20201,51.48643],[-0.20155,51.48596],[-0.20015,51.48626],[-0.19995,51.48704],[-0.20074,51.48748],[-0.19981,51.48861],[-0.20135,51.489],[-0.20204,51.49048],[-0.20174,51.49228],[-0.2,51.49306],[-0.20024,51.4936],[-0.20132,51.49334],[-0.20204,51.49426],[-0.20393,51.49455],[-0.20264,51.49512],[-0.20063,51.49453],[-0.19997,51.4948],[-0.20005,51.49517],[-0.20255,51.49559],[-0.2029,51.49607],[-0.20259,51.4966],[-0.20443,51.49715],[-0.20383,51.49771],[-0.20194,51.49777],[-0.20084,51.49834],[-0.20114,51.49871],[-0.19995,51.49969],[-0.20004,51.50018],[-0.20122,51.50095],[-0.20477,51.50115],[-0.20512,51.50156],[-0.20475,51.5036],[-0.2052,51.50393],[-0.21156,51.50576],[-0.21206,51.50512],[-0.21434,51.50494],[-0.21414,51.50413],[-0.21576,51.50352],[-0.21602,51.5028],[-0.21781,51.50264],[-0.21848,51.50324],[-0.22033,51.50282],[-0.21965,51.50348],[-0.22038,51.50359],[-0.22057,51.50306],[-0.22152,51.50299],[-0.22234,51.50215],[-0.22224,51.50177],[-0.22141,51.5018],[-0.22128,51.50101],[-0.22266,51.49997],[-0.22151,51.49949],[-0.22144,51.49868]]]},"properties":{"code":"W14","area":"W","colorSlot":2}},{"type":"Feature","geometry":{"type":"Polygon","coordinates":[[[-0.12787,51.51617],[-0.12592,51.51702],[-0.12528,51.51625],[-0.12292,51.51778],[-0.1226,51.51742],[-0.12099,51.51809],[-0.12212,51.52009],[-0.12262,51.52017],[-0.12402,51.51938],[-0.12406,51.51877],[-0.12691,51.51777],[-0.12656,51.51722],[-0.12696,51.51698],[-0.12809,51.51748],[-0.13038,51.51668],[-0.13017,51.51589],[-0.12787,51.51617]]]},"properties":{"code":"WC1A","area":"WC","colorSlot":2}},{"type":"Feature","geometry":{"type":"Polygon","coordinates":[[[-0.13098,51.51733],[-0.13038,51.51668],[-0.12809,51.51748],[-0.12657,51.51708],[-0.12706,51.51767],[-0.12407,51.51873],[-0.12402,51.51938],[-0.12262,51.52017],[-0.12213,51.52009],[-0.1206,51.51777],[-0.12,51.51795],[-0.12042,51.51846],[-0.11987,51.51898],[-0.12161,51.51982],[-0.12157,51.52046],[-0.12236,51.52051],[-0.12315,51.52167],[-0.12504,51.52292],[-0.12668,51.52337],[-0.12838,51.5228],[-0.12958,51.52148],[-0.12787,51.52126],[-0.12742,51.52082],[-0.12789,51.52023],[-0.12696,51.51961],[-0.12746,51.519],[-0.12836,51.51926],[-0.12833,51.52026],[-0.12879,51.52052],[-0.13058,51.51943],[-0.13123,51.5195],[-0.13214,51.51856],[-0.13109,51.51805],[-0.13139,51.51752],[-0.13098,51.51733]]]},"properties":{"code":"WC1B","area":"WC","colorSlot":1}},{"type":"Feature","geometry":{"type":"Polygon","coordinates":[[[-0.13445,51.52107],[-0.13281,51.52018],[-0.13209,51.51911],[-0.12974,51.51963],[-0.12879,51.52052],[-0.12833,51.52026],[-0.12836,51.51926],[-0.12746,51.519],[-0.12696,51.51961],[-0.12789,51.52023],[-0.12742,51.52082],[-0.12787,51.52126],[-0.12928,51.52112],[-0.13027,51.52191],[-0.12991,51.52334],[-0.13088,51.52297],[-0.13312,51.52403],[-0.13274,51.5249],[-0.13436,51.52569],[-0.13618,51.52525],[-0.13694,51.52447],[-0.13639,51.52323],[-0.13472,51.52242],[-0.13445,51.52107]]]},"properties":{"code":"WC1E","area":"WC","colorSlot":4}},{"type":"Feature","geometry":{"type":"Polygon","coordinates":[[[-0.12337,51.52969],[-0.12412,51.52942],[-0.12504,51.53023],[-0.12604,51.52933],[-0.12569,51.52882],[-0.12746,51.52808],[-0.12857,51.52834],[-0.12811,51.52782],[-0.12972,51.5278],[-0.12975,51.52707],[-0.13021,51.52686],[-0.13075,51.52731],[-0.13281,51.52606],[-0.13307,51.52664],[-0.13394,51.52644],[-0.13345,51.52594],[-0.13385,51.52559],[-0.13361,51.52528],[-0.13274,51.5249],[-0.13312,51.52403],[-0.13114,51.52342],[-0.13106,51.52304],[-0.12994,51.52336],[-0.13027,51.52191],[-0.12958,51.52148],[-0.12802,51.52296],[-0.12668,51.52337],[-0.12569,51.52268],[-0.12561,51.52315],[-0.12623,51.52373],[-0.12678,51.52361],[-0.12713,51.52467],[-0.12573,51.52521],[-0.12627,51.52563],[-0.12617,51.52634],[-0.12517,51.5262],[-0.1254,51.52577],[-0.12457,51.52554],[-0.12398,51.52608],[-0.12108,51.52601],[-0.11893,51.52712],[-0.11932,51.52841],[-0.12071,51.52906],[-0.1212,51.53019],[-0.1234,51.53019],[-0.12337,51.52969]]]},"properties":{"code":"WC1H","area":"WC","colorSlot":3}},{"type":"Feature","geometry":{"type":"Polygon","coordinates":[[[-0.12454,51.52261],[-0.12304,51.52181],[-0.1232,51.52136],[-0.12081,51.51949],[-0.12011,51.52028],[-0.1185,51.52076],[-0.1141,51.52149],[-0.11397,51.52225],[-0.115,51.5229],[-0.11595,51.52438],[-0.11714,51.52478],[-0.11769,51.5254],[-0.11735,51.52552],[-0.11824,51.52588],[-0.11732,51.52636],[-0.11792,51.5265],[-0.12146,51.52593],[-0.12297,51.52625],[-0.12536,51.52556],[-0.12518,51.52614],[-0.12617,51.52634],[-0.12627,51.52563],[-0.12573,51.52521],[-0.12713,51.52467],[-0.12672,51.52421],[-0.12698,51.52366],[-0.12636,51.52375],[-0.12552,51.52337],[-0.12544,51.5228],[-0.12454,51.52261]]]},"properties":{"code":"WC1N","area":"WC","colorSlot":0}},{"type":"Feature","geometry":{"type":"Polygon","coordinates":[[[-0.11596,51.52058],[-0.11808,51.52034],[-0.11804,51.51989],[-0.11927,51.52],[-0.12033,51.51918],[-0.11987,51.51898],[-0.12042,51.51846],[-0.11962,51.51795],[-0.11989,51.51848],[-0.11939,51.51864],[-0.11712,51.51822],[-0.11651,51.5187],[-0.11381,51.51854],[-0.1139,51.51919],[-0.1119,51.51883],[-0.11311,51.52148],[-0.11596,51.52058]]]},"properties":{"code":"WC1R","area":"WC","colorSlot":3}},{"type":"Feature","geometry":{"type":"Polygon","coordinates":[[[-0.11262,51.51867],[-0.1139,51.51919],[-0.11381,51.51854],[-0.11421,51.51848],[-0.1163,51.51882],[-0.11651,51.51828],[-0.11712,51.51822],[-0.11972,51.51865],[-0.11962,51.51795],[-0.1206,51.51777],[-0.12089,51.51811],[-0.1226,51.51742],[-0.12284,51.51778],[-0.12444,51.51657],[-0.12582,51.51618],[-0.1252,51.51544],[-0.124,51.51622],[-0.12317,51.51613],[-0.12278,51.51698],[-0.1199,51.51768],[-0.11848,51.51717],[-0.11369,51.51804],[-0.11113,51.51724],[-0.11063,51.5177],[-0.1119,51.51883],[-0.11262,51.51867]]]},"properties":{"code":"WC1V","area":"WC","colorSlot":0}},{"type":"Feature","geometry":{"type":"Polygon","coordinates":[[[-0.11152,51.51835],[-0.11075,51.51912],[-0.1119,51.51978],[-0.11101,51.52035],[-0.11263,51.52074],[-0.11258,51.52134],[-0.11321,51.52182],[-0.11236,51.52265],[-0.11286,51.523],[-0.11212,51.52284],[-0.11125,51.5239],[-0.11314,51.52609],[-0.11219,51.5264],[-0.11218,51.52606],[-0.11132,51.52603],[-0.11151,51.52568],[-0.11073,51.52572],[-0.11022,51.52598],[-0.11057,51.52624],[-0.10921,51.52695],[-0.10994,51.52714],[-0.10986,51.52807],[-0.11059,51.52848],[-0.11009,51.52912],[-0.11095,51.52938],[-0.11045,51.52984],[-0.11173,51.53091],[-0.11328,51.53074],[-0.11371,51.53143],[-0.11484,51.53165],[-0.11653,51.53064],[-0.11857,51.53105],[-0.12109,51.53037],[-0.12165,51.53084],[-0.12239,51.53067],[-0.1212,51.53019],[-0.12056,51.52894],[-0.11879,51.52766],[-0.11946,51.5264],[-0.11728,51.52641],[-0.11824,51.52589],[-0.1174,51.52577],[-0.11769,51.5254],[-0.11398,51.52226],[-0.11446,51.52149],[-0.1197,51.52053],[-0.12081,51.51949],[-0.12051,51.51919],[-0.11882,51.52012],[-0.11804,51.51989],[-0.11808,51.52034],[-0.117,51.52015],[-0.11708,51.52045],[-0.1142,51.52088],[-0.11311,51.52148],[-0.11152,51.51835]]]},"properties":{"code":"WC1X","area":"WC","colorSlot":2}},{"type":"Feature","geometry":{"type":"Polygon","coordinates":[[[-0.11203,51.51749],[-0.11239,51.51794],[-0.11402,51.51809],[-0.11484,51.5176],[-0.11897,51.51738],[-0.1195,51.5168],[-0.11848,51.51591],[-0.11847,51.5149],[-0.11775,51.51414],[-0.11331,51.51363],[-0.11088,51.51421],[-0.1103,51.51528],[-0.11194,51.51626],[-0.1111,51.5172],[-0.11203,51.51749]]]},"properties":{"code":"WC2A","area":"WC","colorSlot":3}},{"type":"Feature","geometry":{"type":"Polygon","coordinates":[[[-0.11847,51.5149],[-0.11848,51.51591],[-0.1199,51.51768],[-0.12278,51.51698],[-0.12317,51.51613],[-0.12473,51.51581],[-0.12169,51.51444],[-0.12263,51.51398],[-0.12234,51.51294],[-0.12125,51.51354],[-0.12078,51.51295],[-0.12235,51.51262],[-0.12147,51.51217],[-0.12149,51.51259],[-0.12016,51.51252],[-0.11996,51.51317],[-0.11928,51.51334],[-0.1199,51.51202],[-0.11943,51.51209],[-0.11977,51.51188],[-0.11918,51.51153],[-0.11899,51.51214],[-0.11741,51.51189],[-0.1173,51.51231],[-0.11503,51.51284],[-0.11517,51.51395],[-0.11705,51.51383],[-0.11847,51.5149]]]},"properties":{"code":"WC2B","area":"WC","colorSlot":2}},{"type":"Feature","geometry":{"type":"Polygon","coordinates":[[[-0.12033,51.51091],[-0.1195,51.5116],[-0.11977,51.51188],[-0.11942,51.51201],[-0.1199,51.51202],[-0.11926,51.51333],[-0.11997,51.51319],[-0.12045,51.51239],[-0.12235,51.51262],[-0.12078,51.51295],[-0.12125,51.51354],[-0.12234,51.51294],[-0.12217,51.51343],[-0.12263,51.51383],[-0.12169,51.51444],[-0.12255,51.51461],[-0.12257,51.51501],[-0.12331,51.51478],[-0.12316,51.51443],[-0.12373,51.51413],[-0.12345,51.51388],[-0.12436,51.51315],[-0.12616,51.51278],[-0.12725,51.51188],[-0.12722,51.51149],[-0.12524,51.51129],[-0.1253,51.51016],[-0.1244,51.51034],[-0.12374,51.50966],[-0.12359,51.51045],[-0.12105,51.51077],[-0.12127,51.51113],[-0.12088,51.51139],[-0.12033,51.51091]]]},"properties":{"code":"WC2E","area":"WC","colorSlot":0}},{"type":"Feature","geometry":{"type":"Polygon","coordinates":[[[-0.12908,51.51265],[-0.13158,51.51129],[-0.13106,51.51082],[-0.13138,51.51005],[-0.1306,51.50975],[-0.13153,51.50938],[-0.13147,51.50878],[-0.12866,51.50865],[-0.12731,51.50977],[-0.12785,51.51015],[-0.12806,51.51136],[-0.12655,51.51211],[-0.12644,51.51272],[-0.12549,51.51254],[-0.12483,51.51297],[-0.12503,51.51321],[-0.1241,51.51333],[-0.123,51.51521],[-0.12473,51.51581],[-0.12555,51.51552],[-0.12582,51.51618],[-0.12528,51.51625],[-0.12592,51.51702],[-0.12787,51.51617],[-0.13034,51.5158],[-0.13045,51.51499],[-0.13003,51.51505],[-0.13033,51.51418],[-0.12946,51.51404],[-0.12908,51.51265]]]},"properties":{"code":"WC2H","area":"WC","colorSlot":1}},{"type":"Feature","geometry":{"type":"Polygon","coordinates":[[[-0.1278,51.51025],[-0.12732,51.5098],[-0.12866,51.50865],[-0.12796,51.50797],[-0.12873,51.5077],[-0.12884,51.50701],[-0.12644,51.50722],[-0.12457,51.50618],[-0.1218,51.50667],[-0.11971,51.50587],[-0.11896,51.50828],[-0.12045,51.50872],[-0.12183,51.50985],[-0.12428,51.50936],[-0.12428,51.51021],[-0.1253,51.51016],[-0.12524,51.51129],[-0.12759,51.51165],[-0.12806,51.51136],[-0.1278,51.51025]]]},"properties":{"code":"WC2N","area":"WC","colorSlot":2}},{"type":"Feature","geometry":{"type":"Polygon","coordinates":[[[-0.12428,51.50936],[-0.12253,51.50997],[-0.11896,51.50828],[-0.11592,51.50835],[-0.1145,51.50911],[-0.1105,51.50934],[-0.11041,51.51042],[-0.11201,51.51118],[-0.11289,51.51224],[-0.11203,51.5125],[-0.11258,51.51259],[-0.1119,51.5138],[-0.114,51.51367],[-0.11484,51.51416],[-0.11517,51.51395],[-0.11491,51.51299],[-0.1155,51.51262],[-0.1173,51.51231],[-0.11741,51.51189],[-0.11881,51.51234],[-0.11897,51.51162],[-0.1201,51.51145],[-0.11985,51.51108],[-0.12033,51.51091],[-0.12088,51.51139],[-0.12126,51.51116],[-0.12098,51.51083],[-0.12359,51.51045],[-0.12366,51.50984],[-0.1244,51.50988],[-0.12428,51.50936]]]},"properties":{"code":"WC2R","area":"WC","colorSlot":1}},{"type":"Feature","geometry":{"type":"Polygon","coordinates":[[[0.01259,51.40388],[0.01308,51.40157],[0.01243,51.4003],[0.01573,51.39971],[0.01623,51.39877],[0.01903,51.40002],[0.02338,51.40032],[0.02804,51.39976],[0.02987,51.40046],[0.03125,51.39945],[0.03106,51.39898],[0.03204,51.39837],[0.03232,51.39726],[0.03504,51.39713],[0.0367,51.39779],[0.03976,51.3974],[0.04215,51.396],[0.04069,51.39455],[0.04106,51.39405],[0.04077,51.39236],[0.04193,51.39208],[0.04248,51.39113],[0.04365,51.39119],[0.04398,51.39069],[0.04512,51.39077],[0.04658,51.38997],[0.04682,51.39131],[0.04846,51.39131],[0.04939,51.39056],[0.05187,51.39092],[0.05158,51.39271],[0.05225,51.39398],[0.05345,51.39419],[0.05678,51.39363],[0.05867,51.39276],[0.06155,51.39273],[0.06511,51.39386],[0.06649,51.39528],[0.0676,51.39857],[0.06558,51.40103],[0.06228,51.4009],[0.06058,51.40141],[0.05909,51.4048],[0.0578,51.40464],[0.05643,51.40522],[0.0565,51.40582],[0.05511,51.40664],[0.05213,51.40629],[0.05094,51.40761],[0.04898,51.40688],[0.04606,51.4068],[0.04674,51.40776],[0.04355,51.40897],[0.04421,51.4099],[0.04329,51.41084],[0.04375,51.41147],[0.04591,51.4124],[0.04564,51.41353],[0.04097,51.41592],[0.04082,51.41752],[0.03681,51.42118],[0.03768,51.42262],[0.03406,51.42459],[0.03052,51.42511],[0.0302,51.42646],[0.02727,51.42757],[0.02735,51.42812],[0.026,51.42888],[0.02356,51.42851],[0.02347,51.4278],[0.02246,51.42749],[0.02183,51.42664],[0.0201,51.42712],[0.02084,51.42893],[0.01866,51.42979],[0.02065,51.43005],[0.02121,51.43088],[0.01981,51.43206],[0.01985,51.4327],[0.01782,51.43492],[0.01661,51.43552],[0.01544,51.43576],[0.01308,51.43524],[0.01081,51.43608],[0.00994,51.43535],[0.00985,51.43327],[0.00789,51.43328],[0.00711,51.43383],[0.00528,51.43341],[0.00542,51.43233],[0.00417,51.43203],[0.00308,51.43317],[0.00232,51.43271],[0.00152,51.43113],[-0.00176,51.4321],[-0.00274,51.43136],[-0.00352,51.4314],[-0.00659,51.43254],[-0.00965,51.43001],[-0.01205,51.42979],[-0.01278,51.42926],[-0.01337,51.42821],[-0.01301,51.42785],[-0.01194,51.42779],[-0.01125,51.42899],[-0.00999,51.42776],[-0.01082,51.42725],[-0.01036,51.42691],[-0.00932,51.42661],[-0.00865,51.42736],[-0.00673,51.42677],[-0.00726,51.42584],[-0.00842,51.42573],[-0.00887,51.42621],[-0.01025,51.42575],[-0.00973,51.4248],[-0.01013,51.42388],[-0.01189,51.42454],[-0.01465,51.42354],[-0.01536,51.42009],[-0.01485,51.41929],[-0.01349,51.41857],[-0.01081,51.41904],[-0.00547,51.41791],[-0.00126,51.41314],[-0.00079,51.41097],[0.00049,51.40952],[0.0021,51.40913],[0.00598,51.40676],[0.00663,51.4079],[0.00849,51.40708],[0.00931,51.40728],[0.00987,51.40816],[0.01126,51.40715],[0.01124,51.40664],[0.0121,51.40657],[0.01354,51.40547],[0.01259,51.40388]]]},"properties":{"code":"BR1","area":"BR","colorSlot":2}},{"type":"Feature","geometry":{"type":"Polygon","coordinates":[[[0.0045,51.40759],[0.0021,51.40913],[0.00049,51.40952],[-0.00058,51.4109],[-0.00126,51.41314],[-0.00239,51.41401],[-0.0037,51.41622],[-0.00648,51.41505],[-0.00809,51.41494],[-0.00761,51.41437],[-0.00772,51.41271],[-0.00598,51.41212],[-0.00598,51.41067],[-0.00492,51.41006],[-0.00276,51.4106],[-0.00274,51.40902],[-0.00517,51.40725],[-0.00679,51.407],[-0.00755,51.40614],[-0.00723,51.40533],[-0.00881,51.40464],[-0.00786,51.40368],[-0.00794,51.4027],[-0.01129,51.401],[-0.00974,51.40027],[-0.00945,51.39896],[-0.00815,51.39941],[-0.00664,51.3988],[-0.00541,51.39938],[-0.00499,51.39901],[-0.00628,51.39783],[-0.00427,51.39782],[-0.00387,51.39717],[-0.00472,51.39587],[-0.00017,51.39299],[0.00011,51.39148],[0.00202,51.39157],[0.00177,51.39011],[0.00425,51.3904],[0.00368,51.38911],[0.00399,51.38811],[0.00604,51.38644],[0.00497,51.38457],[0.00302,51.38375],[0.00288,51.38282],[0.00359,51.38224],[0.00229,51.38073],[0.00134,51.3805],[0.00068,51.37964],[-0.0011,51.37916],[-0.00191,51.378],[0.00135,51.37623],[0.00435,51.37648],[0.00448,51.37592],[0.006,51.37514],[0.00421,51.37502],[0.00272,51.37341],[0.0045,51.37197],[0.00418,51.3709],[0.00714,51.3693],[0.0086,51.36916],[0.01237,51.37062],[0.01375,51.37043],[0.01604,51.36849],[0.01821,51.36786],[0.0174,51.36588],[0.01814,51.36208],[0.01775,51.36148],[0.01618,51.36135],[0.01027,51.3591],[0.00834,51.35897],[0.00108,51.35469],[0.00184,51.35253],[0.00483,51.34919],[0.0103,51.34639],[0.0072,51.34473],[0.0024,51.34076],[0.00145,51.33786],[0.00337,51.33588],[0.00493,51.33516],[0.01486,51.3398],[0.01707,51.33504],[0.02509,51.33422],[0.02783,51.33345],[0.02994,51.33356],[0.03492,51.33249],[0.03595,51.33517],[0.04088,51.34003],[0.04094,51.34185],[0.04269,51.34382],[0.04758,51.34675],[0.04814,51.34872],[0.04571,51.35192],[0.0508,51.35864],[0.049,51.36455],[0.04723,51.36497],[0.04751,51.36568],[0.05072,51.36629],[0.05065,51.3669],[0.0498,51.36753],[0.04993,51.36922],[0.04932,51.3707],[0.05001,51.37236],[0.0523,51.37339],[0.05449,51.37366],[0.05614,51.37513],[0.05748,51.37786],[0.05951,51.37828],[0.06344,51.38015],[0.06355,51.38219],[0.06122,51.38449],[0.06279,51.38563],[0.06278,51.38634],[0.06455,51.38693],[0.06476,51.38781],[0.06411,51.3883],[0.06458,51.38911],[0.06416,51.39067],[0.06197,51.39274],[0.05867,51.39276],[0.05678,51.39363],[0.0535,51.39422],[0.0518,51.39366],[0.05143,51.39277],[0.05187,51.39092],[0.04939,51.39056],[0.04846,51.39131],[0.04687,51.39132],[0.04683,51.39008],[0.04512,51.39077],[0.04398,51.39069],[0.04365,51.39119],[0.04248,51.39113],[0.04193,51.39208],[0.04077,51.39236],[0.04076,51.39442],[0.04215,51.396],[0.03976,51.3974],[0.0367,51.39779],[0.03504,51.39713],[0.0324,51.39723],[0.03204,51.39837],[0.03106,51.39898],[0.03125,51.39945],[0.02987,51.40046],[0.02804,51.39976],[0.02338,51.40032],[0.01903,51.40002],[0.01623,51.39877],[0.01573,51.39971],[0.01243,51.4003],[0.01308,51.40157],[0.01259,51.40388],[0.01354,51.40547],[0.0121,51.40657],[0.01124,51.40664],[0.01062,51.40776],[0.01006,51.40813],[0.00939,51.40728],[0.00849,51.40708],[0.00645,51.40781],[0.00598,51.40676],[0.0045,51.40759]]]},"properties":{"code":"BR2","area":"BR","colorSlot":3}},{"type":"Feature","geometry":{"type":"Polygon","coordinates":[[[-0.02961,51.42279],[-0.03006,51.42222],[-0.03273,51.42133],[-0.0333,51.4205],[-0.03518,51.41952],[-0.03908,51.41865],[-0.04079,51.42021],[-0.03762,51.42107],[-0.03868,51.42239],[-0.03812,51.42256],[-0.03688,51.42171],[-0.03621,51.4223],[-0.03636,51.42349],[-0.0375,51.42395],[-0.04017,51.42374],[-0.04122,51.42283],[-0.04294,51.4223],[-0.04315,51.42097],[-0.04589,51.41984],[-0.04614,51.41772],[-0.04495,51.41696],[-0.04615,51.41597],[-0.04605,51.41524],[-0.04508,51.41466],[-0.04791,51.41391],[-0.04844,51.41315],[-0.04672,51.41143],[-0.04815,51.41113],[-0.04834,51.41023],[-0.05025,51.40975],[-0.05193,51.40878],[-0.05193,51.40825],[-0.05425,51.40784],[-0.05413,51.40706],[-0.05675,51.40638],[-0.05766,51.40536],[-0.05538,51.40412],[-0.05658,51.40288],[-0.05676,51.40028],[-0.05557,51.39815],[-0.05781,51.39625],[-0.05448,51.39487],[-0.05238,51.39468],[-0.05145,51.39356],[-0.04985,51.39322],[-0.04795,51.39397],[-0.04732,51.39376],[-0.04713,51.39264],[-0.04619,51.39241],[-0.04561,51.39121],[-0.04464,51.39116],[-0.04437,51.39023],[-0.04197,51.38888],[-0.04117,51.38955],[-0.03934,51.3886],[-0.03628,51.38894],[-0.03298,51.38777],[-0.03242,51.38717],[-0.032,51.38507],[-0.03399,51.38346],[-0.03325,51.37922],[-0.02852,51.37806],[-0.02647,51.3784],[-0.02722,51.37961],[-0.02551,51.37981],[-0.02616,51.38135],[-0.02498,51.38172],[-0.02375,51.38364],[-0.01949,51.3838],[-0.0169,51.38501],[-0.01387,51.38571],[-0.00911,51.38469],[-0.00266,51.39012],[-0.0028,51.39066],[0.00018,51.39102],[0.00022,51.39196],[-0.00037,51.39263],[-0.00017,51.39299],[-0.0018,51.39387],[-0.00172,51.39432],[-0.00396,51.39513],[-0.00472,51.39587],[-0.00387,51.39717],[-0.00409,51.39774],[-0.00628,51.39783],[-0.00499,51.39901],[-0.00541,51.39938],[-0.00664,51.3988],[-0.00815,51.39941],[-0.00945,51.39896],[-0.00974,51.40027],[-0.01129,51.401],[-0.00794,51.4027],[-0.00786,51.40368],[-0.00881,51.40464],[-0.00723,51.40533],[-0.00755,51.40614],[-0.00679,51.407],[-0.00434,51.40759],[-0.00274,51.40902],[-0.00276,51.4106],[-0.00492,51.41006],[-0.00598,51.41067],[-0.00598,51.41212],[-0.00772,51.41271],[-0.00761,51.41437],[-0.00809,51.41494],[-0.00648,51.41505],[-0.0037,51.41622],[-0.00547,51.41791],[-0.01081,51.41904],[-0.01246,51.41853],[-0.0141,51.41875],[-0.01815,51.42274],[-0.02077,51.42323],[-0.02235,51.42212],[-0.02468,51.42276],[-0.02438,51.42353],[-0.02562,51.42401],[-0.0293,51.42339],[-0.02961,51.42279]]]},"properties":{"code":"BR3","area":"BR","colorSlot":1}},{"type":"Feature","geometry":{"type":"Polygon","coordinates":[[[-0.02587,51.37726],[-0.02617,51.37653],[-0.02552,51.376],[-0.0259,51.37531],[-0.02385,51.37471],[-0.02495,51.37382],[-0.02339,51.37269],[-0.0241,51.37218],[-0.02319,51.37087],[-0.02416,51.37024],[-0.02385,51.3689],[-0.02339,51.36867],[-0.0244,51.36687],[-0.02428,51.36413],[-0.02319,51.36131],[-0.01228,51.36236],[-0.00806,51.35867],[-0.00155,51.35644],[0.00108,51.35469],[0.00809,51.35886],[0.01027,51.3591],[0.01618,51.36135],[0.01766,51.36142],[0.01814,51.36208],[0.0174,51.36588],[0.01821,51.36786],[0.01604,51.36849],[0.01375,51.37043],[0.01264,51.37061],[0.0086,51.36916],[0.00714,51.3693],[0.00418,51.3709],[0.0045,51.37197],[0.00272,51.37341],[0.00421,51.37502],[0.00582,51.37496],[0.00435,51.37648],[0.00152,51.37622],[-0.00195,51.37797],[-0.0011,51.37916],[0.00068,51.37964],[0.00134,51.3805],[0.00229,51.38073],[0.00359,51.38224],[0.00288,51.38282],[0.00302,51.38375],[0.00497,51.38457],[0.00604,51.38644],[0.00399,51.38811],[0.00368,51.38911],[0.00425,51.3904],[0.00183,51.39008],[0.00202,51.39157],[-0.0028,51.39066],[-0.00266,51.39012],[-0.00911,51.38469],[-0.01387,51.38571],[-0.01674,51.38515],[-0.01949,51.3838],[-0.02375,51.38364],[-0.02431,51.38335],[-0.02498,51.38172],[-0.02616,51.38135],[-0.02551,51.37981],[-0.02722,51.37961],[-0.02643,51.37743],[-0.02587,51.37726]]]},"properties":{"code":"BR4","area":"BR","colorSlot":2}},{"type":"Feature","geometry":{"type":"Polygon","coordinates":[[[0.08602,51.38652],[0.0862,51.38689],[0.08441,51.38796],[0.08614,51.38833],[0.08717,51.38751],[0.08806,51.38749],[0.08871,51.38575],[0.08914,51.38565],[0.09303,51.38579],[0.09941,51.38445],[0.10229,51.38583],[0.10421,51.38536],[0.10472,51.38461],[0.10341,51.38369],[0.10371,51.3826],[0.10475,51.38284],[0.10647,51.38243],[0.10732,51.38312],[0.10824,51.38286],[0.10856,51.38193],[0.10799,51.38137],[0.11021,51.38065],[0.11028,51.38014],[0.10903,51.37972],[0.10934,51.37855],[0.11001,51.37829],[0.10922,51.37739],[0.11061,51.37637],[0.10961,51.37606],[0.10912,51.37499],[0.11112,51.37432],[0.10973,51.37346],[0.10992,51.3726],[0.11229,51.37295],[0.11401,51.37239],[0.11534,51.37286],[0.11534,51.37365],[0.11666,51.37353],[0.11787,51.37162],[0.12184,51.37099],[0.12249,51.37168],[0.12725,51.37167],[0.12294,51.37353],[0.12645,51.37552],[0.13099,51.37443],[0.12849,51.37154],[0.1285,51.37078],[0.13306,51.36474],[0.13672,51.36379],[0.14121,51.36411],[0.14924,51.36957],[0.14596,51.3775],[0.14077,51.38112],[0.1397,51.38702],[0.14588,51.38976],[0.14064,51.39421],[0.13458,51.39741],[0.13466,51.39938],[0.13636,51.40387],[0.13544,51.40461],[0.13206,51.40568],[0.12849,51.40983],[0.12133,51.41026],[0.11946,51.40977],[0.11818,51.41009],[0.11724,51.41246],[0.11484,51.4131],[0.11191,51.41295],[0.11134,51.41116],[0.10927,51.41094],[0.10886,51.41246],[0.11052,51.4131],[0.10858,51.41444],[0.10771,51.41606],[0.10515,51.41584],[0.10304,51.41471],[0.09931,51.41385],[0.09986,51.41092],[0.09625,51.40977],[0.09301,51.41012],[0.09234,51.4083],[0.08969,51.40741],[0.08587,51.40743],[0.08474,51.40604],[0.08493,51.40468],[0.08395,51.40297],[0.08995,51.40233],[0.08997,51.40117],[0.09072,51.4009],[0.09286,51.40187],[0.09295,51.40235],[0.09643,51.40081],[0.09619,51.39982],[0.09927,51.39978],[0.09996,51.39919],[0.09978,51.39833],[0.09805,51.39747],[0.09616,51.39755],[0.09394,51.39639],[0.09427,51.39528],[0.0919,51.39475],[0.09095,51.39519],[0.08999,51.39477],[0.08718,51.39477],[0.08222,51.39762],[0.08057,51.40009],[0.07736,51.40006],[0.07185,51.39878],[0.06772,51.39874],[0.06649,51.39528],[0.06511,51.39386],[0.06197,51.39274],[0.06416,51.39067],[0.06458,51.38911],[0.06411,51.3883],[0.06476,51.38781],[0.06455,51.38693],[0.06278,51.38634],[0.06279,51.38563],[0.06121,51.38452],[0.06346,51.3824],[0.06345,51.3802],[0.06933,51.3793],[0.07165,51.37535],[0.0709,51.37471],[0.06928,51.37455],[0.06925,51.3737],[0.07031,51.37289],[0.07219,51.37294],[0.0746,51.37426],[0.0766,51.3738],[0.07713,51.37406],[0.07825,51.37551],[0.07725,51.37745],[0.07812,51.37834],[0.07998,51.37876],[0.07942,51.37919],[0.07973,51.38015],[0.08129,51.37969],[0.08234,51.3804],[0.08228,51.38143],[0.08346,51.38166],[0.08458,51.38126],[0.08516,51.38173],[0.08638,51.38171],[0.08709,51.38331],[0.08495,51.3843],[0.08541,51.38483],[0.08711,51.38483],[0.08765,51.38577],[0.08602,51.38652]]]},"properties":{"code":"BR5","area":"BR","colorSlot":0}},{"type":"Feature","geometry":{"type":"Polygon","coordinates":[[[0.1034,51.38302],[0.10472,51.38461],[0.10421,51.38536],[0.10229,51.38583],[0.09941,51.38445],[0.09303,51.38579],[0.08923,51.38562],[0.08871,51.38575],[0.08806,51.38744],[0.08717,51.38751],[0.08614,51.38833],[0.08441,51.38796],[0.0862,51.38689],[0.08602,51.38652],[0.08656,51.38603],[0.08765,51.38577],[0.08711,51.38483],[0.08541,51.38483],[0.08495,51.3843],[0.08709,51.38331],[0.08659,51.3829],[0.08673,51.38214],[0.08458,51.38126],[0.08236,51.38148],[0.08234,51.3804],[0.08129,51.37969],[0.07973,51.38015],[0.07942,51.37919],[0.07998,51.37876],[0.07812,51.37834],[0.07725,51.37745],[0.07818,51.37571],[0.07798,51.37495],[0.0766,51.3738],[0.0746,51.37426],[0.07225,51.37293],[0.07031,51.37289],[0.06925,51.3737],[0.06928,51.37455],[0.0709,51.37471],[0.07164,51.37532],[0.07107,51.37691],[0.07004,51.37769],[0.06933,51.3793],[0.06344,51.38015],[0.05951,51.37828],[0.05763,51.37799],[0.05614,51.37513],[0.05449,51.37366],[0.0523,51.37339],[0.05001,51.37236],[0.04932,51.3707],[0.04993,51.36922],[0.0498,51.36753],[0.05065,51.3669],[0.05072,51.36629],[0.04751,51.36568],[0.04705,51.36514],[0.049,51.36455],[0.05083,51.3594],[0.04571,51.35192],[0.04814,51.34872],[0.04758,51.34675],[0.04269,51.34382],[0.04094,51.34185],[0.04088,51.34003],[0.03595,51.33517],[0.03492,51.33249],[0.03581,51.33032],[0.04035,51.32916],[0.04442,51.3258],[0.04289,51.32215],[0.04613,51.31984],[0.049,51.31889],[0.05296,51.3189],[0.05463,51.32015],[0.06375,51.32253],[0.06764,51.32492],[0.06804,51.32615],[0.06679,51.33132],[0.06469,51.33236],[0.0647,51.3362],[0.07001,51.33862],[0.07283,51.34067],[0.07391,51.34396],[0.09033,51.3421],[0.09322,51.33841],[0.09035,51.33525],[0.08957,51.33241],[0.09319,51.32693],[0.10491,51.31943],[0.11233,51.32443],[0.11174,51.32576],[0.11325,51.33002],[0.11737,51.33068],[0.12186,51.33273],[0.121,51.33538],[0.12143,51.33723],[0.12036,51.33825],[0.11577,51.34009],[0.11507,51.34082],[0.11621,51.34244],[0.11803,51.34269],[0.11749,51.34377],[0.11849,51.34708],[0.11967,51.34711],[0.12284,51.3485],[0.12787,51.34888],[0.12939,51.34964],[0.13499,51.34726],[0.1424,51.3473],[0.1439,51.34707],[0.14537,51.34613],[0.14884,51.34581],[0.1553,51.34942],[0.16125,51.35035],[0.16466,51.35497],[0.17792,51.35978],[0.17822,51.36022],[0.17823,51.36094],[0.1705,51.36826],[0.17015,51.36972],[0.1634,51.3711],[0.14924,51.36957],[0.14121,51.36411],[0.13672,51.36379],[0.13306,51.36474],[0.1285,51.37078],[0.12846,51.37149],[0.13099,51.37443],[0.12645,51.37552],[0.12294,51.37353],[0.12725,51.37167],[0.12249,51.37168],[0.12184,51.37099],[0.11787,51.37162],[0.11666,51.37353],[0.11534,51.37365],[0.11534,51.37286],[0.11401,51.37239],[0.11229,51.37295],[0.10992,51.3726],[0.10973,51.37346],[0.11112,51.37432],[0.10912,51.37499],[0.10961,51.37606],[0.11061,51.37637],[0.10922,51.37739],[0.11005,51.37826],[0.10934,51.37855],[0.10903,51.37972],[0.11028,51.38014],[0.11021,51.38065],[0.10799,51.38137],[0.10856,51.38193],[0.10824,51.38286],[0.10732,51.38312],[0.10647,51.38243],[0.10475,51.38284],[0.10371,51.3826],[0.1034,51.38302]]]},"properties":{"code":"BR6","area":"BR","colorSlot":1}},{"type":"Feature","geometry":{"type":"Polygon","coordinates":[[[0.05176,51.42502],[0.05029,51.42408],[0.04811,51.42356],[0.04841,51.42268],[0.04659,51.42139],[0.04422,51.42222],[0.03838,51.42286],[0.03768,51.42262],[0.03681,51.42118],[0.04082,51.41752],[0.04097,51.41592],[0.04564,51.41353],[0.04591,51.4124],[0.04375,51.41147],[0.04329,51.41084],[0.04421,51.4099],[0.04355,51.40897],[0.04663,51.40803],[0.04608,51.40703],[0.04755,51.40667],[0.05094,51.40761],[0.05194,51.40634],[0.05511,51.40664],[0.0565,51.40582],[0.05643,51.40522],[0.0578,51.40464],[0.05909,51.4048],[0.06018,51.40356],[0.06058,51.40141],[0.06228,51.4009],[0.06558,51.40103],[0.06772,51.39874],[0.07185,51.39878],[0.07736,51.40006],[0.08057,51.40009],[0.08222,51.39762],[0.08718,51.39477],[0.08999,51.39477],[0.09095,51.39519],[0.0919,51.39475],[0.09427,51.39528],[0.09394,51.39639],[0.09978,51.39833],[0.09996,51.39919],[0.09936,51.3998],[0.09645,51.3997],[0.09643,51.40081],[0.09295,51.40235],[0.09286,51.40187],[0.09072,51.4009],[0.08997,51.40117],[0.08995,51.40233],[0.08395,51.40297],[0.08493,51.40468],[0.08474,51.40604],[0.08587,51.40743],[0.08969,51.40741],[0.09232,51.40829],[0.09301,51.41012],[0.09625,51.40977],[0.09986,51.41092],[0.09963,51.41327],[0.09794,51.41455],[0.09772,51.41545],[0.09956,51.41792],[0.0993,51.41926],[0.0972,51.42005],[0.09386,51.41981],[0.09035,51.42111],[0.08965,51.42416],[0.08195,51.42619],[0.08327,51.42777],[0.08311,51.42957],[0.08258,51.42998],[0.08033,51.43054],[0.0784,51.43001],[0.07746,51.43181],[0.07532,51.43179],[0.07507,51.43132],[0.07301,51.43102],[0.07181,51.42918],[0.07013,51.42897],[0.07064,51.42687],[0.06889,51.42699],[0.06422,51.42516],[0.06265,51.42596],[0.06067,51.42495],[0.05815,51.42469],[0.05657,51.42533],[0.05687,51.42654],[0.05585,51.42659],[0.0548,51.42767],[0.05374,51.42753],[0.05227,51.42628],[0.05176,51.42502]]]},"properties":{"code":"BR7","area":"BR","colorSlot":3}},{"type":"Feature","geometry":{"type":"Polygon","coordinates":[[[0.14064,51.39421],[0.14588,51.38976],[0.1397,51.38702],[0.14077,51.38112],[0.14596,51.3775],[0.14924,51.36957],[0.1634,51.3711],[0.17015,51.36972],[0.17227,51.37334],[0.18383,51.37608],[0.19019,51.37568],[0.19174,51.37605],[0.1937,51.37788],[0.19374,51.38064],[0.20321,51.38389],[0.20151,51.38529],[0.20105,51.38762],[0.20318,51.38928],[0.21008,51.39271],[0.21278,51.39453],[0.21199,51.39519],[0.2125,51.39785],[0.2186,51.40738],[0.2218,51.40833],[0.22322,51.40984],[0.2219,51.41483],[0.21826,51.41673],[0.21457,51.41797],[0.20907,51.41822],[0.20501,51.41756],[0.1979,51.41291],[0.19653,51.41386],[0.19332,51.41785],[0.19163,51.41701],[0.18606,51.4167],[0.18602,51.41591],[0.18536,51.41551],[0.18091,51.41451],[0.1793,51.41581],[0.17428,51.41524],[0.17199,51.4156],[0.17146,51.41536],[0.17072,51.41194],[0.16922,51.40995],[0.15603,51.41052],[0.15348,51.40892],[0.15178,51.40688],[0.14627,51.40645],[0.13915,51.4042],[0.13636,51.40387],[0.13466,51.39938],[0.13458,51.39741],[0.14064,51.39421]]]},"properties":{"code":"BR8","area":"BR","colorSlot":2}},{"type":"Feature","geometry":{"type":"Polygon","coordinates":[[[0.0072,51.34473],[0.0103,51.34639],[0.00483,51.34919],[0.00184,51.35253],[0.00108,51.35469],[-0.00155,51.35644],[-0.00806,51.35867],[-0.01022,51.36015],[-0.01228,51.36236],[-0.02319,51.36131],[-0.02428,51.36413],[-0.0244,51.36687],[-0.02339,51.36867],[-0.02385,51.3689],[-0.02416,51.37024],[-0.02319,51.37087],[-0.0241,51.37218],[-0.02339,51.37269],[-0.02495,51.37382],[-0.02386,51.3747],[-0.0259,51.37531],[-0.02552,51.376],[-0.02617,51.37653],[-0.02587,51.37726],[-0.02643,51.37743],[-0.02677,51.37827],[-0.02852,51.37806],[-0.03325,51.37922],[-0.03399,51.38346],[-0.03216,51.38457],[-0.03242,51.38717],[-0.0342,51.38838],[-0.03628,51.38894],[-0.03934,51.3886],[-0.04111,51.38958],[-0.04197,51.38888],[-0.04348,51.38944],[-0.04437,51.39023],[-0.04457,51.39112],[-0.04561,51.39121],[-0.04619,51.39241],[-0.04713,51.39264],[-0.04732,51.39376],[-0.04795,51.39397],[-0.04979,51.39323],[-0.05145,51.39356],[-0.05238,51.39468],[-0.05448,51.39487],[-0.05781,51.39625],[-0.0587,51.39565],[-0.05897,51.39388],[-0.05816,51.39155],[-0.06125,51.38903],[-0.06498,51.38757],[-0.06506,51.38655],[-0.06226,51.38679],[-0.06306,51.38588],[-0.06674,51.38553],[-0.06886,51.38592],[-0.06973,51.38512],[-0.07152,51.38475],[-0.07375,51.38661],[-0.07392,51.38713],[-0.07346,51.38758],[-0.07447,51.38793],[-0.07351,51.38935],[-0.07269,51.38966],[-0.07327,51.39144],[-0.07532,51.39294],[-0.07699,51.39335],[-0.07763,51.39207],[-0.0821,51.39187],[-0.08223,51.39095],[-0.08419,51.38979],[-0.08508,51.38789],[-0.08628,51.38665],[-0.08855,51.38751],[-0.08913,51.38882],[-0.09097,51.38856],[-0.09142,51.3891],[-0.09107,51.39075],[-0.09297,51.39132],[-0.09251,51.39194],[-0.09304,51.3935],[-0.09206,51.39352],[-0.09195,51.39298],[-0.09007,51.39302],[-0.09221,51.39535],[-0.09392,51.39528],[-0.09419,51.39436],[-0.09712,51.39387],[-0.09678,51.3935],[-0.09773,51.39266],[-0.09842,51.39304],[-0.10198,51.39214],[-0.10376,51.39274],[-0.10451,51.39227],[-0.10423,51.3915],[-0.10289,51.3915],[-0.10344,51.39071],[-0.10528,51.39143],[-0.10528,51.39057],[-0.10602,51.39017],[-0.10561,51.38945],[-0.10593,51.38911],[-0.1071,51.3891],[-0.10806,51.3877],[-0.10996,51.38718],[-0.1105,51.38779],[-0.11348,51.38787],[-0.11376,51.38872],[-0.11653,51.38898],[-0.11767,51.38832],[-0.11837,51.3894],[-0.11981,51.3892],[-0.12146,51.3897],[-0.12203,51.3904],[-0.12088,51.39165],[-0.12145,51.39219],[-0.12356,51.39246],[-0.12332,51.39381],[-0.12588,51.39489],[-0.12913,51.39252],[-0.13206,51.39332],[-0.13705,51.39273],[-0.14048,51.39309],[-0.14376,51.39186],[-0.15034,51.3909],[-0.15092,51.39013],[-0.1513,51.38835],[-0.15096,51.38771],[-0.14666,51.38451],[-0.14555,51.38143],[-0.14413,51.37926],[-0.1389,51.37705],[-0.13806,51.37332],[-0.13752,51.37262],[-0.13476,51.37252],[-0.13435,51.37184],[-0.13277,51.37144],[-0.13313,51.36994],[-0.13365,51.36961],[-0.13307,51.36909],[-0.13385,51.36864],[-0.13382,51.3682],[-0.13266,51.36795],[-0.13278,51.36641],[-0.13087,51.36588],[-0.13135,51.36465],[-0.12082,51.36533],[-0.12206,51.36391],[-0.1215,51.36327],[-0.12198,51.36297],[-0.12215,51.36163],[-0.12341,51.36091],[-0.12557,51.36094],[-0.1266,51.35967],[-0.12515,51.35841],[-0.1255,51.3577],[-0.12495,51.35664],[-0.12314,51.35537],[-0.12201,51.35284],[-0.12004,51.35094],[-0.11544,51.3513],[-0.11149,51.3553],[-0.10939,51.35563],[-0.10654,51.35761],[-0.10831,51.35818],[-0.10753,51.35968],[-0.1078,51.36151],[-0.10721,51.36178],[-0.10776,51.36377],[-0.10701,51.36408],[-0.10603,51.36546],[-0.10284,51.36579],[-0.10251,51.36643],[-0.10092,51.36667],[-0.10066,51.36636],[-0.10144,51.36527],[-0.102,51.36523],[-0.10231,51.36436],[-0.10172,51.36406],[-0.10077,51.36479],[-0.09978,51.36433],[-0.09976,51.36386],[-0.09863,51.36403],[-0.09827,51.36352],[-0.09744,51.36392],[-0.09705,51.36312],[-0.09623,51.36302],[-0.09643,51.36242],[-0.09565,51.36227],[-0.09457,51.36262],[-0.09452,51.36339],[-0.09288,51.36351],[-0.09361,51.36516],[-0.09227,51.36708],[-0.09123,51.36614],[-0.08986,51.36598],[-0.08913,51.36501],[-0.08731,51.36485],[-0.08794,51.36404],[-0.08544,51.36324],[-0.08391,51.36435],[-0.08276,51.36339],[-0.08146,51.36425],[-0.08103,51.36362],[-0.07965,51.36339],[-0.07863,51.36547],[-0.07728,51.36604],[-0.07506,51.36582],[-0.07503,51.36357],[-0.07479,51.36422],[-0.07402,51.36052],[-0.06976,51.35946],[-0.06905,51.35758],[-0.06804,51.357],[-0.06725,51.35518],[-0.0646,51.35612],[-0.06205,51.35539],[-0.06053,51.35582],[-0.05744,51.35461],[-0.0538,51.35514],[-0.04904,51.35324],[-0.04539,51.3535],[-0.04386,51.35411],[-0.03881,51.35324],[-0.03566,51.35469],[-0.03689,51.3519],[-0.03828,51.35188],[-0.03975,51.35016],[-0.04128,51.35112],[-0.04381,51.34957],[-0.04356,51.34902],[-0.04226,51.34851],[-0.04327,51.34822],[-0.04533,51.34872],[-0.04583,51.34846],[-0.04576,51.34761],[-0.04774,51.34841],[-0.05011,51.34636],[-0.04452,51.34376],[-0.04265,51.34233],[-0.04261,51.3413],[-0.04358,51.34023],[-0.04507,51.33692],[-0.04373,51.33475],[-0.04131,51.33294],[-0.03451,51.33158],[-0.02796,51.3324],[-0.02648,51.33205],[-0.01987,51.32765],[-0.00804,51.33055],[-0.00181,51.32949],[0.00404,51.33055],[0.00493,51.33516],[0.00337,51.33588],[0.00145,51.33786],[0.0015,51.33857],[0.0024,51.34076],[0.0072,51.34473]]]},"properties":{"code":"CR0","area":"CR","colorSlot":0}},{"type":"Feature","geometry":{"type":"Polygon","coordinates":[[[-0.09525,51.33605],[-0.09464,51.33501],[-0.09507,51.33355],[-0.09484,51.33104],[-0.09397,51.32972],[-0.09295,51.32935],[-0.09032,51.32954],[-0.08787,51.32833],[-0.0854,51.32838],[-0.08425,51.32754],[-0.08101,51.32292],[-0.08016,51.32271],[-0.07762,51.31916],[-0.07597,51.3189],[-0.07022,51.31971],[-0.06855,51.31897],[-0.0644,51.31918],[-0.06224,51.32099],[-0.06125,51.32124],[-0.06024,51.32373],[-0.0577,51.32562],[-0.05273,51.32541],[-0.052,51.32644],[-0.04131,51.33294],[-0.04373,51.33475],[-0.04507,51.33692],[-0.04358,51.34023],[-0.04261,51.3413],[-0.04265,51.34233],[-0.04452,51.34376],[-0.05011,51.34635],[-0.04774,51.34841],[-0.04592,51.34757],[-0.04559,51.34874],[-0.04327,51.34822],[-0.04226,51.34851],[-0.04356,51.34902],[-0.04381,51.34957],[-0.04137,51.35112],[-0.03975,51.35016],[-0.03828,51.35188],[-0.03689,51.3519],[-0.03566,51.35469],[-0.03881,51.35324],[-0.04072,51.35388],[-0.04386,51.35411],[-0.04539,51.3535],[-0.04904,51.35324],[-0.0538,51.35514],[-0.05744,51.35461],[-0.06053,51.35582],[-0.06205,51.35539],[-0.0645,51.35629],[-0.06725,51.35518],[-0.06804,51.357],[-0.06905,51.35758],[-0.06951,51.35937],[-0.07302,51.36003],[-0.07479,51.36149],[-0.07506,51.36582],[-0.07728,51.36604],[-0.07863,51.36547],[-0.07965,51.36339],[-0.08103,51.36362],[-0.08146,51.36425],[-0.08276,51.36339],[-0.08391,51.36435],[-0.08544,51.36324],[-0.08794,51.36404],[-0.08731,51.36485],[-0.08886,51.36496],[-0.09227,51.36708],[-0.09361,51.36516],[-0.09278,51.36362],[-0.09452,51.36339],[-0.09457,51.36262],[-0.09565,51.36227],[-0.09643,51.36242],[-0.09623,51.36302],[-0.09697,51.36304],[-0.09744,51.36392],[-0.09827,51.36352],[-0.09863,51.36403],[-0.0997,51.36386],[-0.1007,51.3648],[-0.10172,51.36406],[-0.10231,51.36436],[-0.102,51.36523],[-0.10079,51.36609],[-0.10092,51.36667],[-0.10251,51.36643],[-0.10284,51.36579],[-0.10594,51.36554],[-0.10655,51.36524],[-0.10701,51.36408],[-0.10776,51.36377],[-0.10724,51.36201],[-0.1078,51.36151],[-0.10725,51.35978],[-0.10786,51.35947],[-0.10831,51.35818],[-0.10665,51.35769],[-0.10939,51.35563],[-0.11145,51.35535],[-0.11342,51.35297],[-0.11544,51.3513],[-0.11668,51.35092],[-0.11483,51.34745],[-0.11168,51.34628],[-0.11015,51.34724],[-0.10908,51.34727],[-0.10835,51.34672],[-0.11022,51.34595],[-0.11002,51.34517],[-0.10762,51.34486],[-0.10594,51.34556],[-0.10623,51.34621],[-0.10576,51.34653],[-0.1043,51.34562],[-0.10276,51.34596],[-0.10207,51.34511],[-0.10332,51.34446],[-0.10344,51.34259],[-0.10059,51.34173],[-0.10102,51.34048],[-0.0999,51.34004],[-0.09683,51.33696],[-0.09525,51.33605]]]},"properties":{"code":"CR2","area":"CR","colorSlot":3}},{"type":"Feature","geometry":{"type":"Polygon","coordinates":[[[-0.09033,51.29926],[-0.09349,51.29859],[-0.09452,51.29944],[-0.09697,51.29875],[-0.09913,51.29924],[-0.10378,51.29791],[-0.10512,51.29707],[-0.11083,51.2977],[-0.11465,51.29474],[-0.11893,51.29277],[-0.12037,51.29155],[-0.1276,51.29039],[-0.13051,51.28699],[-0.12714,51.27943],[-0.1339,51.27667],[-0.1347,51.27275],[-0.12823,51.2704],[-0.12354,51.27096],[-0.11362,51.269],[-0.1025,51.26751],[-0.10204,51.26715],[-0.10227,51.26668],[-0.09751,51.26213],[-0.09461,51.26266],[-0.09325,51.26179],[-0.09042,51.2614],[-0.08604,51.25725],[-0.0793,51.2603],[-0.07434,51.25949],[-0.07004,51.26352],[-0.06754,51.26421],[-0.06421,51.26803],[-0.06099,51.26809],[-0.05444,51.27102],[-0.04437,51.2699],[-0.03443,51.26321],[-0.03272,51.26283],[-0.02751,51.26407],[-0.01802,51.27449],[-0.01698,51.2742],[-0.01173,51.26986],[-0.00838,51.26998],[-0.00373,51.27129],[-0.00214,51.2747],[-0.00353,51.27573],[-0.01079,51.284],[-0.01365,51.28485],[-0.01503,51.28955],[-0.01994,51.29314],[-0.02158,51.29515],[-0.02561,51.29743],[-0.02701,51.29746],[-0.02989,51.29973],[-0.03439,51.30107],[-0.03549,51.3037],[-0.04693,51.30066],[-0.05364,51.30049],[-0.05794,51.29959],[-0.05965,51.29884],[-0.06463,51.29443],[-0.06695,51.29572],[-0.06815,51.29774],[-0.06756,51.29854],[-0.07029,51.30056],[-0.07068,51.30174],[-0.07348,51.30317],[-0.07376,51.30412],[-0.07501,51.30474],[-0.07325,51.3056],[-0.07173,51.3051],[-0.07093,51.30601],[-0.07111,51.30736],[-0.0752,51.30655],[-0.07834,51.30902],[-0.07739,51.30969],[-0.07751,51.31138],[-0.07667,51.31203],[-0.0763,51.31358],[-0.07781,51.31822],[-0.08231,51.31567],[-0.08471,51.31518],[-0.08665,51.31597],[-0.08842,51.31438],[-0.09097,51.31371],[-0.092,51.31071],[-0.09107,51.30958],[-0.09155,51.30766],[-0.09358,51.30492],[-0.0913,51.30278],[-0.09033,51.29926]]]},"properties":{"code":"CR3","area":"CR","colorSlot":3}},{"type":"Feature","geometry":{"type":"Polygon","coordinates":[[[-0.14546,51.4148],[-0.14418,51.41674],[-0.14459,51.41715],[-0.14749,51.4171],[-0.14915,51.41763],[-0.15036,51.41735],[-0.1506,51.418],[-0.15418,51.41876],[-0.15556,51.41832],[-0.15657,51.4192],[-0.16074,51.41996],[-0.16116,51.4198],[-0.16144,51.41788],[-0.16371,51.41831],[-0.16537,51.41757],[-0.16661,51.41843],[-0.16805,51.41825],[-0.16789,51.41785],[-0.16888,51.41682],[-0.17407,51.4157],[-0.17429,51.41514],[-0.1734,51.41426],[-0.1737,51.41352],[-0.17324,51.41328],[-0.17371,51.41251],[-0.17533,51.41353],[-0.17515,51.41235],[-0.1763,51.41188],[-0.17599,51.41083],[-0.17673,51.41027],[-0.17791,51.41058],[-0.17872,51.41027],[-0.17877,51.4099],[-0.17783,51.40946],[-0.17903,51.40877],[-0.18097,51.40874],[-0.1815,51.40946],[-0.18359,51.40941],[-0.18285,51.40852],[-0.18302,51.40806],[-0.18472,51.4068],[-0.18336,51.40638],[-0.18225,51.40487],[-0.18448,51.40268],[-0.18423,51.40192],[-0.18601,51.40075],[-0.18616,51.39993],[-0.18428,51.39927],[-0.18244,51.39738],[-0.17825,51.3969],[-0.17552,51.39513],[-0.17373,51.39552],[-0.1726,51.39451],[-0.17009,51.39414],[-0.16879,51.39269],[-0.16868,51.39193],[-0.16958,51.39012],[-0.16897,51.38937],[-0.16709,51.38829],[-0.16304,51.38845],[-0.16218,51.38793],[-0.16369,51.38646],[-0.16802,51.38583],[-0.16848,51.38491],[-0.16701,51.38474],[-0.16752,51.38355],[-0.16383,51.38335],[-0.16424,51.382],[-0.16339,51.38074],[-0.16162,51.3808],[-0.16057,51.38173],[-0.15863,51.38131],[-0.15819,51.38226],[-0.15564,51.38335],[-0.1546,51.38531],[-0.15096,51.38771],[-0.1513,51.38835],[-0.15034,51.3909],[-0.14376,51.39186],[-0.14048,51.39309],[-0.13705,51.39273],[-0.13535,51.39323],[-0.13132,51.39315],[-0.13003,51.39421],[-0.13001,51.39491],[-0.12879,51.39473],[-0.12859,51.39571],[-0.12722,51.39571],[-0.12774,51.39659],[-0.12594,51.39682],[-0.12634,51.39757],[-0.12574,51.39806],[-0.12467,51.3978],[-0.12451,51.39883],[-0.12568,51.39908],[-0.12688,51.401],[-0.12877,51.40175],[-0.12924,51.40286],[-0.13191,51.4027],[-0.13656,51.40378],[-0.13688,51.40432],[-0.13794,51.40435],[-0.13986,51.40604],[-0.14482,51.40597],[-0.14566,51.40807],[-0.14305,51.40908],[-0.14259,51.40997],[-0.14296,51.41066],[-0.14617,51.41087],[-0.14494,51.41156],[-0.14507,51.41223],[-0.14617,51.41232],[-0.14546,51.4148]]]},"properties":{"code":"CR4","area":"CR","colorSlot":1}},{"type":"Feature","geometry":{"type":"Polygon","coordinates":[[[-0.12156,51.29136],[-0.12037,51.29155],[-0.11893,51.29277],[-0.11465,51.29474],[-0.11083,51.2977],[-0.10512,51.29707],[-0.10378,51.29791],[-0.09916,51.29925],[-0.09936,51.30279],[-0.10323,51.30215],[-0.10516,51.30367],[-0.10409,51.30536],[-0.107,51.30731],[-0.10765,51.3094],[-0.11185,51.31116],[-0.11283,51.31291],[-0.11884,51.31342],[-0.12083,51.31611],[-0.1208,51.31834],[-0.12135,51.31914],[-0.12538,51.32094],[-0.12861,51.32125],[-0.12824,51.32213],[-0.12873,51.32243],[-0.12779,51.32333],[-0.12898,51.32441],[-0.12763,51.32553],[-0.13013,51.32762],[-0.13182,51.32741],[-0.13344,51.32861],[-0.13543,51.32886],[-0.13564,51.32959],[-0.13805,51.33022],[-0.13843,51.33114],[-0.13933,51.33129],[-0.14118,51.3307],[-0.14301,51.32907],[-0.1458,51.32825],[-0.14815,51.33066],[-0.15005,51.33365],[-0.15161,51.33417],[-0.15773,51.33094],[-0.16209,51.33033],[-0.16384,51.32812],[-0.1643,51.32658],[-0.16382,51.32473],[-0.16119,51.32228],[-0.16424,51.31895],[-0.16377,51.31555],[-0.16681,51.31548],[-0.16753,51.31488],[-0.16747,51.31424],[-0.16837,51.31367],[-0.16818,51.3133],[-0.16944,51.31232],[-0.17107,51.31243],[-0.17438,51.31151],[-0.17643,51.31161],[-0.17885,51.31025],[-0.18041,51.30776],[-0.18282,51.30612],[-0.18402,51.3035],[-0.18654,51.30247],[-0.18304,51.29306],[-0.18137,51.29245],[-0.18091,51.28867],[-0.1874,51.28725],[-0.18954,51.28633],[-0.19147,51.28437],[-0.19304,51.28423],[-0.1988,51.28606],[-0.20132,51.28464],[-0.20325,51.28338],[-0.20349,51.28221],[-0.20292,51.27622],[-0.20086,51.27335],[-0.19359,51.27453],[-0.18876,51.27219],[-0.17999,51.27598],[-0.17885,51.27587],[-0.17641,51.27732],[-0.16678,51.27834],[-0.16506,51.28015],[-0.16533,51.28224],[-0.16424,51.28466],[-0.16239,51.28564],[-0.16057,51.28554],[-0.15367,51.28826],[-0.15066,51.2902],[-0.14886,51.28972],[-0.14678,51.28761],[-0.14648,51.28594],[-0.14408,51.28184],[-0.14282,51.28204],[-0.13496,51.28584],[-0.13051,51.28699],[-0.1276,51.29039],[-0.12156,51.29136]]]},"properties":{"code":"CR5","area":"CR","colorSlot":0}},{"type":"Feature","geometry":{"type":"Polygon","coordinates":[[[-0.05513,51.30019],[-0.04698,51.30065],[-0.03549,51.3037],[-0.03439,51.30107],[-0.02989,51.29973],[-0.02701,51.29746],[-0.02561,51.29743],[-0.02158,51.29515],[-0.01994,51.29314],[-0.01503,51.28955],[-0.01365,51.28485],[-0.01079,51.284],[-0.00353,51.27573],[-0.00214,51.2747],[0.00609,51.27588],[0.01069,51.28433],[0.00703,51.28729],[0.00816,51.29295],[0.01248,51.29459],[0.01418,51.29682],[0.01291,51.3003],[0.01013,51.30561],[0.00853,51.30768],[0.00653,51.30912],[0.00726,51.31041],[0.00715,51.31697],[0.01156,51.31927],[0.01364,51.32221],[0.00952,51.3292],[0.01619,51.33289],[0.01707,51.33504],[0.01486,51.3398],[0.00493,51.33516],[0.00404,51.33055],[-0.00181,51.32949],[-0.00804,51.33055],[-0.01987,51.32765],[-0.02622,51.33193],[-0.02796,51.3324],[-0.03451,51.33158],[-0.04131,51.33294],[-0.052,51.32644],[-0.05273,51.32541],[-0.0577,51.32562],[-0.06024,51.32373],[-0.06125,51.32124],[-0.06224,51.32099],[-0.06433,51.31927],[-0.06855,51.31897],[-0.07022,51.31971],[-0.07597,51.3189],[-0.07762,51.31916],[-0.07781,51.31822],[-0.07634,51.31361],[-0.07667,51.31203],[-0.07751,51.31138],[-0.07739,51.30969],[-0.07834,51.30902],[-0.07751,51.30798],[-0.07638,51.3078],[-0.07642,51.30722],[-0.0752,51.30655],[-0.07111,51.30736],[-0.07093,51.30601],[-0.07173,51.3051],[-0.07325,51.3056],[-0.07501,51.30474],[-0.07376,51.30412],[-0.07348,51.30317],[-0.07068,51.30174],[-0.06756,51.29854],[-0.06815,51.29774],[-0.06695,51.29572],[-0.06463,51.29443],[-0.05965,51.29884],[-0.05513,51.30019]]]},"properties":{"code":"CR6","area":"CR","colorSlot":2}},{"type":"Feature","geometry":{"type":"Polygon","coordinates":[[[-0.1226,51.40006],[-0.12365,51.40014],[-0.12486,51.39902],[-0.12451,51.39883],[-0.12467,51.3978],[-0.12571,51.39807],[-0.12634,51.39757],[-0.12599,51.39706],[-0.12774,51.39659],[-0.12722,51.39571],[-0.12859,51.39571],[-0.12879,51.39473],[-0.13001,51.39491],[-0.13003,51.39421],[-0.13108,51.39312],[-0.12913,51.39252],[-0.12588,51.39489],[-0.12332,51.39381],[-0.12356,51.39246],[-0.12145,51.39219],[-0.12088,51.39165],[-0.12203,51.3904],[-0.12146,51.3897],[-0.11996,51.38921],[-0.11855,51.3895],[-0.11767,51.38832],[-0.11665,51.38888],[-0.11376,51.38872],[-0.11355,51.3879],[-0.1105,51.38779],[-0.10996,51.38718],[-0.10833,51.38775],[-0.1071,51.3891],[-0.10565,51.38934],[-0.10602,51.39015],[-0.10528,51.39057],[-0.10528,51.39143],[-0.10344,51.39071],[-0.10289,51.3915],[-0.10423,51.3915],[-0.10451,51.39227],[-0.10376,51.39274],[-0.10126,51.39222],[-0.09858,51.39303],[-0.09773,51.39266],[-0.09678,51.39339],[-0.09714,51.39378],[-0.09428,51.39427],[-0.09392,51.39528],[-0.09221,51.39535],[-0.09209,51.39615],[-0.09091,51.39639],[-0.09067,51.39682],[-0.09284,51.39773],[-0.09288,51.39861],[-0.09243,51.39886],[-0.09314,51.3996],[-0.09268,51.40018],[-0.09307,51.4013],[-0.09124,51.40161],[-0.09278,51.40235],[-0.09162,51.40332],[-0.09092,51.40333],[-0.09184,51.40434],[-0.09034,51.4049],[-0.09138,51.40551],[-0.09131,51.40601],[-0.09016,51.40624],[-0.09033,51.40755],[-0.09307,51.40914],[-0.09505,51.4091],[-0.0993,51.41316],[-0.10139,51.41362],[-0.10422,51.41374],[-0.10501,51.41347],[-0.1054,51.41247],[-0.10693,51.41294],[-0.10864,51.41239],[-0.10949,51.4128],[-0.11117,51.41207],[-0.11176,51.41239],[-0.11648,51.41209],[-0.11508,51.4098],[-0.11577,51.40892],[-0.11578,51.40785],[-0.11269,51.40791],[-0.11236,51.40726],[-0.11285,51.40626],[-0.10943,51.40572],[-0.11144,51.40466],[-0.11157,51.40305],[-0.11301,51.40312],[-0.11472,51.40205],[-0.11671,51.40229],[-0.11988,51.40183],[-0.121,51.4012],[-0.12105,51.4007],[-0.12209,51.40074],[-0.1226,51.40006]]]},"properties":{"code":"CR7","area":"CR","colorSlot":3}},{"type":"Feature","geometry":{"type":"Polygon","coordinates":[[[-0.10338,51.34438],[-0.10207,51.34511],[-0.10276,51.34596],[-0.1043,51.34562],[-0.10576,51.34653],[-0.10623,51.34621],[-0.10594,51.34556],[-0.10755,51.3449],[-0.11002,51.34517],[-0.11022,51.34595],[-0.10835,51.34672],[-0.10908,51.34727],[-0.11054,51.34711],[-0.11168,51.34628],[-0.11483,51.34745],[-0.11668,51.35092],[-0.12004,51.35094],[-0.12241,51.35002],[-0.12785,51.35034],[-0.12938,51.34912],[-0.12684,51.34772],[-0.1273,51.34747],[-0.13017,51.34718],[-0.13196,51.34803],[-0.13264,51.34712],[-0.13518,51.347],[-0.13578,51.3464],[-0.13764,51.34693],[-0.13993,51.34637],[-0.14097,51.34524],[-0.14225,51.34544],[-0.14386,51.3449],[-0.14365,51.34405],[-0.14507,51.34389],[-0.14529,51.34314],[-0.14471,51.34212],[-0.1468,51.34114],[-0.14925,51.34091],[-0.15001,51.34002],[-0.14856,51.33739],[-0.14942,51.33534],[-0.15083,51.3341],[-0.14974,51.33333],[-0.14817,51.33072],[-0.1458,51.32825],[-0.14301,51.32907],[-0.14118,51.3307],[-0.13933,51.33129],[-0.13843,51.33114],[-0.13816,51.3304],[-0.13659,51.32963],[-0.13564,51.32959],[-0.13543,51.32886],[-0.13344,51.32861],[-0.13182,51.32741],[-0.13013,51.32762],[-0.12763,51.32553],[-0.12898,51.32441],[-0.12779,51.32333],[-0.12873,51.32243],[-0.12824,51.32213],[-0.12861,51.32125],[-0.12538,51.32094],[-0.12135,51.31914],[-0.1208,51.31834],[-0.1208,51.31618],[-0.11884,51.31342],[-0.11283,51.31291],[-0.11185,51.31116],[-0.10765,51.3094],[-0.107,51.30731],[-0.10409,51.30536],[-0.10516,51.30367],[-0.10323,51.30215],[-0.09936,51.30279],[-0.09916,51.29925],[-0.09809,51.29886],[-0.09452,51.29944],[-0.09375,51.2987],[-0.09033,51.29926],[-0.0913,51.30278],[-0.09358,51.30492],[-0.09155,51.30766],[-0.09107,51.30958],[-0.092,51.31071],[-0.09097,51.31371],[-0.08842,51.31438],[-0.08695,51.31597],[-0.08471,51.31518],[-0.08231,51.31567],[-0.07781,51.31822],[-0.07767,51.31904],[-0.07799,51.32005],[-0.08016,51.32271],[-0.08101,51.32292],[-0.08425,51.32754],[-0.0854,51.32838],[-0.08787,51.32833],[-0.09032,51.32954],[-0.09295,51.32935],[-0.09397,51.32972],[-0.09484,51.33104],[-0.09507,51.33355],[-0.09464,51.33501],[-0.09525,51.33605],[-0.10102,51.34048],[-0.10059,51.34173],[-0.10334,51.34247],[-0.10338,51.34438]]]},"properties":{"code":"CR8","area":"CR","colorSlot":1}},{"type":"Feature","geometry":{"type":"Polygon","coordinates":[[[0.23493,51.44752],[0.23723,51.4487],[0.24209,51.44938],[0.24392,51.45024],[0.24308,51.45309],[0.24535,51.45449],[0.2465,51.45573],[0.24632,51.45646],[0.24942,51.45816],[0.24944,51.45888],[0.2572,51.46605],[0.24823,51.4712],[0.24366,51.4723],[0.23745,51.47247],[0.23146,51.47387],[0.22618,51.47405],[0.21964,51.46967],[0.21055,51.46762],[0.20939,51.46621],[0.20838,51.46321],[0.20071,51.46102],[0.19496,51.46335],[0.1929,51.46328],[0.19134,51.46397],[0.18922,51.46357],[0.18661,51.46436],[0.18563,51.4641],[0.18464,51.46473],[0.18404,51.4642],[0.18268,51.46405],[0.18058,51.46436],[0.18107,51.46321],[0.17949,51.4627],[0.17927,51.46193],[0.17657,51.4605],[0.17323,51.46086],[0.17096,51.45939],[0.172,51.45781],[0.16967,51.4563],[0.16838,51.45387],[0.16671,51.45589],[0.16572,51.45591],[0.16554,51.45474],[0.1638,51.45313],[0.16501,51.45219],[0.16774,51.45304],[0.16807,51.45235],[0.1679,51.44712],[0.16659,51.44635],[0.16574,51.44498],[0.16713,51.44383],[0.16852,51.44062],[0.16935,51.44004],[0.17472,51.43994],[0.17813,51.43863],[0.17894,51.43785],[0.18247,51.4369],[0.18937,51.43603],[0.19465,51.4341],[0.19769,51.43407],[0.20161,51.43084],[0.20187,51.43012],[0.2051,51.42988],[0.20964,51.43101],[0.2112,51.4319],[0.21381,51.43154],[0.21399,51.43301],[0.2159,51.43289],[0.2168,51.43222],[0.21577,51.43145],[0.21674,51.43006],[0.21591,51.42956],[0.21275,51.42954],[0.21189,51.42922],[0.21185,51.4286],[0.21522,51.42743],[0.2172,51.4259],[0.21934,51.42632],[0.22346,51.42525],[0.22679,51.42521],[0.23243,51.42877],[0.23928,51.42672],[0.23958,51.43272],[0.24004,51.43308],[0.23802,51.43531],[0.23943,51.43657],[0.23918,51.43774],[0.23964,51.43891],[0.23842,51.44005],[0.23888,51.44149],[0.23793,51.4421],[0.23644,51.4443],[0.23675,51.44464],[0.23525,51.44599],[0.23493,51.44752]]]},"properties":{"code":"DA1","area":"DA","colorSlot":4}},{"type":"Feature","geometry":{"type":"Polygon","coordinates":[[[0.23543,51.44626],[0.23793,51.4421],[0.23875,51.44166],[0.23842,51.44005],[0.23951,51.43897],[0.23943,51.43657],[0.23802,51.43531],[0.24004,51.43308],[0.23958,51.43272],[0.23929,51.42673],[0.2326,51.42876],[0.22679,51.42521],[0.22351,51.42525],[0.21934,51.42632],[0.21724,51.42592],[0.21522,51.42743],[0.21185,51.4286],[0.21189,51.42922],[0.21275,51.42954],[0.21591,51.42956],[0.21674,51.43006],[0.21577,51.43145],[0.2168,51.43222],[0.2159,51.43289],[0.214,51.43303],[0.21381,51.43154],[0.21149,51.43187],[0.2051,51.42988],[0.20187,51.43012],[0.20161,51.43084],[0.19769,51.43407],[0.19465,51.4341],[0.18937,51.43603],[0.18426,51.43652],[0.17894,51.43785],[0.1781,51.43736],[0.17673,51.43443],[0.17575,51.434],[0.1742,51.43385],[0.17385,51.43427],[0.17401,51.43554],[0.17189,51.4348],[0.17102,51.4351],[0.16821,51.43465],[0.16766,51.43385],[0.1688,51.43213],[0.17267,51.4313],[0.17461,51.43005],[0.17868,51.43067],[0.18158,51.4278],[0.17549,51.42635],[0.17351,51.42667],[0.17302,51.42607],[0.17066,51.42621],[0.17106,51.42535],[0.16959,51.42487],[0.17013,51.42377],[0.16946,51.42324],[0.16788,51.42368],[0.16679,51.42296],[0.16457,51.42273],[0.16389,51.42367],[0.15304,51.42339],[0.15302,51.42252],[0.16243,51.41866],[0.16287,51.41693],[0.16195,51.41578],[0.15582,51.41354],[0.15603,51.41052],[0.16922,51.40995],[0.17072,51.41194],[0.17146,51.41536],[0.17199,51.4156],[0.17428,51.41524],[0.17913,51.41592],[0.18091,51.41451],[0.18536,51.41551],[0.18601,51.41585],[0.18598,51.41654],[0.19163,51.41701],[0.19332,51.41785],[0.19653,51.41386],[0.1979,51.41291],[0.20501,51.41756],[0.20907,51.41822],[0.21457,51.41797],[0.21826,51.41673],[0.2219,51.41483],[0.22776,51.41847],[0.23245,51.41749],[0.23604,51.41834],[0.23976,51.41746],[0.24582,51.41279],[0.2548,51.41354],[0.26009,51.41345],[0.27041,51.40937],[0.27631,51.40957],[0.28091,51.40328],[0.27701,51.39989],[0.28708,51.39633],[0.2896,51.3988],[0.29458,51.40062],[0.29626,51.40384],[0.29066,51.40691],[0.29072,51.40821],[0.28889,51.40989],[0.29146,51.41757],[0.2949,51.4184],[0.2956,51.42008],[0.29907,51.42415],[0.30345,51.42626],[0.30677,51.42966],[0.29873,51.43523],[0.28979,51.43785],[0.28486,51.43746],[0.27402,51.43372],[0.2712,51.43199],[0.26591,51.43431],[0.26318,51.4369],[0.25834,51.43756],[0.25489,51.44129],[0.2563,51.44306],[0.25547,51.44509],[0.25291,51.44525],[0.25005,51.44609],[0.25041,51.44881],[0.25131,51.44903],[0.25404,51.45189],[0.25559,51.45221],[0.25704,51.4518],[0.26029,51.45349],[0.26141,51.45224],[0.26406,51.45271],[0.26614,51.45207],[0.26829,51.45383],[0.2676,51.45728],[0.27207,51.46102],[0.26555,51.46443],[0.2572,51.46605],[0.24944,51.45888],[0.24942,51.45816],[0.24632,51.45646],[0.2465,51.45573],[0.24535,51.45449],[0.24308,51.45309],[0.24392,51.45024],[0.24209,51.44938],[0.23746,51.44869],[0.23493,51.44752],[0.23543,51.44626]]]},"properties":{"code":"DA2","area":"DA","colorSlot":0}},{"type":"Feature","geometry":{"type":"Polygon","coordinates":[[[0.29956,51.36475],[0.30081,51.36534],[0.30139,51.36526],[0.30192,51.36444],[0.30066,51.36365],[0.30076,51.36184],[0.30025,51.36111],[0.30057,51.35999],[0.30384,51.35853],[0.3065,51.35594],[0.3144,51.35581],[0.32306,51.35859],[0.32257,51.36096],[0.32319,51.36449],[0.32402,51.36496],[0.32508,51.37078],[0.32942,51.37183],[0.33285,51.37548],[0.34003,51.37709],[0.347,51.3826],[0.34719,51.38775],[0.33958,51.38854],[0.3378,51.39045],[0.34174,51.39342],[0.3404,51.39576],[0.34303,51.39918],[0.34306,51.39992],[0.33765,51.40234],[0.33708,51.40462],[0.33363,51.40777],[0.33072,51.4076],[0.32279,51.40359],[0.31556,51.40405],[0.31293,51.40293],[0.30636,51.40378],[0.29962,51.40346],[0.29626,51.40384],[0.29458,51.40062],[0.2896,51.3988],[0.28708,51.39633],[0.2876,51.39376],[0.28682,51.39193],[0.28437,51.39003],[0.28448,51.38762],[0.27472,51.38254],[0.26548,51.38713],[0.26035,51.38561],[0.25774,51.38251],[0.24732,51.37725],[0.24622,51.3762],[0.24497,51.36434],[0.24453,51.36411],[0.24553,51.36055],[0.25342,51.35645],[0.25714,51.35705],[0.26129,51.35931],[0.26393,51.35858],[0.26571,51.35628],[0.26694,51.35548],[0.27347,51.35458],[0.27722,51.35244],[0.27988,51.35164],[0.28246,51.35424],[0.28031,51.36067],[0.28559,51.36098],[0.2883,51.36305],[0.28382,51.36591],[0.28319,51.3687],[0.29281,51.37073],[0.29504,51.36833],[0.29566,51.36573],[0.29694,51.36426],[0.29864,51.36405],[0.30049,51.36301],[0.29956,51.36475]]]},"properties":{"code":"DA3","area":"DA","colorSlot":2}},{"type":"Feature","geometry":{"type":"Polygon","coordinates":[[[0.21008,51.39271],[0.20318,51.38928],[0.20105,51.38762],[0.20151,51.38529],[0.20321,51.38389],[0.19374,51.38064],[0.1937,51.37788],[0.19174,51.37605],[0.19019,51.37568],[0.18383,51.37608],[0.17227,51.37334],[0.17015,51.36972],[0.1705,51.36826],[0.17823,51.36094],[0.17792,51.35978],[0.18229,51.34776],[0.19936,51.34812],[0.20119,51.34696],[0.20282,51.34039],[0.20759,51.33674],[0.21047,51.336],[0.22301,51.34226],[0.22594,51.34733],[0.23142,51.34896],[0.23659,51.34833],[0.24424,51.35355],[0.24453,51.3569],[0.24553,51.36055],[0.24453,51.36411],[0.24497,51.36434],[0.24622,51.3762],[0.24732,51.37725],[0.25774,51.38251],[0.26035,51.38561],[0.26548,51.38713],[0.27472,51.38254],[0.28448,51.38762],[0.28437,51.39003],[0.28682,51.39193],[0.28767,51.39449],[0.28708,51.39633],[0.27701,51.39989],[0.28091,51.40328],[0.27631,51.40957],[0.27041,51.40937],[0.26009,51.41345],[0.2548,51.41354],[0.24582,51.41279],[0.23978,51.41745],[0.23604,51.41834],[0.23245,51.41749],[0.22776,51.41847],[0.2219,51.41483],[0.22322,51.40984],[0.2218,51.40833],[0.2186,51.40738],[0.21262,51.39809],[0.21199,51.39519],[0.21278,51.39453],[0.21008,51.39271]]]},"properties":{"code":"DA4","area":"DA","colorSlot":3}},{"type":"Feature","geometry":{"type":"Polygon","coordinates":[[[0.11884,51.44713],[0.11663,51.44673],[0.11949,51.44508],[0.11971,51.44451],[0.1186,51.44418],[0.11878,51.44286],[0.11692,51.44283],[0.11666,51.44382],[0.1159,51.44388],[0.1144,51.44309],[0.11351,51.44099],[0.11136,51.43975],[0.11152,51.4394],[0.11868,51.43952],[0.11906,51.4388],[0.12058,51.43891],[0.121,51.43825],[0.12002,51.43807],[0.11979,51.43661],[0.12613,51.43471],[0.12931,51.43629],[0.13101,51.43572],[0.13242,51.43625],[0.13644,51.43569],[0.13729,51.43519],[0.14075,51.43573],[0.14287,51.43266],[0.14303,51.4312],[0.1483,51.42839],[0.15364,51.42726],[0.15284,51.42434],[0.15304,51.42339],[0.16372,51.42372],[0.16457,51.42273],[0.16679,51.42296],[0.16788,51.42368],[0.16946,51.42324],[0.17013,51.42377],[0.16959,51.42487],[0.17106,51.42535],[0.17066,51.42621],[0.17302,51.42607],[0.17351,51.42667],[0.17549,51.42635],[0.18158,51.4278],[0.17811,51.43075],[0.17461,51.43005],[0.17267,51.4313],[0.1688,51.43213],[0.16766,51.43385],[0.16821,51.43465],[0.17401,51.43554],[0.17385,51.43427],[0.1742,51.43385],[0.17575,51.434],[0.17673,51.43443],[0.1781,51.43736],[0.17894,51.43785],[0.17813,51.43863],[0.17472,51.43994],[0.16935,51.44004],[0.16862,51.4405],[0.16713,51.44383],[0.16588,51.44482],[0.16659,51.44635],[0.1679,51.44712],[0.1676,51.45062],[0.16807,51.45235],[0.16774,51.45304],[0.16549,51.45222],[0.16175,51.452],[0.16093,51.45091],[0.15846,51.45019],[0.15731,51.44744],[0.15462,51.4486],[0.15477,51.4495],[0.15252,51.44999],[0.1511,51.45014],[0.14959,51.44928],[0.14655,51.45012],[0.14533,51.44844],[0.14125,51.45009],[0.13793,51.44973],[0.13615,51.44995],[0.13521,51.45075],[0.13155,51.4498],[0.12784,51.45],[0.12757,51.45121],[0.12536,51.45111],[0.11925,51.45254],[0.11933,51.44977],[0.11807,51.44846],[0.11884,51.44713]]]},"properties":{"code":"DA5","area":"DA","colorSlot":2}},{"type":"Feature","geometry":{"type":"Polygon","coordinates":[[[0.13787,51.45816],[0.1348,51.45862],[0.13494,51.45925],[0.13435,51.45944],[0.13188,51.45824],[0.13157,51.45947],[0.13012,51.45954],[0.13007,51.46021],[0.12836,51.45951],[0.12794,51.45993],[0.12843,51.46058],[0.12805,51.46083],[0.12574,51.46069],[0.1256,51.45982],[0.12223,51.45905],[0.11756,51.45721],[0.11601,51.45548],[0.117,51.45397],[0.11925,51.45254],[0.12526,51.45119],[0.12757,51.45121],[0.12783,51.45001],[0.13155,51.4498],[0.13521,51.45075],[0.13615,51.44995],[0.13779,51.44972],[0.14125,51.45009],[0.14533,51.44844],[0.14655,51.45012],[0.14959,51.44928],[0.1511,51.45014],[0.15477,51.4495],[0.15462,51.4486],[0.15731,51.44744],[0.15846,51.45019],[0.16093,51.45091],[0.16175,51.452],[0.16494,51.45217],[0.16295,51.45327],[0.16259,51.45398],[0.15919,51.4541],[0.15877,51.45476],[0.15581,51.45508],[0.15464,51.45576],[0.15333,51.4548],[0.15296,51.45617],[0.15237,51.45638],[0.15084,51.45604],[0.14989,51.45681],[0.14906,51.45626],[0.14818,51.45646],[0.14713,51.45603],[0.14741,51.45741],[0.14452,51.45756],[0.14508,51.45883],[0.14461,51.45934],[0.14472,51.4607],[0.14201,51.46137],[0.14076,51.46018],[0.14102,51.4594],[0.13787,51.45816]]]},"properties":{"code":"DA6","area":"DA","colorSlot":0}},{"type":"Feature","geometry":{"type":"Polygon","coordinates":[[[0.15237,51.45638],[0.15296,51.45617],[0.15328,51.45485],[0.15464,51.45576],[0.15572,51.45517],[0.15717,51.45529],[0.15877,51.45476],[0.15919,51.4541],[0.16259,51.45398],[0.16295,51.45327],[0.1638,51.45313],[0.16554,51.45474],[0.16572,51.45591],[0.16671,51.45589],[0.16838,51.45387],[0.16967,51.4563],[0.172,51.45781],[0.17096,51.45939],[0.17323,51.46086],[0.17604,51.46029],[0.17927,51.46193],[0.17949,51.4627],[0.18107,51.46321],[0.17972,51.46528],[0.17777,51.46539],[0.17866,51.46644],[0.17739,51.4674],[0.17852,51.46841],[0.17737,51.46904],[0.17445,51.46934],[0.17314,51.4689],[0.17166,51.47048],[0.16988,51.46986],[0.16983,51.46924],[0.16489,51.46912],[0.16429,51.46966],[0.16278,51.46898],[0.16051,51.46922],[0.15703,51.46839],[0.15786,51.46956],[0.15696,51.47044],[0.15453,51.46949],[0.15374,51.47036],[0.15388,51.47118],[0.15197,51.47075],[0.15137,51.4725],[0.14988,51.47217],[0.14618,51.47302],[0.14626,51.4739],[0.14537,51.47464],[0.14586,51.47532],[0.14471,51.47696],[0.14579,51.47848],[0.14431,51.47904],[0.14312,51.47929],[0.1414,51.47836],[0.13985,51.47864],[0.13715,51.47754],[0.13282,51.47959],[0.13144,51.47952],[0.12956,51.47844],[0.12851,51.47907],[0.12444,51.47938],[0.12305,51.47857],[0.12158,51.47911],[0.12066,51.48023],[0.11845,51.4805],[0.11831,51.4791],[0.11875,51.47854],[0.12087,51.47825],[0.12172,51.47709],[0.12125,51.47702],[0.12036,51.47514],[0.12187,51.47367],[0.12318,51.47467],[0.1272,51.47284],[0.12639,51.4723],[0.12579,51.46914],[0.12325,51.46831],[0.12539,51.4678],[0.12476,51.46402],[0.12428,51.46297],[0.12328,51.4623],[0.12412,51.46132],[0.1235,51.46074],[0.12373,51.45946],[0.12549,51.45975],[0.12574,51.46069],[0.12805,51.46083],[0.12843,51.46058],[0.12794,51.45993],[0.12836,51.45951],[0.12996,51.46021],[0.13012,51.45954],[0.13151,51.45946],[0.13171,51.45829],[0.13435,51.45944],[0.13538,51.45841],[0.13787,51.45816],[0.14102,51.4594],[0.14076,51.46018],[0.14201,51.46137],[0.14472,51.4607],[0.14461,51.45934],[0.14508,51.45883],[0.14452,51.45756],[0.14741,51.45741],[0.14713,51.45603],[0.14818,51.45646],[0.14906,51.45626],[0.14989,51.45681],[0.15084,51.45604],[0.15237,51.45638]]]},"properties":{"code":"DA7","area":"DA","colorSlot":1}},{"type":"Feature","geometry":{"type":"Polygon","coordinates":[[[0.16394,51.48725],[0.16506,51.48582],[0.1628,51.48441],[0.16094,51.4847],[0.1597,51.48431],[0.15797,51.48273],[0.15622,51.48309],[0.15361,51.48195],[0.15261,51.47998],[0.15438,51.47774],[0.15326,51.47689],[0.15147,51.47727],[0.14499,51.47659],[0.14586,51.47532],[0.14537,51.47464],[0.14626,51.4739],[0.14618,51.47302],[0.14988,51.47217],[0.15137,51.4725],[0.15197,51.47075],[0.15388,51.47118],[0.15374,51.47036],[0.15453,51.46949],[0.15696,51.47044],[0.15786,51.46956],[0.15703,51.46839],[0.16051,51.46922],[0.16278,51.46898],[0.16429,51.46966],[0.16489,51.46912],[0.16983,51.46924],[0.16988,51.46986],[0.17198,51.47037],[0.17291,51.46891],[0.17445,51.46934],[0.17737,51.46904],[0.17852,51.46841],[0.17739,51.4674],[0.17866,51.46644],[0.17777,51.46539],[0.17964,51.46531],[0.18058,51.46436],[0.18404,51.4642],[0.18464,51.46473],[0.18563,51.4641],[0.18661,51.46436],[0.18907,51.46358],[0.19134,51.46397],[0.1929,51.46328],[0.19496,51.46335],[0.20071,51.46102],[0.20838,51.46321],[0.20939,51.46621],[0.21055,51.46762],[0.21964,51.46967],[0.22618,51.47405],[0.22331,51.47939],[0.22141,51.48156],[0.21883,51.48575],[0.2134,51.48685],[0.20441,51.48677],[0.20114,51.48399],[0.19383,51.48329],[0.19202,51.48363],[0.18669,51.48562],[0.18457,51.48688],[0.17792,51.4963],[0.16957,51.49596],[0.16589,51.49515],[0.16376,51.49372],[0.16321,51.49257],[0.16351,51.49196],[0.16249,51.49104],[0.16341,51.48985],[0.16501,51.49023],[0.16589,51.48953],[0.16394,51.48725]]]},"properties":{"code":"DA8","area":"DA","colorSlot":2}},{"type":"Feature","geometry":{"type":"Polygon","coordinates":[[[0.25646,51.44316],[0.25487,51.44136],[0.25834,51.43756],[0.26318,51.4369],[0.26591,51.43431],[0.2712,51.43199],[0.27402,51.43372],[0.28467,51.43729],[0.28979,51.43785],[0.29491,51.43655],[0.29674,51.43907],[0.29723,51.4409],[0.29683,51.44306],[0.29327,51.44405],[0.29368,51.446],[0.2946,51.44645],[0.29716,51.44655],[0.29821,51.44721],[0.29851,51.44775],[0.29798,51.44977],[0.29892,51.45163],[0.29808,51.45422],[0.30392,51.46312],[0.29526,51.46303],[0.28514,51.46232],[0.27515,51.46079],[0.27207,51.46102],[0.2676,51.45728],[0.26829,51.45383],[0.26614,51.45207],[0.26412,51.45263],[0.26141,51.45224],[0.26029,51.45349],[0.25704,51.4518],[0.25559,51.45221],[0.25404,51.45189],[0.25155,51.44906],[0.25041,51.44881],[0.24997,51.44614],[0.25291,51.44525],[0.25547,51.44509],[0.25646,51.44316]]]},"properties":{"code":"DA9","area":"DA","colorSlot":1}},{"type":"Feature","geometry":{"type":"Polygon","coordinates":[[[0.31315,51.44897],[0.31292,51.4497],[0.3141,51.45535],[0.30896,51.45757],[0.30409,51.46315],[0.29808,51.45422],[0.29892,51.45163],[0.29799,51.44978],[0.29851,51.44775],[0.29821,51.44721],[0.29716,51.44655],[0.2946,51.44645],[0.29368,51.446],[0.29327,51.44405],[0.29678,51.44319],[0.29723,51.4409],[0.29674,51.43907],[0.29491,51.43655],[0.29663,51.43555],[0.29873,51.43523],[0.30677,51.42966],[0.30957,51.42987],[0.31534,51.4291],[0.32123,51.43505],[0.32146,51.43751],[0.32464,51.43855],[0.32526,51.44244],[0.32304,51.44444],[0.32081,51.4453],[0.31716,51.44514],[0.31508,51.44757],[0.31315,51.44897]]]},"properties":{"code":"DA10","area":"DA","colorSlot":2}},{"type":"Feature","geometry":{"type":"Polygon","coordinates":[[[0.3559,51.44953],[0.35278,51.44976],[0.34581,51.44747],[0.34244,51.44871],[0.33668,51.44929],[0.33282,51.45438],[0.33276,51.45509],[0.32859,51.45791],[0.32781,51.46103],[0.32223,51.46498],[0.31642,51.46592],[0.31156,51.46588],[0.30585,51.46461],[0.30409,51.46315],[0.30896,51.45757],[0.3141,51.45535],[0.31282,51.44985],[0.31315,51.44897],[0.31508,51.44757],[0.31716,51.44514],[0.32054,51.44535],[0.32304,51.44444],[0.32526,51.44244],[0.32464,51.43855],[0.32146,51.43751],[0.32123,51.43505],[0.31534,51.4291],[0.3161,51.42848],[0.32438,51.42654],[0.32771,51.42249],[0.33218,51.42138],[0.33718,51.42234],[0.34178,51.42099],[0.34341,51.41991],[0.34566,51.41688],[0.34795,51.4148],[0.35144,51.41426],[0.35678,51.41787],[0.35893,51.41769],[0.36102,51.4168],[0.36203,51.41553],[0.36109,51.41155],[0.36403,51.40977],[0.36699,51.40991],[0.36957,51.41315],[0.37222,51.41427],[0.37219,51.41507],[0.37306,51.41601],[0.37584,51.41629],[0.37363,51.41955],[0.3729,51.41977],[0.37162,51.41962],[0.37034,51.41779],[0.36884,51.41983],[0.36959,51.42081],[0.36977,51.42273],[0.36928,51.42301],[0.36984,51.42417],[0.36872,51.42538],[0.36889,51.4263],[0.36766,51.42717],[0.3691,51.42827],[0.36826,51.42912],[0.36911,51.43032],[0.3684,51.4308],[0.36987,51.43219],[0.36873,51.43236],[0.36851,51.43274],[0.36913,51.43348],[0.3683,51.43393],[0.36818,51.43464],[0.36724,51.43472],[0.3668,51.43562],[0.36761,51.43624],[0.36708,51.43706],[0.36787,51.43721],[0.36748,51.43897],[0.36839,51.43927],[0.36811,51.44],[0.3691,51.44091],[0.36831,51.44129],[0.36943,51.44187],[0.36913,51.44264],[0.37017,51.44291],[0.37046,51.44349],[0.3697,51.44397],[0.37103,51.44436],[0.37229,51.44855],[0.36922,51.4488],[0.36365,51.44838],[0.36015,51.44877],[0.35789,51.4497],[0.3559,51.44953]]]},"properties":{"code":"DA11","area":"DA","colorSlot":0}},{"type":"Feature","geometry":{"type":"Polygon","coordinates":[[[0.36732,51.43578],[0.36692,51.4357],[0.36709,51.4348],[0.36818,51.43464],[0.3683,51.43393],[0.36913,51.43348],[0.36851,51.43274],[0.36873,51.43236],[0.36987,51.43219],[0.36844,51.43087],[0.36911,51.43032],[0.36829,51.42923],[0.3691,51.42827],[0.36766,51.42717],[0.36889,51.4263],[0.36872,51.42538],[0.36984,51.42417],[0.36945,51.42324],[0.36959,51.42081],[0.36886,51.41983],[0.37034,51.41779],[0.37162,51.41962],[0.37363,51.41955],[0.37466,51.41755],[0.37596,51.41644],[0.37306,51.41601],[0.37219,51.41507],[0.37222,51.41427],[0.36957,51.41315],[0.36699,51.40991],[0.37451,51.40855],[0.37831,51.4073],[0.38029,51.40606],[0.38046,51.40543],[0.37925,51.40396],[0.37835,51.40086],[0.38732,51.39824],[0.38129,51.39378],[0.38368,51.39137],[0.38718,51.38939],[0.38415,51.38741],[0.38069,51.38704],[0.37956,51.38619],[0.37844,51.38433],[0.37902,51.38314],[0.38053,51.38305],[0.38412,51.38081],[0.38551,51.38093],[0.3861,51.38187],[0.39194,51.38514],[0.39444,51.38054],[0.39706,51.38],[0.40729,51.38157],[0.41209,51.38017],[0.42321,51.38579],[0.42527,51.38615],[0.42382,51.39768],[0.42553,51.39851],[0.43024,51.39865],[0.4327,51.40191],[0.43544,51.40312],[0.44208,51.40308],[0.44563,51.40249],[0.44633,51.40296],[0.44658,51.4054],[0.45034,51.40814],[0.45346,51.40919],[0.45314,51.41105],[0.45176,51.4121],[0.44738,51.41309],[0.44883,51.41495],[0.44857,51.41619],[0.44755,51.41715],[0.44849,51.42249],[0.44797,51.42297],[0.45014,51.42663],[0.44978,51.42999],[0.44572,51.43203],[0.44488,51.43587],[0.432,51.45079],[0.42703,51.45024],[0.41453,51.45485],[0.40861,51.45251],[0.39734,51.44972],[0.38806,51.44903],[0.38143,51.45086],[0.37229,51.44855],[0.37101,51.44444],[0.36949,51.44413],[0.37023,51.44352],[0.37017,51.44291],[0.36915,51.44264],[0.36935,51.44204],[0.36831,51.44129],[0.3691,51.44091],[0.36824,51.44027],[0.36839,51.43927],[0.36748,51.43897],[0.36799,51.43744],[0.36719,51.4371],[0.36761,51.43624],[0.36732,51.43578]]]},"properties":{"code":"DA12","area":"DA","colorSlot":3}},{"type":"Feature","geometry":{"type":"Polygon","coordinates":[[[0.32402,51.36496],[0.32319,51.36449],[0.32257,51.36096],[0.32306,51.35859],[0.33024,51.35664],[0.33827,51.35908],[0.34157,51.3569],[0.34387,51.35397],[0.34408,51.3518],[0.34036,51.34892],[0.34324,51.34524],[0.34265,51.34387],[0.33973,51.3418],[0.34052,51.34038],[0.34069,51.33819],[0.34535,51.33663],[0.34526,51.33495],[0.34786,51.33259],[0.34282,51.33066],[0.34417,51.32888],[0.343,51.32765],[0.34196,51.3273],[0.34325,51.32557],[0.33963,51.32596],[0.34356,51.32322],[0.34506,51.32521],[0.34958,51.32562],[0.35165,51.32679],[0.35499,51.32695],[0.35946,51.32567],[0.36169,51.32723],[0.36592,51.32808],[0.37767,51.32859],[0.3878,51.33249],[0.39066,51.33439],[0.4062,51.33732],[0.40897,51.33977],[0.40871,51.34769],[0.41057,51.34974],[0.41137,51.35254],[0.41123,51.36125],[0.41808,51.36556],[0.41214,51.37601],[0.41209,51.38017],[0.41107,51.38066],[0.40729,51.38157],[0.39706,51.38],[0.39444,51.38054],[0.39194,51.38514],[0.3861,51.38187],[0.38551,51.38093],[0.38412,51.38081],[0.38053,51.38305],[0.37902,51.38314],[0.37847,51.38408],[0.38069,51.38704],[0.38415,51.38741],[0.38718,51.38939],[0.38368,51.39137],[0.38129,51.39378],[0.38732,51.39824],[0.37835,51.40086],[0.37925,51.40396],[0.38046,51.40543],[0.38029,51.40606],[0.37831,51.4073],[0.37451,51.40855],[0.36699,51.40991],[0.36403,51.40977],[0.36109,51.41155],[0.36203,51.41553],[0.36102,51.4168],[0.35893,51.41769],[0.35678,51.41787],[0.35144,51.41426],[0.34795,51.4148],[0.34566,51.41688],[0.34341,51.41991],[0.34185,51.42096],[0.33718,51.42234],[0.33218,51.42138],[0.32771,51.42249],[0.32438,51.42654],[0.3161,51.42848],[0.31534,51.4291],[0.30957,51.42987],[0.30677,51.42966],[0.30345,51.42626],[0.29907,51.42415],[0.2956,51.42008],[0.2949,51.4184],[0.29146,51.41757],[0.28889,51.40989],[0.29072,51.40821],[0.29066,51.40691],[0.29626,51.40384],[0.29962,51.40346],[0.30636,51.40378],[0.31293,51.40293],[0.31556,51.40405],[0.32279,51.40359],[0.33072,51.4076],[0.33363,51.40777],[0.33708,51.40462],[0.33765,51.40234],[0.3417,51.40077],[0.34326,51.39962],[0.3404,51.39576],[0.34174,51.39342],[0.3378,51.39045],[0.33958,51.38854],[0.34715,51.38789],[0.347,51.3826],[0.34003,51.37709],[0.33285,51.37548],[0.32942,51.37183],[0.32508,51.37078],[0.32402,51.36496]]]},"properties":{"code":"DA13","area":"DA","colorSlot":1}},{"type":"Feature","geometry":{"type":"Polygon","coordinates":[[[0.11037,51.43409],[0.10875,51.43475],[0.10704,51.43337],[0.10519,51.43417],[0.10387,51.43332],[0.10306,51.43228],[0.10354,51.43163],[0.1031,51.43091],[0.10236,51.43081],[0.10227,51.43038],[0.10299,51.42998],[0.10149,51.42852],[0.10229,51.42806],[0.10216,51.42731],[0.10164,51.42687],[0.10006,51.42709],[0.09919,51.42673],[0.09612,51.42774],[0.09613,51.42865],[0.09465,51.42912],[0.09478,51.43031],[0.09298,51.43069],[0.09137,51.42986],[0.08907,51.42949],[0.08719,51.43011],[0.08637,51.43093],[0.08472,51.43067],[0.08326,51.43131],[0.08133,51.43118],[0.0809,51.43221],[0.08025,51.43242],[0.08042,51.43062],[0.08311,51.42957],[0.08327,51.42777],[0.08195,51.42619],[0.08965,51.42416],[0.09044,51.42131],[0.09152,51.42039],[0.09386,51.41981],[0.0972,51.42005],[0.0993,51.41926],[0.09956,51.41792],[0.09772,51.41545],[0.09794,51.41455],[0.09931,51.41385],[0.10304,51.41471],[0.10515,51.41584],[0.1076,51.41603],[0.10858,51.41444],[0.11052,51.4131],[0.10886,51.41246],[0.10927,51.41094],[0.11134,51.41116],[0.11191,51.41295],[0.11484,51.4131],[0.11724,51.41246],[0.11809,51.41012],[0.11946,51.40977],[0.12133,51.41026],[0.12849,51.40983],[0.13206,51.40568],[0.13544,51.40461],[0.13636,51.40387],[0.13915,51.4042],[0.14627,51.40645],[0.15178,51.40688],[0.15348,51.40892],[0.15603,51.41052],[0.15582,51.41354],[0.16195,51.41578],[0.16287,51.41693],[0.16243,51.41866],[0.15302,51.42252],[0.15284,51.42434],[0.15364,51.42726],[0.1483,51.42839],[0.14303,51.4312],[0.14287,51.43266],[0.14075,51.43573],[0.13729,51.43519],[0.13644,51.43569],[0.13242,51.43625],[0.13101,51.43572],[0.12931,51.43629],[0.12623,51.43473],[0.11979,51.43661],[0.12002,51.43807],[0.121,51.43825],[0.12058,51.43891],[0.11906,51.4388],[0.11795,51.43805],[0.11935,51.43656],[0.11794,51.43497],[0.11397,51.43415],[0.11281,51.43457],[0.11037,51.43409]]]},"properties":{"code":"DA14","area":"DA","colorSlot":1}},{"type":"Feature","geometry":{"type":"Polygon","coordinates":[[[0.08907,51.42949],[0.0912,51.42963],[0.09298,51.43069],[0.09478,51.43031],[0.09465,51.42912],[0.09613,51.42865],[0.09612,51.42774],[0.0969,51.42737],[0.09869,51.42719],[0.09901,51.42676],[0.10159,51.42687],[0.1022,51.42787],[0.10149,51.42852],[0.10299,51.42998],[0.10211,51.43071],[0.1031,51.43091],[0.10354,51.43163],[0.10306,51.43228],[0.10519,51.43417],[0.10704,51.43337],[0.10875,51.43475],[0.11037,51.43409],[0.11281,51.43457],[0.11397,51.43415],[0.11794,51.43497],[0.11921,51.43652],[0.11795,51.43805],[0.11901,51.43865],[0.11868,51.43952],[0.11224,51.43925],[0.11136,51.43975],[0.11351,51.44099],[0.11431,51.44301],[0.1159,51.44388],[0.11666,51.44382],[0.11672,51.44305],[0.11796,51.4426],[0.11878,51.44286],[0.1186,51.44418],[0.11971,51.44451],[0.11949,51.44508],[0.11661,51.4467],[0.11884,51.44713],[0.11823,51.44837],[0.11933,51.44977],[0.11936,51.45227],[0.117,51.45397],[0.11333,51.45179],[0.11174,51.45153],[0.10932,51.45224],[0.10801,51.45109],[0.10625,51.45196],[0.10482,51.45193],[0.10424,51.45251],[0.10256,51.45255],[0.10184,51.45369],[0.09954,51.45303],[0.09804,51.45381],[0.09798,51.45441],[0.09437,51.45428],[0.09307,51.45505],[0.09321,51.45556],[0.09057,51.45512],[0.08819,51.45577],[0.08839,51.45626],[0.086,51.45716],[0.08438,51.45651],[0.08729,51.45419],[0.08657,51.45358],[0.08656,51.45224],[0.08614,51.4521],[0.08642,51.45089],[0.0873,51.45013],[0.08706,51.4497],[0.08951,51.44768],[0.08922,51.44647],[0.08667,51.44557],[0.08562,51.44584],[0.0805,51.44489],[0.08152,51.44385],[0.08097,51.4427],[0.08224,51.44175],[0.08161,51.44113],[0.08207,51.43969],[0.07969,51.43917],[0.07975,51.43882],[0.08181,51.43864],[0.08161,51.43782],[0.08291,51.43764],[0.08367,51.43649],[0.08297,51.43614],[0.08277,51.4353],[0.08136,51.43476],[0.08189,51.43358],[0.08019,51.43335],[0.08032,51.43259],[0.08133,51.43118],[0.08326,51.43131],[0.08461,51.43059],[0.08637,51.43093],[0.08751,51.42995],[0.08907,51.42949]]]},"properties":{"code":"DA15","area":"DA","colorSlot":3}},{"type":"Feature","geometry":{"type":"Polygon","coordinates":[[[0.12329,51.46811],[0.12438,51.46894],[0.12567,51.46914],[0.12639,51.4723],[0.1272,51.47284],[0.12508,51.47344],[0.12318,51.47467],[0.1219,51.47366],[0.12036,51.47514],[0.12125,51.47702],[0.12172,51.47709],[0.12087,51.47825],[0.11875,51.47854],[0.11831,51.4791],[0.11602,51.47701],[0.11301,51.47711],[0.11191,51.475],[0.10926,51.47553],[0.10872,51.47649],[0.10741,51.4765],[0.10768,51.47488],[0.1061,51.47406],[0.10183,51.47366],[0.09688,51.47452],[0.09628,51.47347],[0.0951,51.47321],[0.09297,51.47363],[0.09204,51.47289],[0.09212,51.47223],[0.08552,51.46985],[0.08343,51.46969],[0.07915,51.471],[0.07559,51.46892],[0.07419,51.46528],[0.0752,51.46392],[0.07886,51.46286],[0.08188,51.4608],[0.08244,51.45956],[0.08427,51.45879],[0.0855,51.45701],[0.08839,51.45626],[0.08819,51.45577],[0.09057,51.45512],[0.0932,51.45556],[0.09307,51.45505],[0.09411,51.45426],[0.09789,51.45449],[0.09804,51.45381],[0.09954,51.45303],[0.10163,51.45379],[0.10256,51.45255],[0.10424,51.45251],[0.10482,51.45193],[0.10625,51.45196],[0.10801,51.45109],[0.10932,51.45224],[0.11174,51.45153],[0.11333,51.45179],[0.11643,51.45343],[0.117,51.45397],[0.11601,51.45548],[0.11698,51.45684],[0.12373,51.45946],[0.1235,51.46074],[0.12412,51.46132],[0.12328,51.4623],[0.12443,51.46325],[0.12539,51.4678],[0.12329,51.46811]]]},"properties":{"code":"DA16","area":"DA","colorSlot":2}},{"type":"Feature","geometry":{"type":"Polygon","coordinates":[[[0.14431,51.47904],[0.14569,51.47862],[0.14471,51.47696],[0.14499,51.47659],[0.15125,51.47731],[0.15326,51.47689],[0.15437,51.47762],[0.15266,51.47986],[0.15361,51.48195],[0.15613,51.48309],[0.15797,51.48273],[0.15956,51.48422],[0.16094,51.4847],[0.1628,51.48441],[0.16506,51.48582],[0.16394,51.48725],[0.16589,51.48953],[0.16501,51.49023],[0.16341,51.48985],[0.16252,51.49066],[0.16351,51.49196],[0.16321,51.49257],[0.16376,51.49372],[0.16578,51.49511],[0.16957,51.49596],[0.17792,51.4963],[0.17445,51.5024],[0.1732,51.50363],[0.16902,51.50477],[0.16431,51.5097],[0.15921,51.51251],[0.15774,51.51183],[0.1449,51.50945],[0.14401,51.50828],[0.14306,51.50364],[0.14604,51.50186],[0.15428,51.50046],[0.15496,51.49813],[0.15363,51.49643],[0.15135,51.49517],[0.14959,51.49496],[0.14838,51.49319],[0.14689,51.4922],[0.14531,51.49201],[0.14442,51.49249],[0.14183,51.49194],[0.13761,51.49208],[0.13682,51.49155],[0.13421,51.49201],[0.131,51.49129],[0.13007,51.4917],[0.127,51.49109],[0.12466,51.49138],[0.12392,51.49107],[0.1234,51.49009],[0.12531,51.48928],[0.12597,51.48967],[0.12761,51.48937],[0.129,51.48869],[0.13098,51.48675],[0.13713,51.48729],[0.13779,51.48673],[0.13767,51.48415],[0.13836,51.48375],[0.13761,51.48319],[0.13814,51.48235],[0.13669,51.48174],[0.13739,51.48087],[0.13315,51.47999],[0.13282,51.47959],[0.13431,51.47864],[0.13775,51.47751],[0.13985,51.47864],[0.1414,51.47836],[0.14312,51.47929],[0.14431,51.47904]]]},"properties":{"code":"DA17","area":"DA","colorSlot":0}},{"type":"Feature","geometry":{"type":"Polygon","coordinates":[[[0.12916,51.49941],[0.12815,51.49889],[0.12794,51.49769],[0.12714,51.49706],[0.1285,51.49627],[0.12763,51.49491],[0.1287,51.49421],[0.12861,51.49326],[0.12785,51.49287],[0.12845,51.49181],[0.13072,51.49131],[0.13421,51.49201],[0.13609,51.49151],[0.13761,51.49208],[0.14183,51.49194],[0.14442,51.49249],[0.14528,51.49201],[0.14689,51.4922],[0.14838,51.49319],[0.14951,51.49494],[0.15135,51.49517],[0.15363,51.49643],[0.15496,51.49813],[0.15428,51.50046],[0.14604,51.50186],[0.14306,51.50364],[0.13689,51.5013],[0.13194,51.50218],[0.12916,51.49941]]]},"properties":{"code":"DA18","area":"DA","colorSlot":1}},{"type":"Feature","geometry":{"type":"Polygon","coordinates":[[[-0.05142,51.65421],[-0.05003,51.6563],[-0.05039,51.65734],[-0.04962,51.65818],[-0.0499,51.65886],[-0.0494,51.66007],[-0.04971,51.66122],[-0.05055,51.66206],[-0.04889,51.66519],[-0.04973,51.66616],[-0.04994,51.66803],[-0.05133,51.66962],[-0.04922,51.67122],[-0.04777,51.67128],[-0.04785,51.67228],[-0.04635,51.67273],[-0.04643,51.67357],[-0.04734,51.67456],[-0.0437,51.67681],[-0.04374,51.67777],[-0.04293,51.67857],[-0.04467,51.68065],[-0.04643,51.68118],[-0.04706,51.68119],[-0.04727,51.68043],[-0.04847,51.68023],[-0.04959,51.68073],[-0.05064,51.6803],[-0.05124,51.68119],[-0.05575,51.67999],[-0.0609,51.68143],[-0.06128,51.68048],[-0.05738,51.67866],[-0.05673,51.67768],[-0.05741,51.6765],[-0.06012,51.67638],[-0.05935,51.67433],[-0.05753,51.67384],[-0.05765,51.67117],[-0.06021,51.66968],[-0.06474,51.66857],[-0.06583,51.66779],[-0.06782,51.66881],[-0.06852,51.66813],[-0.06776,51.66755],[-0.06796,51.66699],[-0.06901,51.66722],[-0.06979,51.66646],[-0.07051,51.66698],[-0.0713,51.66635],[-0.07222,51.66678],[-0.07262,51.66768],[-0.07415,51.66673],[-0.07575,51.66685],[-0.07683,51.6659],[-0.07607,51.66468],[-0.07804,51.66272],[-0.07867,51.66275],[-0.07912,51.6622],[-0.07874,51.66171],[-0.08107,51.66118],[-0.07972,51.66002],[-0.08198,51.65924],[-0.08057,51.65767],[-0.08352,51.65591],[-0.08255,51.65484],[-0.08281,51.65395],[-0.08176,51.65345],[-0.0822,51.65289],[-0.08026,51.65222],[-0.07943,51.65084],[-0.0782,51.65062],[-0.07958,51.6491],[-0.07883,51.64861],[-0.07871,51.64773],[-0.07957,51.64709],[-0.07931,51.64611],[-0.08029,51.64535],[-0.07957,51.64466],[-0.08092,51.64489],[-0.08209,51.64447],[-0.08172,51.64378],[-0.08232,51.64351],[-0.08157,51.64293],[-0.08266,51.64228],[-0.08212,51.64069],[-0.08325,51.64053],[-0.08384,51.63985],[-0.083,51.63957],[-0.08299,51.6388],[-0.08163,51.63786],[-0.08164,51.63689],[-0.07875,51.63626],[-0.07836,51.635],[-0.07684,51.63594],[-0.07559,51.63457],[-0.07551,51.6334],[-0.07314,51.63422],[-0.07188,51.63392],[-0.07117,51.63448],[-0.06946,51.63411],[-0.06848,51.63439],[-0.06859,51.63524],[-0.06731,51.63479],[-0.06538,51.63505],[-0.06382,51.63693],[-0.06261,51.63764],[-0.06276,51.63821],[-0.0616,51.63896],[-0.0609,51.63885],[-0.05911,51.64033],[-0.05797,51.64046],[-0.05791,51.64151],[-0.05683,51.64147],[-0.05567,51.64341],[-0.05426,51.64414],[-0.05337,51.64561],[-0.05388,51.64709],[-0.05483,51.64774],[-0.05124,51.65123],[-0.05211,51.65363],[-0.05142,51.65421]]]},"properties":{"code":"EN1","area":"EN","colorSlot":1}},{"type":"Feature","geometry":{"type":"Polygon","coordinates":[[[-0.07683,51.6659],[-0.07603,51.66675],[-0.07415,51.66673],[-0.07262,51.66768],[-0.07222,51.66681],[-0.0713,51.66635],[-0.07054,51.66697],[-0.06979,51.66646],[-0.06901,51.66722],[-0.06816,51.6669],[-0.06771,51.66746],[-0.06852,51.66813],[-0.06782,51.66881],[-0.06583,51.66779],[-0.06474,51.66857],[-0.06021,51.66968],[-0.05765,51.67117],[-0.05751,51.67357],[-0.05935,51.67433],[-0.06012,51.67638],[-0.05741,51.6765],[-0.05675,51.67741],[-0.05738,51.67866],[-0.06128,51.68048],[-0.06078,51.6822],[-0.06709,51.68536],[-0.07099,51.68454],[-0.07746,51.68778],[-0.08535,51.68844],[-0.08761,51.68955],[-0.08852,51.69075],[-0.09962,51.69046],[-0.10642,51.69332],[-0.10814,51.69787],[-0.11319,51.698],[-0.11502,51.69763],[-0.11787,51.69593],[-0.11864,51.69408],[-0.1291,51.69018],[-0.12954,51.68855],[-0.13625,51.68839],[-0.14166,51.68759],[-0.14813,51.68893],[-0.14937,51.68869],[-0.15007,51.6872],[-0.15103,51.67759],[-0.14502,51.67372],[-0.14286,51.67362],[-0.13894,51.67455],[-0.1296,51.67239],[-0.12426,51.66995],[-0.12606,51.66483],[-0.12136,51.65968],[-0.1246,51.65758],[-0.13106,51.65445],[-0.12671,51.6503],[-0.12752,51.6491],[-0.12548,51.64874],[-0.12499,51.64817],[-0.12573,51.64738],[-0.12523,51.64688],[-0.12398,51.64685],[-0.1239,51.64594],[-0.12203,51.64479],[-0.12129,51.64592],[-0.11993,51.64553],[-0.1188,51.64594],[-0.11845,51.64681],[-0.11613,51.64685],[-0.11596,51.64748],[-0.11477,51.64723],[-0.11393,51.64815],[-0.10917,51.64756],[-0.10841,51.64803],[-0.10889,51.64833],[-0.10859,51.64928],[-0.10534,51.65033],[-0.10029,51.64925],[-0.09804,51.64797],[-0.09683,51.64659],[-0.09454,51.64686],[-0.09396,51.64765],[-0.09243,51.64779],[-0.09197,51.64714],[-0.09117,51.64711],[-0.08794,51.64901],[-0.08739,51.64674],[-0.08798,51.64535],[-0.08771,51.64506],[-0.0851,51.6446],[-0.08235,51.64504],[-0.08163,51.64462],[-0.07957,51.64466],[-0.08029,51.64535],[-0.07928,51.64607],[-0.07972,51.64685],[-0.07871,51.64773],[-0.07886,51.64858],[-0.07958,51.6491],[-0.0782,51.65062],[-0.07943,51.65084],[-0.08025,51.65206],[-0.0822,51.65289],[-0.08176,51.65345],[-0.08281,51.65395],[-0.08253,51.65474],[-0.08337,51.65579],[-0.08057,51.65767],[-0.082,51.65902],[-0.07956,51.6598],[-0.08107,51.66118],[-0.07874,51.66171],[-0.07912,51.6622],[-0.07881,51.66272],[-0.07804,51.66272],[-0.07768,51.66355],[-0.07595,51.66442],[-0.07683,51.6659]]]},"properties":{"code":"EN2","area":"EN","colorSlot":0}},{"type":"Feature","geometry":{"type":"Polygon","coordinates":[[[-0.02025,51.64239],[-0.01836,51.64505],[-0.01806,51.64885],[-0.01517,51.65149],[-0.01556,51.65303],[-0.01299,51.65778],[-0.01292,51.65903],[-0.01127,51.65981],[-0.0084,51.66246],[-0.007,51.66576],[-0.00745,51.66684],[-0.00715,51.66898],[-0.00593,51.67225],[-0.00934,51.67376],[-0.01233,51.67586],[-0.01605,51.6766],[-0.01732,51.67913],[-0.02348,51.67952],[-0.02962,51.68143],[-0.03105,51.6814],[-0.03197,51.67998],[-0.03255,51.67981],[-0.03362,51.68],[-0.03445,51.68079],[-0.03508,51.68047],[-0.03553,51.68108],[-0.04282,51.68165],[-0.04298,51.68084],[-0.04408,51.68027],[-0.04293,51.67857],[-0.04361,51.67803],[-0.0437,51.67681],[-0.04734,51.67456],[-0.04643,51.67357],[-0.04634,51.67275],[-0.04777,51.67241],[-0.04761,51.67139],[-0.04922,51.67122],[-0.05133,51.66962],[-0.04994,51.66803],[-0.04986,51.66628],[-0.04889,51.66519],[-0.05042,51.6622],[-0.0494,51.66007],[-0.0499,51.65886],[-0.04962,51.65818],[-0.05039,51.65757],[-0.05003,51.6563],[-0.05211,51.65363],[-0.05124,51.65123],[-0.05392,51.64823],[-0.05484,51.64784],[-0.05388,51.64709],[-0.05337,51.64561],[-0.05518,51.64347],[-0.05373,51.64259],[-0.05446,51.64225],[-0.05431,51.64119],[-0.05207,51.64074],[-0.05111,51.64107],[-0.0498,51.64003],[-0.04873,51.6409],[-0.04825,51.64021],[-0.04497,51.63988],[-0.04422,51.6393],[-0.04186,51.64019],[-0.03953,51.6386],[-0.03772,51.63883],[-0.0348,51.63807],[-0.03421,51.63578],[-0.02474,51.63373],[-0.02374,51.63496],[-0.02243,51.63847],[-0.02235,51.63985],[-0.02025,51.64239]]]},"properties":{"code":"EN3","area":"EN","colorSlot":2}},{"type":"Feature","geometry":{"type":"Polygon","coordinates":[[[-0.18305,51.66034],[-0.17699,51.6597],[-0.17475,51.65858],[-0.17495,51.65495],[-0.1745,51.65376],[-0.17269,51.65257],[-0.17371,51.65152],[-0.17384,51.65054],[-0.17482,51.65049],[-0.17496,51.64981],[-0.17291,51.65009],[-0.17317,51.64921],[-0.1721,51.64847],[-0.17273,51.64709],[-0.17014,51.6435],[-0.17043,51.64237],[-0.16904,51.64148],[-0.1691,51.64061],[-0.16773,51.63983],[-0.16793,51.6392],[-0.166,51.63772],[-0.16373,51.63463],[-0.16257,51.63435],[-0.16221,51.63351],[-0.16024,51.63217],[-0.16014,51.63158],[-0.15769,51.63034],[-0.15374,51.63131],[-0.15122,51.63297],[-0.15118,51.63193],[-0.1518,51.63157],[-0.15143,51.63121],[-0.14969,51.63175],[-0.1483,51.63126],[-0.14738,51.63166],[-0.14579,51.63069],[-0.14407,51.6329],[-0.14259,51.63327],[-0.14461,51.6343],[-0.14533,51.63579],[-0.14675,51.6361],[-0.14776,51.63871],[-0.15036,51.63897],[-0.15031,51.63966],[-0.14737,51.64199],[-0.14745,51.64337],[-0.14666,51.64388],[-0.14672,51.64472],[-0.14623,51.64498],[-0.14666,51.6459],[-0.14552,51.64615],[-0.14511,51.64544],[-0.14348,51.64634],[-0.14297,51.64545],[-0.14197,51.64535],[-0.14132,51.64646],[-0.13768,51.64659],[-0.13743,51.64732],[-0.13576,51.64676],[-0.13528,51.64723],[-0.13456,51.64983],[-0.1368,51.65276],[-0.13252,51.65387],[-0.13318,51.65828],[-0.1358,51.66429],[-0.12606,51.66483],[-0.12426,51.66995],[-0.1296,51.67239],[-0.13894,51.67455],[-0.14286,51.67362],[-0.14502,51.67372],[-0.15103,51.67759],[-0.16161,51.6797],[-0.164,51.67949],[-0.16667,51.67828],[-0.17784,51.67966],[-0.18052,51.68058],[-0.18706,51.68004],[-0.18579,51.67784],[-0.18738,51.67632],[-0.1869,51.67399],[-0.18523,51.67031],[-0.19418,51.66464],[-0.19381,51.66317],[-0.19166,51.66141],[-0.18836,51.66126],[-0.18501,51.66023],[-0.18305,51.66034]]]},"properties":{"code":"EN4","area":"EN","colorSlot":1}},{"type":"Feature","geometry":{"type":"Polygon","coordinates":[[[-0.17244,51.64657],[-0.17273,51.64709],[-0.1721,51.64847],[-0.17297,51.6491],[-0.17291,51.65009],[-0.1743,51.64976],[-0.17496,51.64981],[-0.17505,51.65024],[-0.17384,51.65054],[-0.17371,51.65152],[-0.17255,51.6525],[-0.1745,51.65376],[-0.17495,51.65495],[-0.17475,51.65858],[-0.17699,51.6597],[-0.18501,51.66023],[-0.18817,51.66119],[-0.19166,51.66141],[-0.19381,51.66317],[-0.19422,51.66453],[-0.18531,51.67022],[-0.18738,51.67632],[-0.18579,51.67784],[-0.18706,51.68004],[-0.18052,51.68058],[-0.18405,51.68264],[-0.18612,51.68504],[-0.19139,51.68533],[-0.19406,51.68659],[-0.19796,51.68689],[-0.2054,51.68496],[-0.2125,51.6858],[-0.22381,51.68098],[-0.23071,51.6836],[-0.2365,51.68177],[-0.23813,51.6781],[-0.23761,51.67567],[-0.24092,51.67403],[-0.23951,51.66707],[-0.24561,51.66561],[-0.24787,51.66399],[-0.24787,51.66258],[-0.24635,51.66068],[-0.24341,51.65898],[-0.24901,51.65461],[-0.24631,51.65105],[-0.24685,51.65024],[-0.24658,51.64609],[-0.2495,51.64413],[-0.25351,51.64387],[-0.25555,51.6426],[-0.25551,51.64157],[-0.2572,51.63969],[-0.25409,51.63998],[-0.24951,51.6381],[-0.24767,51.6357],[-0.24504,51.63633],[-0.24334,51.63993],[-0.24195,51.64072],[-0.23817,51.64082],[-0.23774,51.64065],[-0.24277,51.6361],[-0.23806,51.63709],[-0.23245,51.63601],[-0.23011,51.63468],[-0.21964,51.63667],[-0.21668,51.63818],[-0.2134,51.6383],[-0.21003,51.63929],[-0.2057,51.63922],[-0.2045,51.64004],[-0.20125,51.64099],[-0.19845,51.64089],[-0.19371,51.63978],[-0.19181,51.63731],[-0.19035,51.63644],[-0.18674,51.63666],[-0.18399,51.63946],[-0.18036,51.63976],[-0.17784,51.63981],[-0.17775,51.63926],[-0.17613,51.63885],[-0.17463,51.63878],[-0.17429,51.6392],[-0.17134,51.63849],[-0.16894,51.63872],[-0.16742,51.63717],[-0.16608,51.6375],[-0.16793,51.6392],[-0.16773,51.63983],[-0.16924,51.64053],[-0.16904,51.64148],[-0.17034,51.64223],[-0.17014,51.6435],[-0.17244,51.64657]]]},"properties":{"code":"EN5","area":"EN","colorSlot":3}},{"type":"Feature","geometry":{"type":"Polygon","coordinates":[[[-0.1997,51.71133],[-0.20273,51.71175],[-0.20953,51.70928],[-0.21697,51.70877],[-0.22051,51.70961],[-0.22955,51.7089],[-0.2363,51.71344],[-0.24153,51.71357],[-0.25326,51.71968],[-0.25623,51.71952],[-0.26273,51.7111],[-0.25642,51.70657],[-0.25719,51.70586],[-0.25622,51.69984],[-0.2569,51.69967],[-0.25915,51.69676],[-0.26571,51.69546],[-0.26724,51.6926],[-0.26707,51.69099],[-0.26488,51.68853],[-0.2547,51.68969],[-0.24972,51.68424],[-0.24355,51.68517],[-0.24172,51.68485],[-0.2365,51.68177],[-0.23071,51.6836],[-0.22381,51.68098],[-0.2125,51.6858],[-0.2054,51.68496],[-0.19796,51.68689],[-0.19406,51.68659],[-0.19139,51.68533],[-0.18612,51.68504],[-0.18405,51.68264],[-0.18052,51.68058],[-0.17784,51.67966],[-0.16667,51.67828],[-0.164,51.67949],[-0.16161,51.6797],[-0.15103,51.67759],[-0.15016,51.68709],[-0.14937,51.68869],[-0.14813,51.68893],[-0.14166,51.68759],[-0.13625,51.68839],[-0.12954,51.68855],[-0.1291,51.69018],[-0.11864,51.69408],[-0.11787,51.69593],[-0.11502,51.69763],[-0.11319,51.698],[-0.10814,51.69787],[-0.10745,51.69827],[-0.10215,51.70319],[-0.10266,51.70686],[-0.1016,51.71288],[-0.10356,51.71476],[-0.10524,51.72066],[-0.112,51.72302],[-0.11797,51.72245],[-0.11997,51.72267],[-0.12351,51.72502],[-0.13607,51.72809],[-0.13979,51.72822],[-0.15054,51.72734],[-0.15631,51.72552],[-0.15903,51.72546],[-0.16337,51.72351],[-0.16404,51.72079],[-0.16361,51.71836],[-0.15957,51.71583],[-0.16414,51.71492],[-0.15879,51.71292],[-0.16432,51.71138],[-0.16645,51.71309],[-0.17031,51.71356],[-0.173,51.71564],[-0.17739,51.7142],[-0.18151,51.71512],[-0.18288,51.71594],[-0.19192,51.71611],[-0.1997,51.71133]]]},"properties":{"code":"EN6","area":"EN","colorSlot":2}},{"type":"Feature","geometry":{"type":"Polygon","coordinates":[[[-0.05056,51.70763],[-0.05095,51.70824],[-0.04954,51.70939],[-0.05012,51.71015],[-0.05141,51.71056],[-0.05052,51.71105],[-0.05098,51.71161],[-0.05052,51.71183],[-0.05064,51.71238],[-0.05237,51.71251],[-0.05145,51.71278],[-0.05096,51.71357],[-0.04944,51.71376],[-0.04909,51.71548],[-0.04506,51.71564],[-0.0437,51.71811],[-0.04707,51.72218],[-0.04489,51.72658],[-0.05023,51.7273],[-0.06111,51.73232],[-0.06358,51.73171],[-0.06472,51.73053],[-0.0747,51.73177],[-0.07731,51.72816],[-0.09206,51.73759],[-0.10331,51.73194],[-0.10526,51.73162],[-0.11109,51.72289],[-0.10524,51.72066],[-0.1036,51.71479],[-0.1016,51.71288],[-0.10266,51.70686],[-0.10215,51.70319],[-0.10814,51.69787],[-0.10642,51.69332],[-0.09962,51.69046],[-0.08852,51.69075],[-0.08761,51.68955],[-0.08535,51.68844],[-0.07746,51.68778],[-0.07099,51.68454],[-0.06709,51.68536],[-0.06078,51.6822],[-0.0609,51.68143],[-0.05575,51.67999],[-0.05441,51.6804],[-0.05416,51.68061],[-0.05569,51.68366],[-0.05399,51.68507],[-0.05288,51.68534],[-0.05098,51.69069],[-0.05311,51.69228],[-0.05011,51.69545],[-0.04915,51.69584],[-0.0476,51.69881],[-0.04639,51.69947],[-0.04688,51.70076],[-0.0493,51.70141],[-0.04862,51.70234],[-0.0497,51.70286],[-0.04871,51.70363],[-0.0492,51.70429],[-0.05136,51.70504],[-0.05001,51.70647],[-0.05056,51.70763]]]},"properties":{"code":"EN7","area":"EN","colorSlot":3}},{"type":"Feature","geometry":{"type":"Polygon","coordinates":[[[-0.05012,51.71015],[-0.04954,51.70939],[-0.05095,51.70824],[-0.0499,51.70691],[-0.0511,51.70517],[-0.05069,51.70458],[-0.0492,51.70429],[-0.04871,51.70363],[-0.04959,51.70305],[-0.04864,51.70253],[-0.04927,51.70169],[-0.04688,51.70076],[-0.04639,51.69947],[-0.0476,51.69881],[-0.04912,51.69597],[-0.05311,51.69228],[-0.05098,51.69069],[-0.05288,51.68534],[-0.05399,51.68507],[-0.05569,51.68366],[-0.05416,51.68063],[-0.05124,51.68119],[-0.05064,51.6803],[-0.04959,51.68073],[-0.04847,51.68023],[-0.04727,51.68043],[-0.04706,51.68119],[-0.04643,51.68118],[-0.04408,51.68027],[-0.04298,51.68084],[-0.04282,51.68165],[-0.04022,51.6817],[-0.03693,51.68089],[-0.03553,51.68108],[-0.03508,51.68047],[-0.03445,51.68079],[-0.03362,51.68],[-0.03255,51.67981],[-0.03197,51.67998],[-0.0311,51.68139],[-0.02962,51.68143],[-0.02348,51.67952],[-0.01732,51.67913],[-0.01372,51.68073],[-0.01413,51.68294],[-0.01508,51.68393],[-0.01393,51.68561],[-0.01503,51.68605],[-0.01611,51.68965],[-0.01866,51.69139],[-0.01875,51.69271],[-0.01821,51.69385],[-0.0085,51.69801],[-0.00918,51.70023],[-0.01426,51.70378],[-0.01478,51.70512],[-0.01323,51.71024],[-0.01319,51.71212],[-0.01152,51.71505],[-0.01724,51.71957],[-0.02236,51.7208],[-0.02426,51.72086],[-0.02448,51.72017],[-0.02579,51.71963],[-0.02566,51.71881],[-0.02723,51.71867],[-0.02831,51.71955],[-0.03126,51.72017],[-0.03376,51.71964],[-0.03514,51.72255],[-0.04398,51.72692],[-0.04489,51.72658],[-0.04707,51.72218],[-0.0437,51.71811],[-0.04506,51.71564],[-0.04909,51.71548],[-0.04944,51.71376],[-0.05096,51.71357],[-0.05145,51.71278],[-0.05234,51.71267],[-0.05219,51.71226],[-0.05065,51.71239],[-0.05044,51.71193],[-0.05098,51.71161],[-0.05052,51.71105],[-0.05141,51.71056],[-0.05012,51.71015]]]},"properties":{"code":"EN8","area":"EN","colorSlot":4}},{"type":"Feature","geometry":{"type":"Polygon","coordinates":[[[-0.01233,51.67586],[-0.00934,51.67376],[-0.00617,51.67232],[-0.00043,51.67195],[-0.00025,51.66841],[-0.00114,51.66697],[0.00061,51.66563],[0.00121,51.66551],[0.00344,51.66679],[0.01114,51.66799],[0.01319,51.66415],[0.02373,51.66596],[0.02879,51.66589],[0.03165,51.6697],[0.0346,51.66895],[0.04062,51.66858],[0.05026,51.67],[0.04983,51.67173],[0.05861,51.68089],[0.06468,51.6809],[0.06607,51.68954],[0.06289,51.69054],[0.06397,51.69444],[0.06331,51.69974],[0.067,51.70568],[0.06769,51.70613],[0.05527,51.71485],[0.05736,51.71952],[0.05401,51.72484],[0.05777,51.73206],[0.06441,51.73454],[0.06445,51.73855],[0.06845,51.74269],[0.06699,51.74549],[0.06364,51.7477],[0.05932,51.74766],[0.05768,51.7464],[0.05204,51.74486],[0.04262,51.74503],[0.04144,51.74624],[0.0359,51.74726],[0.02682,51.74658],[0.02471,51.74444],[0.01776,51.74541],[0.01588,51.74632],[0.01358,51.75043],[0.00992,51.74984],[0.0072,51.75064],[-0.00014,51.74833],[0.00547,51.74527],[0.00459,51.74122],[0.00302,51.74],[-0.00017,51.73898],[-0.00155,51.73416],[-0.00295,51.73299],[-0.00775,51.73152],[-0.00703,51.72817],[-0.00918,51.72474],[-0.00596,51.72011],[-0.00874,51.71647],[-0.01152,51.71505],[-0.01319,51.71212],[-0.01323,51.71024],[-0.01478,51.7054],[-0.01426,51.70378],[-0.00918,51.70023],[-0.0085,51.69801],[-0.01821,51.69385],[-0.01875,51.69271],[-0.01875,51.69146],[-0.01619,51.68972],[-0.0152,51.68628],[-0.01393,51.68561],[-0.01508,51.68393],[-0.01413,51.68294],[-0.01372,51.68073],[-0.01732,51.67913],[-0.01605,51.6766],[-0.01233,51.67586]]]},"properties":{"code":"EN9","area":"EN","colorSlot":0}},{"type":"Feature","geometry":{"type":"Polygon","coordinates":[[[-0.0041,51.74738],[-0.00894,51.74861],[-0.0101,51.74941],[-0.01197,51.75266],[-0.01299,51.75293],[-0.01493,51.75185],[-0.01558,51.75227],[-0.01665,51.75183],[-0.01922,51.75329],[-0.02068,51.75213],[-0.02396,51.75223],[-0.02652,51.75739],[-0.03174,51.75719],[-0.03374,51.75103],[-0.037,51.74973],[-0.04434,51.75263],[-0.04679,51.75025],[-0.05068,51.74956],[-0.06131,51.75525],[-0.06499,51.75325],[-0.07157,51.75253],[-0.07381,51.75097],[-0.07847,51.74988],[-0.08942,51.74546],[-0.09234,51.74376],[-0.09327,51.73946],[-0.09206,51.73759],[-0.07781,51.72828],[-0.07731,51.72816],[-0.0747,51.73177],[-0.06472,51.73053],[-0.06358,51.73171],[-0.06111,51.73232],[-0.05023,51.7273],[-0.04489,51.72658],[-0.044,51.72691],[-0.04191,51.7261],[-0.03514,51.72255],[-0.03376,51.71964],[-0.03126,51.72017],[-0.02831,51.71955],[-0.02723,51.71867],[-0.02566,51.71881],[-0.02579,51.71963],[-0.02448,51.72017],[-0.02426,51.72086],[-0.02236,51.7208],[-0.01731,51.7197],[-0.01152,51.71505],[-0.00874,51.71647],[-0.00596,51.72011],[-0.00918,51.72474],[-0.00703,51.72817],[-0.00775,51.73152],[-0.00295,51.73299],[-0.00155,51.73416],[-0.00043,51.73896],[0.00302,51.74],[0.00459,51.74122],[0.00547,51.74527],[-0.00014,51.74833],[-0.00193,51.74856],[-0.0041,51.74738]]]},"properties":{"code":"EN10","area":"EN","colorSlot":1}},{"type":"Feature","geometry":{"type":"Polygon","coordinates":[[[-0.00341,51.78069],[-0.00391,51.77951],[-0.00492,51.77938],[-0.00781,51.78042],[-0.0093,51.77911],[-0.01178,51.77979],[-0.0133,51.77827],[-0.01226,51.77759],[-0.01404,51.77712],[-0.01465,51.77765],[-0.01687,51.77735],[-0.0183,51.77816],[-0.02205,51.77832],[-0.02329,51.77592],[-0.02671,51.77409],[-0.02884,51.77427],[-0.03131,51.77586],[-0.03602,51.77647],[-0.03907,51.77548],[-0.04225,51.7711],[-0.0411,51.76883],[-0.04943,51.76512],[-0.05251,51.76485],[-0.05272,51.7572],[-0.06075,51.75569],[-0.06131,51.75525],[-0.05068,51.74956],[-0.04679,51.75025],[-0.04434,51.75263],[-0.037,51.74973],[-0.03374,51.75103],[-0.03174,51.75719],[-0.02652,51.75739],[-0.02396,51.75223],[-0.02068,51.75213],[-0.01922,51.75329],[-0.01694,51.7518],[-0.01558,51.75227],[-0.01493,51.75185],[-0.01299,51.75293],[-0.01197,51.75266],[-0.0101,51.74941],[-0.00894,51.74861],[-0.0041,51.74738],[-0.00193,51.74856],[-0.00014,51.74833],[0.0072,51.75064],[0.00992,51.74984],[0.01358,51.75043],[0.01468,51.75295],[0.01667,51.75593],[0.01737,51.75622],[0.01677,51.76069],[0.01442,51.76135],[0.01135,51.76367],[0.01198,51.766],[0.0143,51.76854],[0.01671,51.76975],[0.00696,51.77622],[0.00862,51.77812],[0.00396,51.77937],[-0.00116,51.78201],[-0.0032,51.78231],[-0.00341,51.78069]]]},"properties":{"code":"EN11","area":"EN","colorSlot":2}},{"type":"Feature","geometry":{"type":"Polygon","coordinates":[[[-0.3075,51.54058],[-0.30611,51.53959],[-0.30685,51.53793],[-0.30543,51.53755],[-0.30698,51.53705],[-0.30817,51.53727],[-0.30899,51.53554],[-0.31153,51.5351],[-0.31059,51.53416],[-0.31053,51.53343],[-0.30673,51.53266],[-0.30552,51.53072],[-0.30342,51.53131],[-0.29953,51.53396],[-0.29852,51.53369],[-0.29711,51.53406],[-0.29641,51.53524],[-0.29456,51.53426],[-0.29057,51.53585],[-0.28879,51.53533],[-0.28865,51.53625],[-0.28629,51.53681],[-0.28407,51.53908],[-0.28288,51.53912],[-0.28163,51.54004],[-0.28039,51.53985],[-0.27814,51.54043],[-0.27818,51.54178],[-0.27758,51.54274],[-0.2815,51.54533],[-0.28382,51.54547],[-0.28536,51.54646],[-0.2888,51.54689],[-0.28992,51.54814],[-0.2936,51.54967],[-0.29356,51.55009],[-0.29539,51.55113],[-0.29555,51.55171],[-0.29728,51.55243],[-0.29751,51.55347],[-0.29935,51.55463],[-0.29911,51.55584],[-0.30089,51.55718],[-0.30087,51.55799],[-0.30197,51.55841],[-0.30161,51.55892],[-0.30232,51.56036],[-0.30374,51.56174],[-0.30484,51.56206],[-0.30333,51.56329],[-0.30581,51.5633],[-0.30634,51.56434],[-0.30576,51.56451],[-0.30643,51.56537],[-0.30552,51.56582],[-0.30684,51.56681],[-0.30641,51.56728],[-0.30758,51.56879],[-0.30743,51.56944],[-0.3097,51.57173],[-0.31097,51.57203],[-0.31281,51.57331],[-0.31552,51.57233],[-0.31985,51.57208],[-0.32105,51.57131],[-0.32081,51.57035],[-0.3219,51.56887],[-0.32049,51.56795],[-0.32074,51.56737],[-0.32227,51.56707],[-0.32072,51.56639],[-0.32005,51.56539],[-0.3213,51.56475],[-0.31958,51.56409],[-0.32082,51.56228],[-0.32344,51.56365],[-0.3242,51.56346],[-0.3247,51.56214],[-0.32673,51.56258],[-0.33014,51.56162],[-0.33086,51.56215],[-0.33194,51.5608],[-0.332,51.55841],[-0.33424,51.55783],[-0.33469,51.55661],[-0.33344,51.55585],[-0.33231,51.55641],[-0.33125,51.55548],[-0.32975,51.556],[-0.3276,51.55544],[-0.32573,51.55461],[-0.32544,51.55406],[-0.32188,51.55396],[-0.32003,51.55223],[-0.31724,51.55208],[-0.31739,51.5514],[-0.3141,51.55026],[-0.31308,51.54939],[-0.31352,51.54912],[-0.31322,51.54817],[-0.31501,51.54614],[-0.31082,51.54589],[-0.30887,51.54519],[-0.3076,51.54313],[-0.30778,51.54272],[-0.30682,51.54172],[-0.30779,51.54111],[-0.3075,51.54058]]]},"properties":{"code":"HA0","area":"HA","colorSlot":3}},{"type":"Feature","geometry":{"type":"Polygon","coordinates":[[[-0.33734,51.59341],[-0.34174,51.59532],[-0.34399,51.59587],[-0.34553,51.59551],[-0.34533,51.59483],[-0.34598,51.59414],[-0.34628,51.59185],[-0.34768,51.59223],[-0.34979,51.59151],[-0.35099,51.59209],[-0.35156,51.59338],[-0.35355,51.59257],[-0.35233,51.59198],[-0.3523,51.59119],[-0.35099,51.5909],[-0.35113,51.59002],[-0.35053,51.58957],[-0.35172,51.5886],[-0.35102,51.58725],[-0.35247,51.58566],[-0.35328,51.58551],[-0.3543,51.58631],[-0.35538,51.5863],[-0.3578,51.58823],[-0.36038,51.58681],[-0.36024,51.58631],[-0.36138,51.5855],[-0.35988,51.58474],[-0.36017,51.5841],[-0.3591,51.5838],[-0.35853,51.58263],[-0.3565,51.58286],[-0.35554,51.58227],[-0.35349,51.58201],[-0.35524,51.58061],[-0.35537,51.57909],[-0.35654,51.57742],[-0.35667,51.57581],[-0.35574,51.57476],[-0.35405,51.57404],[-0.35017,51.57499],[-0.34946,51.57358],[-0.34522,51.57307],[-0.34311,51.57176],[-0.33997,51.57226],[-0.34048,51.57122],[-0.34012,51.57037],[-0.34053,51.57027],[-0.34078,51.56894],[-0.3407,51.56835],[-0.33965,51.5684],[-0.34182,51.56694],[-0.34299,51.56777],[-0.34414,51.56791],[-0.34539,51.56752],[-0.34549,51.56638],[-0.34922,51.56597],[-0.34963,51.56559],[-0.34873,51.56483],[-0.34803,51.56289],[-0.34979,51.56232],[-0.35063,51.56143],[-0.35055,51.5604],[-0.3461,51.56022],[-0.34428,51.55718],[-0.34179,51.55588],[-0.3409,51.55699],[-0.33814,51.55742],[-0.33764,51.55696],[-0.33483,51.55656],[-0.33424,51.55783],[-0.332,51.55841],[-0.33194,51.5608],[-0.33086,51.56215],[-0.33014,51.56162],[-0.32673,51.56258],[-0.3247,51.56214],[-0.3242,51.56346],[-0.32344,51.56365],[-0.32082,51.56228],[-0.32045,51.56337],[-0.31958,51.56409],[-0.32134,51.56446],[-0.32022,51.56528],[-0.32072,51.56639],[-0.32227,51.56707],[-0.32074,51.56737],[-0.32049,51.56795],[-0.3219,51.56887],[-0.32081,51.57035],[-0.32105,51.57131],[-0.31985,51.57208],[-0.31552,51.57233],[-0.31281,51.57331],[-0.31314,51.57541],[-0.31503,51.57653],[-0.31843,51.5772],[-0.32142,51.57703],[-0.32229,51.57794],[-0.32511,51.57847],[-0.32409,51.57939],[-0.32436,51.57998],[-0.32242,51.58026],[-0.32126,51.58213],[-0.32043,51.58234],[-0.32029,51.58318],[-0.32073,51.58382],[-0.3192,51.58602],[-0.31954,51.58707],[-0.3293,51.58948],[-0.3311,51.59048],[-0.33164,51.58994],[-0.33406,51.58981],[-0.3344,51.59025],[-0.3337,51.59063],[-0.33132,51.59061],[-0.33734,51.59341]]]},"properties":{"code":"HA1","area":"HA","colorSlot":1}},{"type":"Feature","geometry":{"type":"Polygon","coordinates":[[[-0.37028,51.57498],[-0.37804,51.57663],[-0.3807,51.57662],[-0.38189,51.57592],[-0.38211,51.57507],[-0.38166,51.57373],[-0.3843,51.57292],[-0.3843,51.5721],[-0.38617,51.57119],[-0.38695,51.56967],[-0.38636,51.56821],[-0.38371,51.56726],[-0.38373,51.56629],[-0.38195,51.56573],[-0.38187,51.5652],[-0.38294,51.56473],[-0.38167,51.56355],[-0.38226,51.56293],[-0.3816,51.5622],[-0.38097,51.56225],[-0.38048,51.56152],[-0.37955,51.56164],[-0.37944,51.56065],[-0.38053,51.56069],[-0.38131,51.56006],[-0.38083,51.55906],[-0.37827,51.55888],[-0.37989,51.55785],[-0.37778,51.55724],[-0.37909,51.55511],[-0.37667,51.55516],[-0.3747,51.55588],[-0.37272,51.55566],[-0.37107,51.55598],[-0.37067,51.55651],[-0.3688,51.55593],[-0.36677,51.55627],[-0.36628,51.55683],[-0.36461,51.55643],[-0.36011,51.55761],[-0.35771,51.55772],[-0.35614,51.55842],[-0.35328,51.55833],[-0.35202,51.55973],[-0.35055,51.5604],[-0.35036,51.56192],[-0.34803,51.56289],[-0.34963,51.56559],[-0.34922,51.56597],[-0.34549,51.56638],[-0.34539,51.56752],[-0.34414,51.56791],[-0.34299,51.56777],[-0.34182,51.56694],[-0.33966,51.56826],[-0.3407,51.56835],[-0.34088,51.5689],[-0.34035,51.5697],[-0.34053,51.57027],[-0.34012,51.57037],[-0.34048,51.57122],[-0.33981,51.57164],[-0.3402,51.57249],[-0.34075,51.57191],[-0.34287,51.57163],[-0.34522,51.57307],[-0.34946,51.57358],[-0.35015,51.57499],[-0.35405,51.57404],[-0.35572,51.57472],[-0.35667,51.57581],[-0.35654,51.57742],[-0.35545,51.57904],[-0.35524,51.58061],[-0.35331,51.58185],[-0.3565,51.58286],[-0.35853,51.58263],[-0.3591,51.5838],[-0.36005,51.58403],[-0.35988,51.58474],[-0.36138,51.5855],[-0.3602,51.58609],[-0.36038,51.58681],[-0.3578,51.58823],[-0.35538,51.5863],[-0.35247,51.58566],[-0.35102,51.58725],[-0.35146,51.58896],[-0.35053,51.5893],[-0.35113,51.59002],[-0.35099,51.5909],[-0.35223,51.59108],[-0.35233,51.59198],[-0.35355,51.59257],[-0.35158,51.59339],[-0.35099,51.59209],[-0.34979,51.59151],[-0.34874,51.59206],[-0.34768,51.59223],[-0.34656,51.59177],[-0.346,51.5922],[-0.34598,51.59414],[-0.34533,51.59483],[-0.34666,51.59723],[-0.34749,51.5977],[-0.34784,51.59887],[-0.35162,51.59995],[-0.35202,51.6006],[-0.35359,51.60071],[-0.35437,51.60105],[-0.35436,51.60159],[-0.35736,51.603],[-0.35849,51.60295],[-0.35942,51.60413],[-0.36283,51.60507],[-0.36329,51.60605],[-0.36708,51.60541],[-0.36849,51.60464],[-0.36897,51.60238],[-0.36349,51.60098],[-0.36444,51.5987],[-0.36323,51.59759],[-0.36005,51.59725],[-0.3588,51.59834],[-0.35782,51.598],[-0.35803,51.59633],[-0.35956,51.59648],[-0.35997,51.59694],[-0.36147,51.59584],[-0.36271,51.59579],[-0.36342,51.59477],[-0.36485,51.59482],[-0.36508,51.59348],[-0.36611,51.59246],[-0.36319,51.59232],[-0.36424,51.59127],[-0.36378,51.59042],[-0.36406,51.59013],[-0.36575,51.59029],[-0.36957,51.58965],[-0.36996,51.58887],[-0.37275,51.58845],[-0.3749,51.58704],[-0.37364,51.58619],[-0.37439,51.58554],[-0.37248,51.58447],[-0.3726,51.58385],[-0.37208,51.58361],[-0.37281,51.58178],[-0.37116,51.58098],[-0.37144,51.58059],[-0.3708,51.57975],[-0.37091,51.57891],[-0.37003,51.5782],[-0.37062,51.57802],[-0.37068,51.5774],[-0.37028,51.57498]]]},"properties":{"code":"HA2","area":"HA","colorSlot":3}},{"type":"Feature","geometry":{"type":"Polygon","coordinates":[[[-0.30098,51.57499],[-0.30007,51.57426],[-0.29791,51.57393],[-0.2979,51.5725],[-0.29368,51.57162],[-0.29356,51.5733],[-0.29238,51.57493],[-0.29371,51.57493],[-0.29393,51.57539],[-0.29354,51.5758],[-0.29225,51.57573],[-0.29221,51.57651],[-0.29036,51.57723],[-0.28951,51.57684],[-0.28593,51.57776],[-0.28401,51.57617],[-0.27752,51.57576],[-0.28057,51.57854],[-0.2808,51.5801],[-0.27981,51.5811],[-0.2823,51.58213],[-0.28216,51.58421],[-0.28315,51.58474],[-0.2829,51.58508],[-0.28374,51.58622],[-0.28407,51.58773],[-0.28362,51.58933],[-0.28538,51.58954],[-0.28468,51.59047],[-0.28721,51.59113],[-0.2889,51.59091],[-0.28927,51.592],[-0.29365,51.59399],[-0.29428,51.59459],[-0.29399,51.59513],[-0.2953,51.59512],[-0.29442,51.5958],[-0.2958,51.5964],[-0.29876,51.59597],[-0.29945,51.59541],[-0.3002,51.59583],[-0.30172,51.59529],[-0.30208,51.59468],[-0.30422,51.59535],[-0.30434,51.59477],[-0.306,51.59386],[-0.30783,51.59516],[-0.31013,51.59451],[-0.3118,51.59653],[-0.31317,51.59951],[-0.31459,51.59985],[-0.31449,51.6002],[-0.31612,51.60073],[-0.31602,51.60106],[-0.31775,51.60141],[-0.3181,51.60276],[-0.31989,51.60113],[-0.32116,51.60133],[-0.32157,51.60072],[-0.32214,51.60097],[-0.32334,51.60031],[-0.32412,51.60118],[-0.32565,51.60131],[-0.32464,51.60191],[-0.32496,51.60374],[-0.32748,51.60426],[-0.32727,51.60471],[-0.32617,51.60461],[-0.32822,51.60527],[-0.32778,51.60612],[-0.32918,51.60677],[-0.32813,51.6075],[-0.32922,51.60824],[-0.32841,51.60971],[-0.3297,51.60979],[-0.32999,51.61035],[-0.32906,51.61115],[-0.33064,51.6117],[-0.33071,51.61269],[-0.33266,51.61409],[-0.33368,51.61294],[-0.33531,51.61314],[-0.33855,51.61532],[-0.33835,51.61612],[-0.33933,51.61658],[-0.34055,51.61922],[-0.34035,51.62022],[-0.3422,51.62179],[-0.3454,51.62078],[-0.34717,51.62228],[-0.34493,51.62449],[-0.34613,51.62645],[-0.35874,51.62548],[-0.35855,51.62374],[-0.36079,51.62248],[-0.36281,51.61992],[-0.36253,51.61793],[-0.35868,51.61517],[-0.35304,51.61496],[-0.35296,51.61456],[-0.35521,51.61039],[-0.3602,51.60904],[-0.3612,51.60731],[-0.36329,51.60605],[-0.36283,51.60507],[-0.35942,51.60413],[-0.35849,51.60295],[-0.35736,51.603],[-0.35456,51.60176],[-0.35437,51.60105],[-0.35359,51.60071],[-0.35202,51.6006],[-0.35162,51.59995],[-0.34784,51.59887],[-0.34749,51.5977],[-0.34666,51.59723],[-0.34553,51.59551],[-0.34399,51.59587],[-0.34174,51.59532],[-0.3411,51.59464],[-0.3382,51.59394],[-0.33642,51.59318],[-0.33595,51.59248],[-0.33132,51.59061],[-0.33275,51.59034],[-0.33334,51.59072],[-0.33434,51.59034],[-0.33424,51.58989],[-0.33164,51.58994],[-0.33117,51.5905],[-0.32752,51.58897],[-0.32647,51.58909],[-0.32283,51.58764],[-0.31968,51.58709],[-0.3192,51.58602],[-0.32073,51.58382],[-0.32029,51.58318],[-0.32043,51.58234],[-0.32126,51.58213],[-0.32239,51.58027],[-0.32436,51.57998],[-0.32409,51.57939],[-0.32511,51.57847],[-0.32229,51.57794],[-0.32142,51.57703],[-0.31843,51.5772],[-0.31551,51.57654],[-0.3135,51.57778],[-0.30991,51.57724],[-0.30967,51.57678],[-0.30687,51.57573],[-0.30558,51.57586],[-0.30461,51.57453],[-0.30098,51.57499]]]},"properties":{"code":"HA3","area":"HA","colorSlot":2}},{"type":"Feature","geometry":{"type":"Polygon","coordinates":[[[-0.38426,51.55453],[-0.38216,51.5544],[-0.38137,51.55498],[-0.37928,51.55508],[-0.37758,51.55714],[-0.37989,51.55785],[-0.3784,51.55869],[-0.37878,51.55905],[-0.38083,51.55906],[-0.38131,51.56006],[-0.38053,51.56069],[-0.37944,51.56065],[-0.37955,51.56164],[-0.38048,51.56152],[-0.38226,51.56293],[-0.38161,51.56334],[-0.38294,51.56473],[-0.38211,51.56507],[-0.38195,51.56573],[-0.38373,51.56629],[-0.38371,51.56726],[-0.38662,51.56858],[-0.38695,51.56967],[-0.38617,51.57119],[-0.38439,51.57189],[-0.3843,51.57292],[-0.38593,51.57339],[-0.38792,51.57553],[-0.38747,51.57673],[-0.38985,51.57747],[-0.39117,51.57695],[-0.39381,51.57717],[-0.39558,51.57676],[-0.39566,51.57636],[-0.39925,51.57633],[-0.40151,51.57991],[-0.40031,51.58054],[-0.40173,51.58184],[-0.40268,51.58201],[-0.40298,51.58317],[-0.40633,51.58346],[-0.40808,51.58278],[-0.40994,51.58353],[-0.41084,51.58327],[-0.41625,51.58782],[-0.41879,51.58869],[-0.42427,51.58933],[-0.42907,51.59685],[-0.4303,51.59732],[-0.4357,51.59647],[-0.4433,51.59213],[-0.44473,51.59177],[-0.44578,51.58342],[-0.44922,51.58187],[-0.44701,51.58051],[-0.4457,51.57878],[-0.44284,51.57729],[-0.44226,51.5764],[-0.4433,51.5742],[-0.43996,51.57262],[-0.43851,51.57127],[-0.43883,51.56946],[-0.43812,51.56854],[-0.43651,51.56915],[-0.43357,51.56875],[-0.43202,51.56799],[-0.42919,51.56549],[-0.43018,51.56349],[-0.42827,51.56005],[-0.42696,51.55258],[-0.42552,51.55255],[-0.41109,51.5449],[-0.40903,51.54618],[-0.40221,51.54784],[-0.40004,51.54776],[-0.39582,51.54933],[-0.39447,51.54953],[-0.39245,51.54894],[-0.38889,51.55134],[-0.38631,51.55164],[-0.38426,51.55453]]]},"properties":{"code":"HA4","area":"HA","colorSlot":0}},{"type":"Feature","geometry":{"type":"Polygon","coordinates":[[[-0.38189,51.57592],[-0.3807,51.57662],[-0.37821,51.57677],[-0.37029,51.57497],[-0.37062,51.57802],[-0.37008,51.57812],[-0.37141,51.58048],[-0.37116,51.58098],[-0.37163,51.58154],[-0.3728,51.58176],[-0.37208,51.58361],[-0.37258,51.58384],[-0.37248,51.58447],[-0.37439,51.58553],[-0.37364,51.58619],[-0.3749,51.58704],[-0.37275,51.58845],[-0.36996,51.58887],[-0.36957,51.58965],[-0.36575,51.59029],[-0.36406,51.59013],[-0.36401,51.59115],[-0.36319,51.59232],[-0.36611,51.59246],[-0.36508,51.59348],[-0.36485,51.59482],[-0.36342,51.59477],[-0.36271,51.59579],[-0.36156,51.59574],[-0.35997,51.59694],[-0.35956,51.59648],[-0.35803,51.59633],[-0.35782,51.598],[-0.3588,51.59834],[-0.36005,51.59725],[-0.36323,51.59759],[-0.36444,51.5987],[-0.36349,51.60098],[-0.36897,51.60238],[-0.36849,51.60464],[-0.36708,51.60541],[-0.36329,51.60605],[-0.3612,51.60731],[-0.3602,51.60904],[-0.35521,51.61039],[-0.35296,51.61456],[-0.35304,51.61496],[-0.35868,51.61517],[-0.36253,51.61793],[-0.36281,51.61992],[-0.36079,51.62248],[-0.35855,51.62374],[-0.35874,51.62548],[-0.36198,51.62887],[-0.37062,51.62479],[-0.36833,51.62119],[-0.37194,51.61976],[-0.37286,51.6184],[-0.37771,51.61783],[-0.38015,51.61673],[-0.38311,51.6136],[-0.38631,51.61452],[-0.38922,51.61402],[-0.39402,51.61219],[-0.40079,51.61539],[-0.40353,51.61419],[-0.40485,51.6132],[-0.40361,51.61133],[-0.40376,51.61076],[-0.40521,51.60947],[-0.40499,51.60897],[-0.40287,51.60829],[-0.40111,51.6061],[-0.40256,51.60513],[-0.40378,51.60534],[-0.40412,51.60437],[-0.4049,51.60426],[-0.40488,51.60304],[-0.40565,51.60267],[-0.40391,51.60194],[-0.40373,51.60147],[-0.40247,51.60149],[-0.40199,51.60049],[-0.40523,51.60062],[-0.40636,51.59934],[-0.40971,51.59938],[-0.41046,51.59898],[-0.40873,51.59778],[-0.41136,51.59592],[-0.4119,51.59484],[-0.4138,51.59556],[-0.41484,51.59487],[-0.42324,51.59766],[-0.42907,51.59685],[-0.42427,51.58933],[-0.41879,51.58869],[-0.41625,51.58782],[-0.41084,51.58327],[-0.40994,51.58353],[-0.40808,51.58278],[-0.40633,51.58346],[-0.40325,51.58322],[-0.40271,51.58286],[-0.40268,51.58201],[-0.40173,51.58184],[-0.40031,51.58054],[-0.4015,51.57993],[-0.39935,51.57651],[-0.39566,51.57636],[-0.39558,51.57676],[-0.39381,51.57717],[-0.39117,51.57695],[-0.38985,51.57747],[-0.3885,51.57716],[-0.38723,51.57653],[-0.38792,51.57553],[-0.38593,51.57339],[-0.3843,51.57292],[-0.38166,51.57373],[-0.38211,51.57507],[-0.38189,51.57592]]]},"properties":{"code":"HA5","area":"HA","colorSlot":1}},{"type":"Feature","geometry":{"type":"Polygon","coordinates":[[[-0.40521,51.60947],[-0.40367,51.61058],[-0.40361,51.61133],[-0.40485,51.6132],[-0.40079,51.61539],[-0.40083,51.61633],[-0.40192,51.61742],[-0.40201,51.61976],[-0.4016,51.62059],[-0.40296,51.62311],[-0.40446,51.62417],[-0.40637,51.62401],[-0.41342,51.62672],[-0.41617,51.62943],[-0.4125,51.63132],[-0.41494,51.63264],[-0.41862,51.6327],[-0.42007,51.63711],[-0.42167,51.63706],[-0.42754,51.63523],[-0.43028,51.63563],[-0.43194,51.63415],[-0.43322,51.63197],[-0.43667,51.63135],[-0.43652,51.63281],[-0.43812,51.6334],[-0.43953,51.63128],[-0.44378,51.62956],[-0.4438,51.62844],[-0.44101,51.62638],[-0.44073,51.62566],[-0.44285,51.6233],[-0.4435,51.62126],[-0.44278,51.62005],[-0.44514,51.61872],[-0.4472,51.61834],[-0.4517,51.61891],[-0.44813,51.61535],[-0.44756,51.61179],[-0.44791,51.61115],[-0.45081,51.61053],[-0.45553,51.60667],[-0.46008,51.60377],[-0.46193,51.60084],[-0.46186,51.5996],[-0.45876,51.59425],[-0.45336,51.59442],[-0.44473,51.59177],[-0.4433,51.59213],[-0.43579,51.59647],[-0.4303,51.59732],[-0.42907,51.59685],[-0.42324,51.59766],[-0.4187,51.59641],[-0.41506,51.59483],[-0.4138,51.59556],[-0.4119,51.59484],[-0.41136,51.59592],[-0.40873,51.59778],[-0.41046,51.59898],[-0.40971,51.59938],[-0.40644,51.59937],[-0.40523,51.60062],[-0.40199,51.60049],[-0.40247,51.60149],[-0.40373,51.60147],[-0.40391,51.60194],[-0.40555,51.60249],[-0.40488,51.60304],[-0.4049,51.60426],[-0.40412,51.60437],[-0.40378,51.60534],[-0.40274,51.60515],[-0.4012,51.60568],[-0.40111,51.6061],[-0.40224,51.60699],[-0.40287,51.60829],[-0.40499,51.60897],[-0.40521,51.60947]]]},"properties":{"code":"HA6","area":"HA","colorSlot":2}},{"type":"Feature","geometry":{"type":"Polygon","coordinates":[[[-0.2901,51.59602],[-0.29007,51.59697],[-0.29157,51.59746],[-0.29145,51.59974],[-0.29219,51.60077],[-0.29123,51.60159],[-0.29123,51.60281],[-0.29189,51.60354],[-0.2915,51.60412],[-0.29243,51.60564],[-0.294,51.60633],[-0.29564,51.60616],[-0.29714,51.6069],[-0.30034,51.60703],[-0.30154,51.6083],[-0.30114,51.60964],[-0.30144,51.61011],[-0.30363,51.61106],[-0.30212,51.61306],[-0.29834,51.61314],[-0.29713,51.61357],[-0.29719,51.61421],[-0.29397,51.6158],[-0.29205,51.61602],[-0.29249,51.61792],[-0.29001,51.61818],[-0.28934,51.61881],[-0.29049,51.61875],[-0.29078,51.61967],[-0.29168,51.61967],[-0.2923,51.62049],[-0.29448,51.6209],[-0.29425,51.62162],[-0.29287,51.622],[-0.29243,51.62284],[-0.29109,51.62332],[-0.28966,51.62505],[-0.29384,51.62528],[-0.2951,51.62494],[-0.29583,51.62587],[-0.29784,51.62605],[-0.29905,51.6289],[-0.30344,51.62905],[-0.30313,51.63131],[-0.30165,51.6332],[-0.29894,51.63517],[-0.30626,51.63609],[-0.30901,51.63779],[-0.31236,51.63778],[-0.31756,51.63585],[-0.32098,51.63715],[-0.32442,51.63596],[-0.32791,51.63263],[-0.33042,51.63298],[-0.33306,51.63246],[-0.33409,51.63127],[-0.33571,51.63158],[-0.33624,51.63082],[-0.33792,51.63058],[-0.33731,51.63017],[-0.33762,51.62954],[-0.34478,51.62765],[-0.34613,51.62645],[-0.34493,51.62449],[-0.34717,51.62228],[-0.3454,51.62078],[-0.3422,51.62179],[-0.34035,51.62022],[-0.34055,51.61922],[-0.33933,51.61658],[-0.33835,51.61612],[-0.33855,51.61532],[-0.33531,51.61314],[-0.33368,51.61294],[-0.33266,51.61409],[-0.33071,51.61269],[-0.33064,51.6117],[-0.3291,51.61124],[-0.32999,51.61041],[-0.3297,51.60979],[-0.32841,51.60971],[-0.32926,51.60829],[-0.32807,51.60772],[-0.32927,51.60697],[-0.32778,51.60612],[-0.3282,51.60542],[-0.32619,51.60485],[-0.3275,51.60434],[-0.32496,51.60374],[-0.32464,51.60191],[-0.32551,51.60146],[-0.32412,51.60118],[-0.32334,51.60031],[-0.3224,51.60091],[-0.32157,51.60072],[-0.32055,51.60147],[-0.31989,51.60113],[-0.31817,51.60277],[-0.31737,51.6019],[-0.31784,51.60149],[-0.31602,51.60106],[-0.31612,51.60073],[-0.31449,51.6002],[-0.31459,51.59985],[-0.31317,51.59951],[-0.3118,51.59653],[-0.31013,51.59451],[-0.30783,51.59516],[-0.306,51.59386],[-0.30434,51.59477],[-0.30422,51.59535],[-0.30208,51.59468],[-0.30172,51.59529],[-0.3002,51.59583],[-0.29945,51.59541],[-0.29876,51.59597],[-0.29594,51.59639],[-0.29448,51.59585],[-0.2953,51.59512],[-0.29404,51.59521],[-0.29423,51.59478],[-0.29365,51.59399],[-0.28927,51.592],[-0.2889,51.59091],[-0.28565,51.59093],[-0.28543,51.59132],[-0.28599,51.59242],[-0.28517,51.59299],[-0.28544,51.59394],[-0.2901,51.59602]]]},"properties":{"code":"HA7","area":"HA","colorSlot":3}},{"type":"Feature","geometry":{"type":"Polygon","coordinates":[[[-0.25116,51.60966],[-0.25078,51.60982],[-0.25113,51.61078],[-0.25072,51.61169],[-0.25235,51.61233],[-0.25414,51.61209],[-0.25786,51.61269],[-0.25938,51.61179],[-0.26109,51.61242],[-0.26276,51.61189],[-0.2647,51.61221],[-0.26456,51.61366],[-0.26146,51.61334],[-0.26069,51.61534],[-0.25904,51.61605],[-0.25985,51.61635],[-0.25962,51.61671],[-0.26069,51.61797],[-0.25949,51.618],[-0.25922,51.61857],[-0.25981,51.61927],[-0.2575,51.61919],[-0.25679,51.62123],[-0.25665,51.62179],[-0.2588,51.62256],[-0.25893,51.62386],[-0.26066,51.62407],[-0.26128,51.62482],[-0.26105,51.62544],[-0.26202,51.62642],[-0.26094,51.62842],[-0.26094,51.62928],[-0.25936,51.63157],[-0.26443,51.63104],[-0.26723,51.63183],[-0.27355,51.63569],[-0.27285,51.63831],[-0.27587,51.63916],[-0.27945,51.63927],[-0.28249,51.63875],[-0.29289,51.63435],[-0.29619,51.6359],[-0.29894,51.63517],[-0.30165,51.6332],[-0.30313,51.63131],[-0.30344,51.62905],[-0.29905,51.6289],[-0.29784,51.62617],[-0.29583,51.62587],[-0.2951,51.62494],[-0.29384,51.62528],[-0.28966,51.62505],[-0.29085,51.62344],[-0.29243,51.62284],[-0.29287,51.622],[-0.29425,51.62162],[-0.29448,51.6209],[-0.29236,51.62065],[-0.29168,51.61967],[-0.29098,51.61978],[-0.29061,51.61881],[-0.28934,51.61881],[-0.29001,51.61818],[-0.29249,51.61792],[-0.29205,51.61602],[-0.29397,51.6158],[-0.29719,51.61421],[-0.29713,51.61357],[-0.29824,51.6132],[-0.30212,51.61306],[-0.30363,51.61106],[-0.30144,51.61011],[-0.30114,51.60964],[-0.30154,51.6083],[-0.30034,51.60703],[-0.29714,51.6069],[-0.29564,51.60616],[-0.29427,51.60634],[-0.29243,51.60564],[-0.2915,51.60412],[-0.29189,51.60354],[-0.29123,51.60281],[-0.29123,51.60159],[-0.29219,51.60077],[-0.29145,51.59974],[-0.29157,51.59746],[-0.29007,51.59697],[-0.2901,51.59602],[-0.28912,51.59539],[-0.28544,51.59394],[-0.28524,51.59311],[-0.28424,51.59299],[-0.28166,51.5943],[-0.27923,51.59413],[-0.27803,51.59497],[-0.27659,51.59427],[-0.27588,51.59514],[-0.2747,51.59481],[-0.27317,51.5952],[-0.27159,51.59454],[-0.27045,51.59545],[-0.26663,51.59548],[-0.26397,51.59658],[-0.26369,51.59755],[-0.2629,51.59797],[-0.26091,51.59819],[-0.26124,51.59945],[-0.25947,51.59869],[-0.2572,51.59884],[-0.25752,51.59981],[-0.25564,51.6022],[-0.25467,51.60252],[-0.25527,51.60362],[-0.25304,51.60437],[-0.25321,51.60501],[-0.2506,51.60526],[-0.24945,51.6063],[-0.24759,51.60697],[-0.24801,51.60728],[-0.24774,51.60876],[-0.24909,51.60857],[-0.24994,51.609],[-0.25097,51.60857],[-0.25167,51.60881],[-0.25116,51.60966]]]},"properties":{"code":"HA8","area":"HA","colorSlot":2}},{"type":"Feature","geometry":{"type":"Polygon","coordinates":[[[-0.26613,51.55936],[-0.26591,51.5604],[-0.26088,51.56289],[-0.26327,51.56403],[-0.26383,51.56502],[-0.26541,51.56554],[-0.26594,51.56644],[-0.2682,51.56624],[-0.26749,51.56715],[-0.26909,51.56775],[-0.26915,51.56823],[-0.27122,51.56829],[-0.27176,51.56912],[-0.27094,51.56991],[-0.2724,51.57054],[-0.27206,51.57238],[-0.27281,51.57385],[-0.27574,51.5757],[-0.28394,51.57616],[-0.28593,51.57776],[-0.28951,51.57684],[-0.29036,51.57723],[-0.29221,51.57651],[-0.29225,51.57573],[-0.29354,51.5758],[-0.29392,51.57541],[-0.29371,51.57493],[-0.29238,51.57493],[-0.29356,51.5733],[-0.29368,51.57162],[-0.2979,51.5725],[-0.29791,51.57393],[-0.29997,51.57421],[-0.30089,51.57495],[-0.30461,51.57453],[-0.3055,51.57579],[-0.30687,51.57573],[-0.30967,51.57678],[-0.30991,51.57724],[-0.3135,51.57778],[-0.31503,51.57653],[-0.31314,51.57541],[-0.31281,51.57331],[-0.31097,51.57203],[-0.3097,51.57173],[-0.30883,51.57025],[-0.30743,51.56944],[-0.30758,51.56879],[-0.30641,51.56728],[-0.30684,51.56681],[-0.30548,51.566],[-0.3063,51.56557],[-0.30576,51.56451],[-0.30634,51.56434],[-0.30525,51.56309],[-0.30343,51.5634],[-0.30332,51.56294],[-0.30483,51.5621],[-0.30374,51.56174],[-0.30232,51.56036],[-0.30161,51.55892],[-0.30197,51.55841],[-0.30087,51.55799],[-0.30089,51.55718],[-0.29911,51.55586],[-0.29943,51.55466],[-0.29751,51.55347],[-0.29741,51.55257],[-0.29429,51.55087],[-0.2936,51.54967],[-0.29007,51.54813],[-0.28912,51.54861],[-0.28533,51.54738],[-0.2825,51.54785],[-0.28128,51.54661],[-0.28139,51.54549],[-0.27978,51.54433],[-0.27478,51.54462],[-0.27381,51.54369],[-0.27054,51.54664],[-0.27035,51.54803],[-0.26877,51.54919],[-0.26866,51.55121],[-0.26742,51.55181],[-0.26569,51.55416],[-0.26736,51.55578],[-0.26684,51.55847],[-0.26597,51.55903],[-0.26613,51.55936]]]},"properties":{"code":"HA9","area":"HA","colorSlot":4}},{"type":"Feature","geometry":{"type":"Polygon","coordinates":[[[0.08999,51.56381],[0.09114,51.5648],[0.09092,51.5663],[0.09153,51.56686],[0.0911,51.56742],[0.08969,51.56767],[0.08917,51.56686],[0.08818,51.56671],[0.08649,51.56764],[0.08404,51.56709],[0.08136,51.5686],[0.0805,51.56863],[0.07948,51.56929],[0.07952,51.56972],[0.078,51.57029],[0.07812,51.57089],[0.07525,51.57109],[0.07134,51.57043],[0.06894,51.57257],[0.0653,51.57218],[0.0647,51.57314],[0.06547,51.57352],[0.06372,51.57379],[0.0624,51.57526],[0.06249,51.5762],[0.06098,51.57598],[0.06009,51.57653],[0.05786,51.5755],[0.05574,51.57615],[0.05424,51.57561],[0.05256,51.57658],[0.05129,51.57582],[0.05176,51.57499],[0.05038,51.57462],[0.04947,51.57517],[0.04824,51.57454],[0.04698,51.57502],[0.04551,51.57476],[0.04528,51.57541],[0.04218,51.5771],[0.04148,51.57505],[0.03975,51.5741],[0.04266,51.57108],[0.04462,51.57092],[0.04663,51.56969],[0.04787,51.56677],[0.04948,51.56475],[0.05093,51.56402],[0.05267,51.5623],[0.05342,51.55877],[0.06236,51.55783],[0.06644,51.55556],[0.06783,51.55052],[0.06702,51.5489],[0.06835,51.54712],[0.06855,51.546],[0.06657,51.54373],[0.07083,51.54343],[0.07435,51.54374],[0.07689,51.54523],[0.07763,51.54472],[0.07698,51.54415],[0.07785,51.54389],[0.07987,51.54473],[0.08512,51.54459],[0.08815,51.54583],[0.08958,51.54756],[0.08938,51.54807],[0.09149,51.54924],[0.08993,51.55122],[0.09065,51.55194],[0.09244,51.55194],[0.09314,51.55256],[0.09334,51.55408],[0.09535,51.55398],[0.09487,51.55482],[0.0915,51.55648],[0.09275,51.55774],[0.09262,51.55865],[0.09457,51.55939],[0.09421,51.55997],[0.09123,51.5606],[0.09116,51.56133],[0.09201,51.56199],[0.09196,51.56291],[0.08999,51.56381]]]},"properties":{"code":"IG1","area":"IG","colorSlot":0}},{"type":"Feature","geometry":{"type":"Polygon","coordinates":[[[0.0725,51.57088],[0.07812,51.57089],[0.078,51.57029],[0.07847,51.56996],[0.07952,51.56972],[0.07948,51.56929],[0.0805,51.56863],[0.08284,51.56795],[0.08375,51.5671],[0.08634,51.5676],[0.08818,51.56671],[0.08917,51.56686],[0.08969,51.56767],[0.0911,51.56742],[0.09153,51.56686],[0.09092,51.5663],[0.09123,51.56593],[0.09231,51.566],[0.09329,51.56655],[0.09288,51.56743],[0.09409,51.56767],[0.09363,51.56814],[0.09456,51.56942],[0.09415,51.56984],[0.0954,51.57129],[0.09449,51.57196],[0.09533,51.57253],[0.09568,51.5733],[0.09538,51.57442],[0.09608,51.57503],[0.09513,51.57539],[0.09521,51.57591],[0.09736,51.57621],[0.09848,51.57726],[0.09935,51.57723],[0.09998,51.57823],[0.10089,51.5779],[0.10251,51.57826],[0.10605,51.5773],[0.10676,51.57848],[0.10889,51.57986],[0.10925,51.58075],[0.11248,51.58288],[0.11121,51.5861],[0.11538,51.59008],[0.10884,51.59381],[0.10189,51.59387],[0.09968,51.59342],[0.09755,51.59252],[0.09505,51.59069],[0.09695,51.58805],[0.09697,51.58641],[0.09265,51.5839],[0.09098,51.58356],[0.0901,51.58186],[0.08679,51.58198],[0.08624,51.58098],[0.08666,51.58036],[0.0839,51.57978],[0.08443,51.57936],[0.08342,51.57874],[0.0845,51.57799],[0.08251,51.57696],[0.0806,51.57779],[0.08021,51.5785],[0.07947,51.57836],[0.07862,51.57896],[0.0791,51.57948],[0.07778,51.57969],[0.07711,51.57887],[0.07591,51.5798],[0.07586,51.58046],[0.07372,51.58081],[0.07274,51.58279],[0.07174,51.58268],[0.07163,51.58193],[0.07075,51.58146],[0.07008,51.58235],[0.07127,51.58289],[0.07116,51.58356],[0.07172,51.58403],[0.06861,51.58583],[0.06703,51.58566],[0.06662,51.5852],[0.0675,51.58437],[0.06911,51.58451],[0.06921,51.58268],[0.068,51.58285],[0.06655,51.58171],[0.06283,51.58024],[0.05938,51.58222],[0.05845,51.58177],[0.05857,51.58039],[0.06079,51.57984],[0.06087,51.57933],[0.05979,51.57878],[0.06079,51.57811],[0.06012,51.57742],[0.06098,51.57679],[0.06063,51.57654],[0.06098,51.57598],[0.06245,51.57621],[0.0624,51.57526],[0.06372,51.57379],[0.06547,51.57352],[0.0647,51.57314],[0.06481,51.57255],[0.06894,51.57257],[0.07134,51.57043],[0.0725,51.57088]]]},"properties":{"code":"IG2","area":"IG","colorSlot":2}},{"type":"Feature","geometry":{"type":"Polygon","coordinates":[[[0.09568,51.5733],[0.09447,51.57211],[0.0954,51.57129],[0.09415,51.56984],[0.09456,51.56942],[0.09363,51.56814],[0.09409,51.56767],[0.09288,51.56743],[0.09329,51.56655],[0.09123,51.56593],[0.08999,51.56381],[0.09196,51.56291],[0.09201,51.56199],[0.09116,51.56133],[0.09123,51.5606],[0.09421,51.55997],[0.09457,51.55939],[0.09262,51.55865],[0.09275,51.55774],[0.0915,51.55648],[0.09487,51.55482],[0.09535,51.55398],[0.09334,51.55408],[0.09244,51.55194],[0.09065,51.55194],[0.08993,51.55122],[0.09149,51.54924],[0.09332,51.54804],[0.09517,51.54761],[0.09857,51.54821],[0.09864,51.54902],[0.10415,51.55084],[0.10538,51.55085],[0.10503,51.55154],[0.10623,51.55167],[0.10673,51.55259],[0.10799,51.55155],[0.10889,51.55154],[0.1095,51.55308],[0.11156,51.55511],[0.11146,51.55569],[0.11307,51.55675],[0.11424,51.55827],[0.11618,51.5586],[0.11829,51.5623],[0.11948,51.56321],[0.11905,51.56441],[0.11991,51.56494],[0.12049,51.56608],[0.11635,51.56692],[0.11411,51.56694],[0.11374,51.5663],[0.11171,51.56585],[0.11131,51.56628],[0.11152,51.56722],[0.11082,51.56812],[0.11265,51.56928],[0.11182,51.57036],[0.11245,51.57152],[0.11321,51.57176],[0.11243,51.57258],[0.11363,51.57384],[0.11298,51.57446],[0.11314,51.57499],[0.11581,51.5789],[0.11738,51.5793],[0.11552,51.58013],[0.11651,51.58063],[0.11248,51.58288],[0.10925,51.58075],[0.10889,51.57986],[0.10676,51.57848],[0.10607,51.57733],[0.10251,51.57826],[0.10089,51.5779],[0.09998,51.57823],[0.09935,51.57723],[0.09848,51.57726],[0.09736,51.57621],[0.09558,51.57614],[0.09513,51.57539],[0.09607,51.57504],[0.0954,51.57443],[0.09568,51.5733]]]},"properties":{"code":"IG3","area":"IG","colorSlot":4}},{"type":"Feature","geometry":{"type":"Polygon","coordinates":[[[0.04947,51.57517],[0.05038,51.57462],[0.05176,51.57499],[0.05129,51.57582],[0.05246,51.5766],[0.05424,51.57561],[0.05574,51.57615],[0.05786,51.5755],[0.0586,51.57616],[0.06098,51.57679],[0.06012,51.57742],[0.06083,51.57801],[0.05979,51.57878],[0.06087,51.57933],[0.06079,51.57984],[0.05857,51.58039],[0.05845,51.58177],[0.05735,51.58237],[0.05886,51.58301],[0.05866,51.58438],[0.05551,51.58476],[0.05528,51.58503],[0.056,51.58567],[0.05407,51.58566],[0.0517,51.58719],[0.049,51.5879],[0.04844,51.58981],[0.04753,51.59077],[0.04663,51.59027],[0.04725,51.58988],[0.04448,51.58797],[0.04265,51.58872],[0.03916,51.58874],[0.03936,51.58667],[0.03992,51.5861],[0.03998,51.58463],[0.03945,51.5838],[0.04012,51.58093],[0.03989,51.57845],[0.04036,51.57779],[0.03864,51.57479],[0.03975,51.5741],[0.04148,51.57505],[0.04208,51.57712],[0.04506,51.57558],[0.04551,51.57476],[0.04947,51.57517]]]},"properties":{"code":"IG4","area":"IG","colorSlot":3}},{"type":"Feature","geometry":{"type":"Polygon","coordinates":[[[0.07577,51.59594],[0.07629,51.59716],[0.07575,51.59808],[0.07361,51.59881],[0.07222,51.60021],[0.06004,51.60022],[0.05548,51.59813],[0.05394,51.59663],[0.05109,51.59584],[0.05203,51.59465],[0.05006,51.59412],[0.05041,51.5933],[0.04973,51.59279],[0.04784,51.59246],[0.0483,51.59188],[0.04743,51.59091],[0.04844,51.58981],[0.04847,51.58834],[0.0489,51.58804],[0.0517,51.58719],[0.05407,51.58566],[0.05592,51.58579],[0.05528,51.58503],[0.05551,51.58476],[0.05881,51.58457],[0.05886,51.58301],[0.05742,51.58251],[0.05804,51.5818],[0.05938,51.58222],[0.06283,51.58024],[0.06428,51.58115],[0.06655,51.58171],[0.068,51.58285],[0.06921,51.58268],[0.06911,51.58451],[0.0675,51.58437],[0.06662,51.5852],[0.06703,51.58566],[0.06861,51.58583],[0.06872,51.58623],[0.07058,51.58681],[0.07137,51.58607],[0.07273,51.58715],[0.07127,51.58794],[0.07127,51.58846],[0.07517,51.58885],[0.07505,51.58962],[0.07422,51.59006],[0.0708,51.58931],[0.07138,51.59075],[0.07256,51.59055],[0.07328,51.5912],[0.07636,51.5913],[0.07412,51.59224],[0.07477,51.59469],[0.07527,51.59519],[0.07624,51.59516],[0.07577,51.59594]]]},"properties":{"code":"IG5","area":"IG","colorSlot":0}},{"type":"Feature","geometry":{"type":"Polygon","coordinates":[[[0.08342,51.57874],[0.08405,51.57882],[0.08443,51.57936],[0.08383,51.5797],[0.08441,51.58005],[0.08523,51.57978],[0.08666,51.58036],[0.08624,51.58098],[0.08679,51.58198],[0.0901,51.58186],[0.09098,51.58356],[0.09265,51.5839],[0.09676,51.58622],[0.09695,51.58805],[0.09506,51.59056],[0.09755,51.59252],[0.10189,51.59387],[0.10884,51.59381],[0.11062,51.59819],[0.11668,51.60027],[0.12416,51.59997],[0.1274,51.5993],[0.12772,51.60357],[0.12854,51.60646],[0.13029,51.6081],[0.12612,51.61078],[0.1272,51.61482],[0.12844,51.61606],[0.12797,51.61695],[0.12569,51.61692],[0.11862,51.61214],[0.11562,51.61248],[0.11497,51.61173],[0.11593,51.61132],[0.11515,51.61076],[0.1155,51.61025],[0.11456,51.60937],[0.1139,51.60975],[0.11195,51.609],[0.11171,51.608],[0.11089,51.60761],[0.10816,51.60779],[0.10756,51.60682],[0.10581,51.60766],[0.10499,51.60736],[0.10226,51.60806],[0.10143,51.60925],[0.1003,51.60828],[0.09822,51.60883],[0.09728,51.6082],[0.09405,51.60979],[0.09335,51.60936],[0.09353,51.60819],[0.093,51.6071],[0.09327,51.60572],[0.09104,51.60555],[0.0905,51.60492],[0.08894,51.60484],[0.08847,51.60431],[0.08612,51.60488],[0.08602,51.6058],[0.08476,51.60594],[0.08342,51.60692],[0.08238,51.60674],[0.079,51.60751],[0.07704,51.60698],[0.07641,51.60609],[0.075,51.60609],[0.07479,51.60524],[0.07326,51.60471],[0.07171,51.60323],[0.07254,51.60088],[0.07222,51.60021],[0.07361,51.59881],[0.07575,51.59808],[0.07629,51.59716],[0.07577,51.59594],[0.07624,51.59516],[0.07468,51.5949],[0.07412,51.59224],[0.07636,51.5913],[0.07328,51.5912],[0.07256,51.59055],[0.07158,51.59086],[0.0708,51.58931],[0.07422,51.59006],[0.07505,51.58962],[0.07517,51.58885],[0.07127,51.58846],[0.07127,51.58794],[0.07273,51.58715],[0.07262,51.58681],[0.07152,51.5861],[0.07058,51.58681],[0.06977,51.58672],[0.06861,51.58583],[0.07172,51.58403],[0.07121,51.58299],[0.07008,51.58235],[0.07075,51.58146],[0.07163,51.58193],[0.07174,51.58268],[0.07274,51.58279],[0.07372,51.58081],[0.07586,51.58046],[0.07588,51.57985],[0.07711,51.57887],[0.07776,51.57969],[0.0791,51.57948],[0.07862,51.57896],[0.07947,51.57836],[0.08021,51.5785],[0.0806,51.57779],[0.08251,51.57696],[0.08449,51.57786],[0.08342,51.57874]]]},"properties":{"code":"IG6","area":"IG","colorSlot":3}},{"type":"Feature","geometry":{"type":"Polygon","coordinates":[[[0.12569,51.61692],[0.12797,51.61695],[0.12844,51.61606],[0.1272,51.61482],[0.12612,51.61078],[0.13029,51.6081],[0.12854,51.60646],[0.12772,51.60357],[0.1274,51.5993],[0.12904,51.59812],[0.13952,51.60516],[0.14529,51.60482],[0.1462,51.60522],[0.14866,51.60904],[0.14778,51.61435],[0.15225,51.6198],[0.14101,51.623],[0.13941,51.62295],[0.13175,51.62076],[0.12375,51.62736],[0.12078,51.63044],[0.12185,51.6328],[0.12184,51.63775],[0.11258,51.64105],[0.11283,51.64222],[0.11069,51.64479],[0.09913,51.64945],[0.09833,51.64836],[0.09788,51.64651],[0.09796,51.64464],[0.08955,51.64225],[0.087,51.63863],[0.08025,51.63771],[0.07588,51.63514],[0.07062,51.63575],[0.06431,51.63293],[0.06306,51.63088],[0.05851,51.62937],[0.05615,51.62808],[0.05529,51.62615],[0.05718,51.62304],[0.05367,51.61946],[0.05244,51.61744],[0.05254,51.6142],[0.05611,51.61359],[0.05872,51.61413],[0.06323,51.61107],[0.0638,51.61021],[0.06737,51.60994],[0.06867,51.60905],[0.06557,51.6085],[0.06506,51.60803],[0.06331,51.60806],[0.06302,51.60708],[0.06379,51.60575],[0.0649,51.60537],[0.06709,51.60562],[0.0691,51.60647],[0.07032,51.60512],[0.07367,51.60471],[0.07479,51.60524],[0.07499,51.60583],[0.07641,51.60609],[0.07704,51.60698],[0.079,51.60751],[0.08238,51.60674],[0.08342,51.60693],[0.08476,51.60594],[0.08602,51.6058],[0.08612,51.60488],[0.08785,51.6042],[0.08885,51.60483],[0.0905,51.60492],[0.0909,51.60546],[0.09327,51.60572],[0.09296,51.60696],[0.09354,51.60808],[0.09315,51.60919],[0.09405,51.60979],[0.09728,51.6082],[0.09822,51.60883],[0.10021,51.60824],[0.10132,51.6093],[0.10343,51.60769],[0.10561,51.60767],[0.10748,51.60681],[0.10818,51.60773],[0.10937,51.60803],[0.11089,51.60761],[0.11172,51.60799],[0.11199,51.60884],[0.11382,51.60974],[0.11456,51.60937],[0.1155,51.61021],[0.11515,51.61076],[0.11593,51.61125],[0.11497,51.61173],[0.11562,51.61248],[0.11862,51.61214],[0.12569,51.61692]]]},"properties":{"code":"IG7","area":"IG","colorSlot":0}},{"type":"Feature","geometry":{"type":"Polygon","coordinates":[[[0.01379,51.61785],[0.01273,51.61775],[0.01081,51.61663],[0.0104,51.61564],[0.00926,51.61472],[0.01048,51.61243],[0.01158,51.612],[0.01155,51.6107],[0.00993,51.60975],[0.00945,51.60875],[0.00588,51.60755],[0.00582,51.6068],[0.00514,51.60617],[0.00199,51.60569],[0.00145,51.60419],[0.0007,51.60377],[0.00111,51.60271],[-0.00038,51.6022],[-0.00114,51.60111],[-0.00104,51.6005],[0.00343,51.59925],[0.00684,51.59926],[0.00831,51.59819],[0.0115,51.59846],[0.01338,51.60036],[0.01529,51.60061],[0.01576,51.60144],[0.0196,51.60031],[0.01905,51.59964],[0.0229,51.59963],[0.02668,51.59879],[0.02795,51.59894],[0.03139,51.6008],[0.03192,51.59933],[0.0312,51.59899],[0.03293,51.59761],[0.03535,51.59866],[0.03723,51.59851],[0.04149,51.59644],[0.04091,51.59557],[0.03734,51.5931],[0.03743,51.59216],[0.03839,51.58954],[0.03916,51.58874],[0.04265,51.58872],[0.04448,51.58797],[0.04725,51.58988],[0.04663,51.59027],[0.0483,51.59188],[0.04784,51.59246],[0.04973,51.59279],[0.05041,51.5933],[0.04991,51.59401],[0.05203,51.59465],[0.05109,51.59584],[0.05394,51.59663],[0.05536,51.59808],[0.05851,51.59917],[0.05997,51.60023],[0.07055,51.6001],[0.07252,51.60047],[0.07171,51.60323],[0.07326,51.60471],[0.07245,51.60515],[0.07032,51.60512],[0.0691,51.60647],[0.06764,51.60575],[0.0649,51.60537],[0.06333,51.60639],[0.06302,51.60708],[0.06331,51.60806],[0.06506,51.60803],[0.06557,51.6085],[0.06867,51.60905],[0.06737,51.60994],[0.0638,51.61021],[0.06323,51.61107],[0.05872,51.61413],[0.05611,51.61359],[0.05254,51.6142],[0.04927,51.61194],[0.04267,51.61442],[0.04239,51.61553],[0.04048,51.61574],[0.03991,51.61699],[0.03838,51.61745],[0.0388,51.61805],[0.03526,51.61838],[0.03456,51.61906],[0.03488,51.62039],[0.03637,51.62146],[0.03531,51.62236],[0.03324,51.62264],[0.02996,51.622],[0.0231,51.62345],[0.02269,51.62593],[0.02116,51.62682],[0.01654,51.62398],[0.01723,51.62183],[0.01685,51.62015],[0.01379,51.61785]]]},"properties":{"code":"IG8","area":"IG","colorSlot":2}},{"type":"Feature","geometry":{"type":"Polygon","coordinates":[[[0.03648,51.63533],[0.02492,51.63754],[0.02435,51.63428],[0.022,51.63223],[0.02227,51.62917],[0.02119,51.62752],[0.02116,51.62682],[0.02269,51.62593],[0.02261,51.62375],[0.02416,51.62307],[0.02973,51.62208],[0.03324,51.62264],[0.03531,51.62236],[0.03623,51.62162],[0.03488,51.62039],[0.03456,51.61906],[0.03508,51.6185],[0.0388,51.61805],[0.03838,51.61745],[0.03991,51.61699],[0.04048,51.61574],[0.04239,51.61553],[0.04267,51.61442],[0.04927,51.61194],[0.05254,51.6142],[0.05244,51.61722],[0.05367,51.61946],[0.05718,51.62304],[0.05529,51.62615],[0.05615,51.62808],[0.06069,51.63006],[0.0553,51.63302],[0.05078,51.63401],[0.04981,51.63418],[0.0475,51.63271],[0.04599,51.63239],[0.04375,51.63363],[0.03726,51.63578],[0.03648,51.63533]]]},"properties":{"code":"IG9","area":"IG","colorSlot":3}},{"type":"Feature","geometry":{"type":"Polygon","coordinates":[[[0.05355,51.66815],[0.05026,51.67],[0.04062,51.66858],[0.0346,51.66895],[0.03165,51.6697],[0.02879,51.66589],[0.02373,51.66596],[0.01319,51.66415],[0.0117,51.66059],[0.01387,51.65926],[0.01503,51.6521],[0.0301,51.64908],[0.02316,51.64188],[0.02492,51.63754],[0.03648,51.63533],[0.03726,51.63578],[0.04375,51.63363],[0.0457,51.63246],[0.04691,51.63245],[0.0498,51.63418],[0.05078,51.63401],[0.0553,51.63302],[0.06069,51.63006],[0.06306,51.63088],[0.06419,51.63285],[0.07062,51.63575],[0.07588,51.63514],[0.08025,51.63771],[0.087,51.63863],[0.08955,51.64225],[0.09796,51.64464],[0.09831,51.64832],[0.10007,51.65215],[0.10206,51.65432],[0.09757,51.65641],[0.09276,51.66044],[0.09183,51.6631],[0.08567,51.66634],[0.08396,51.66824],[0.08166,51.66855],[0.07268,51.67162],[0.06964,51.67071],[0.0632,51.67034],[0.05355,51.66815]]]},"properties":{"code":"IG10","area":"IG","colorSlot":2}},{"type":"Feature","geometry":{"type":"Polygon","coordinates":[[[0.1188,51.51754],[0.12292,51.51919],[0.12625,51.52212],[0.12862,51.52537],[0.13598,51.52643],[0.13541,51.52936],[0.13682,51.53123],[0.13317,51.53225],[0.12956,51.53188],[0.12187,51.53305],[0.11378,51.5329],[0.11064,51.53217],[0.10707,51.53318],[0.10705,51.53501],[0.11004,51.53583],[0.11318,51.53851],[0.11313,51.5391],[0.11226,51.53981],[0.10861,51.54096],[0.1086,51.54203],[0.11082,51.5448],[0.11105,51.5478],[0.11015,51.54865],[0.11062,51.55011],[0.10706,51.55248],[0.10673,51.55259],[0.10623,51.55167],[0.10503,51.55154],[0.10538,51.55085],[0.10415,51.55084],[0.09864,51.54902],[0.09857,51.54821],[0.09782,51.54835],[0.09691,51.54769],[0.09428,51.54768],[0.09149,51.54924],[0.08938,51.54807],[0.08958,51.54756],[0.08841,51.54594],[0.08512,51.54459],[0.07987,51.54473],[0.07785,51.54389],[0.07698,51.54415],[0.07763,51.54472],[0.07689,51.54523],[0.07435,51.54374],[0.06658,51.54368],[0.0656,51.54126],[0.06622,51.53877],[0.06982,51.53515],[0.06898,51.53315],[0.07001,51.53201],[0.06979,51.53117],[0.07256,51.52789],[0.07428,51.52667],[0.07424,51.52561],[0.07643,51.52244],[0.0774,51.52169],[0.07938,51.52129],[0.08645,51.52143],[0.08771,51.51986],[0.09355,51.51494],[0.09432,51.5107],[0.10248,51.51086],[0.1047,51.51131],[0.1188,51.51754]]]},"properties":{"code":"IG11","area":"IG","colorSlot":3}},{"type":"Feature","geometry":{"type":"Polygon","coordinates":[[[-0.3076,51.41422],[-0.30829,51.41504],[-0.30739,51.41716],[-0.30981,51.4172],[-0.31018,51.41867],[-0.3115,51.4178],[-0.31568,51.41838],[-0.3164,51.41737],[-0.31609,51.41713],[-0.31714,51.41628],[-0.32221,51.41593],[-0.32497,51.41459],[-0.32496,51.41288],[-0.32594,51.41144],[-0.32374,51.40916],[-0.32101,51.40834],[-0.31657,51.40604],[-0.31653,51.40203],[-0.31868,51.4002],[-0.32157,51.3997],[-0.32491,51.39748],[-0.32465,51.39454],[-0.32322,51.39393],[-0.31808,51.39376],[-0.31679,51.39465],[-0.31579,51.39613],[-0.31029,51.39954],[-0.30855,51.39908],[-0.30818,51.39832],[-0.30629,51.39785],[-0.30435,51.3985],[-0.30443,51.39913],[-0.30323,51.39957],[-0.30172,51.39925],[-0.29985,51.40053],[-0.29716,51.40042],[-0.29548,51.40144],[-0.29238,51.40125],[-0.29153,51.40065],[-0.28875,51.40088],[-0.28901,51.39979],[-0.28856,51.39795],[-0.28444,51.39888],[-0.28176,51.4011],[-0.28216,51.403],[-0.27985,51.40525],[-0.27873,51.40595],[-0.27627,51.40525],[-0.27491,51.40663],[-0.27598,51.40773],[-0.27411,51.408],[-0.2731,51.40881],[-0.273,51.40947],[-0.27294,51.41048],[-0.27437,51.4115],[-0.27376,51.41178],[-0.27349,51.41264],[-0.27585,51.41323],[-0.27608,51.41238],[-0.28163,51.4126],[-0.28144,51.41194],[-0.28184,51.41157],[-0.28406,51.41247],[-0.28576,51.41259],[-0.29161,51.41031],[-0.29215,51.41078],[-0.29264,51.41027],[-0.29321,51.41063],[-0.29626,51.40976],[-0.29849,51.41062],[-0.30007,51.41002],[-0.30087,51.41094],[-0.2988,51.41166],[-0.29917,51.41213],[-0.30078,51.41236],[-0.30097,51.41294],[-0.30464,51.41275],[-0.30605,51.41309],[-0.3065,51.41402],[-0.3076,51.41422]]]},"properties":{"code":"KT1","area":"KT","colorSlot":0}},{"type":"Feature","geometry":{"type":"Polygon","coordinates":[[[-0.30692,51.4238],[-0.30736,51.42227],[-0.30616,51.42073],[-0.30717,51.41863],[-0.30654,51.41763],[-0.30739,51.41716],[-0.30829,51.41504],[-0.3076,51.41422],[-0.3065,51.41402],[-0.30605,51.41309],[-0.30483,51.41266],[-0.30097,51.41294],[-0.30036,51.41203],[-0.29917,51.41213],[-0.2988,51.41166],[-0.29916,51.4113],[-0.30087,51.41094],[-0.3001,51.41002],[-0.29849,51.41062],[-0.29626,51.40976],[-0.29328,51.41061],[-0.29264,51.41027],[-0.29216,51.41078],[-0.29168,51.41033],[-0.28965,51.41134],[-0.2867,51.41183],[-0.28579,51.41259],[-0.28406,51.41247],[-0.28198,51.41151],[-0.28144,51.41194],[-0.28187,51.4125],[-0.28069,51.41279],[-0.27608,51.41238],[-0.27585,51.41323],[-0.27335,51.41235],[-0.27163,51.41249],[-0.26919,51.41321],[-0.26909,51.41421],[-0.26795,51.41473],[-0.26626,51.4143],[-0.26421,51.41609],[-0.26185,51.4169],[-0.26046,51.41698],[-0.25916,51.41619],[-0.25905,51.41508],[-0.25782,51.41489],[-0.25444,51.41314],[-0.25327,51.41382],[-0.25228,51.41631],[-0.2518,51.41639],[-0.25174,51.41796],[-0.24992,51.41881],[-0.24938,51.42015],[-0.2533,51.41992],[-0.25712,51.42362],[-0.26023,51.42281],[-0.26279,51.42368],[-0.26244,51.42528],[-0.26267,51.42793],[-0.26109,51.42886],[-0.26129,51.42943],[-0.26322,51.43046],[-0.26587,51.43019],[-0.27482,51.43746],[-0.27973,51.43405],[-0.27904,51.43013],[-0.28046,51.42665],[-0.28133,51.42566],[-0.28384,51.42431],[-0.28502,51.42471],[-0.28798,51.4274],[-0.28741,51.43045],[-0.291,51.43004],[-0.29337,51.42838],[-0.29492,51.42854],[-0.29535,51.42803],[-0.29705,51.42765],[-0.29915,51.42835],[-0.29904,51.42909],[-0.29953,51.42928],[-0.29918,51.43001],[-0.30066,51.43057],[-0.30297,51.43044],[-0.30517,51.43117],[-0.30695,51.43104],[-0.30715,51.43151],[-0.30938,51.43212],[-0.31205,51.43166],[-0.31215,51.43029],[-0.31348,51.43002],[-0.31447,51.42836],[-0.31155,51.42731],[-0.31023,51.42584],[-0.30797,51.42586],[-0.30779,51.42426],[-0.30692,51.4238]]]},"properties":{"code":"KT2","area":"KT","colorSlot":3}},{"type":"Feature","geometry":{"type":"Polygon","coordinates":[[[-0.27294,51.41048],[-0.27337,51.40847],[-0.27595,51.40777],[-0.27496,51.4068],[-0.27627,51.40525],[-0.27873,51.40595],[-0.28199,51.40305],[-0.28176,51.4011],[-0.27622,51.39894],[-0.2758,51.39742],[-0.27491,51.39694],[-0.27362,51.39394],[-0.27148,51.39308],[-0.27018,51.39166],[-0.26953,51.39043],[-0.26972,51.38894],[-0.26756,51.386],[-0.26781,51.38511],[-0.2654,51.38233],[-0.26396,51.38375],[-0.26161,51.38411],[-0.25923,51.38517],[-0.25459,51.38546],[-0.25269,51.38648],[-0.24602,51.38688],[-0.24511,51.38752],[-0.2435,51.38761],[-0.23987,51.39017],[-0.23312,51.3904],[-0.23015,51.3935],[-0.23031,51.39492],[-0.22944,51.39715],[-0.23146,51.39749],[-0.23149,51.39837],[-0.23291,51.39817],[-0.23327,51.39856],[-0.23231,51.39917],[-0.23249,51.39967],[-0.23379,51.39962],[-0.23306,51.40086],[-0.23711,51.40243],[-0.23659,51.40304],[-0.23543,51.40315],[-0.23597,51.40413],[-0.23553,51.40436],[-0.2359,51.40516],[-0.2368,51.40519],[-0.23855,51.40425],[-0.23791,51.40338],[-0.23893,51.40262],[-0.24168,51.40295],[-0.24391,51.40432],[-0.24447,51.40595],[-0.24893,51.40763],[-0.24968,51.40841],[-0.24702,51.41072],[-0.24699,51.41163],[-0.25023,51.41205],[-0.25377,51.41134],[-0.25444,51.41314],[-0.25782,51.41489],[-0.25905,51.41508],[-0.25916,51.41619],[-0.26046,51.41698],[-0.26421,51.41609],[-0.26616,51.41424],[-0.26772,51.41472],[-0.269,51.41435],[-0.26919,51.41321],[-0.26969,51.41294],[-0.27335,51.41235],[-0.27437,51.4115],[-0.27294,51.41048]]]},"properties":{"code":"KT3","area":"KT","colorSlot":1}},{"type":"Feature","geometry":{"type":"Polygon","coordinates":[[[-0.24526,51.36925],[-0.24497,51.36896],[-0.24597,51.36726],[-0.24468,51.36688],[-0.24335,51.36774],[-0.24071,51.36798],[-0.23837,51.36737],[-0.2368,51.36765],[-0.23518,51.36596],[-0.23308,51.36686],[-0.23351,51.3673],[-0.23243,51.3683],[-0.23167,51.36825],[-0.23145,51.36954],[-0.23049,51.36948],[-0.22946,51.37025],[-0.22932,51.37075],[-0.2301,51.37101],[-0.22993,51.37159],[-0.22828,51.37099],[-0.22827,51.37197],[-0.22755,51.37224],[-0.22745,51.3731],[-0.22586,51.37461],[-0.22423,51.37566],[-0.22309,51.3758],[-0.22241,51.37733],[-0.22178,51.3776],[-0.22168,51.37943],[-0.22085,51.38022],[-0.21886,51.37991],[-0.21934,51.38039],[-0.21902,51.38077],[-0.21931,51.38123],[-0.22084,51.38028],[-0.22094,51.38128],[-0.22374,51.38183],[-0.22525,51.38318],[-0.22739,51.38364],[-0.22858,51.38528],[-0.23116,51.38619],[-0.23105,51.38772],[-0.23152,51.38875],[-0.23312,51.3904],[-0.23987,51.39017],[-0.2435,51.38761],[-0.24511,51.38752],[-0.24584,51.38687],[-0.25269,51.38649],[-0.25459,51.38546],[-0.26111,51.38488],[-0.26142,51.38423],[-0.26396,51.38375],[-0.26519,51.38246],[-0.26503,51.38069],[-0.26666,51.37959],[-0.27069,51.37893],[-0.27244,51.37678],[-0.27481,51.37723],[-0.27692,51.37622],[-0.2796,51.37273],[-0.27586,51.37212],[-0.27166,51.37303],[-0.26829,51.37155],[-0.26819,51.37096],[-0.26553,51.37067],[-0.26501,51.36944],[-0.26357,51.36888],[-0.26322,51.36886],[-0.26333,51.36993],[-0.26261,51.3703],[-0.26225,51.37126],[-0.25783,51.37031],[-0.25392,51.37172],[-0.2518,51.37194],[-0.25191,51.37092],[-0.25106,51.3701],[-0.24859,51.37005],[-0.24866,51.36945],[-0.24755,51.36884],[-0.2464,51.36937],[-0.24526,51.36925]]]},"properties":{"code":"KT4","area":"KT","colorSlot":2}},{"type":"Feature","geometry":{"type":"Polygon","coordinates":[[[-0.28444,51.39888],[-0.28842,51.39789],[-0.28901,51.39979],[-0.28875,51.40088],[-0.29153,51.40065],[-0.29236,51.40125],[-0.29394,51.40143],[-0.29548,51.40144],[-0.29716,51.40042],[-0.29964,51.40064],[-0.30172,51.39925],[-0.29889,51.39822],[-0.29832,51.39738],[-0.29857,51.39717],[-0.29799,51.39644],[-0.29904,51.39515],[-0.29854,51.39476],[-0.2974,51.39501],[-0.29827,51.39314],[-0.29719,51.39313],[-0.29797,51.39181],[-0.2969,51.39159],[-0.29788,51.39125],[-0.29732,51.39048],[-0.29785,51.39021],[-0.29685,51.38965],[-0.29783,51.38869],[-0.29504,51.38802],[-0.29428,51.38726],[-0.29556,51.38623],[-0.29545,51.38586],[-0.29383,51.3855],[-0.29314,51.38483],[-0.29209,51.38524],[-0.29044,51.38421],[-0.28925,51.38478],[-0.28891,51.38386],[-0.28735,51.38288],[-0.2866,51.38338],[-0.28552,51.38251],[-0.28468,51.38249],[-0.28414,51.38317],[-0.2816,51.3822],[-0.28055,51.38241],[-0.28037,51.38148],[-0.27942,51.38063],[-0.28072,51.37946],[-0.28079,51.37856],[-0.28145,51.37837],[-0.28156,51.37655],[-0.28041,51.37264],[-0.2796,51.37273],[-0.27692,51.37622],[-0.27481,51.37723],[-0.27244,51.37678],[-0.27069,51.37893],[-0.26666,51.37959],[-0.26503,51.38069],[-0.2654,51.38233],[-0.26781,51.38511],[-0.2675,51.3859],[-0.26972,51.38894],[-0.26947,51.39029],[-0.27018,51.39166],[-0.27144,51.39286],[-0.27362,51.39394],[-0.27491,51.39694],[-0.2758,51.39742],[-0.27622,51.39894],[-0.28176,51.4011],[-0.28444,51.39888]]]},"properties":{"code":"KT5","area":"KT","colorSlot":3}},{"type":"Feature","geometry":{"type":"Polygon","coordinates":[[[-0.30168,51.37501],[-0.30197,51.37431],[-0.30048,51.37383],[-0.29802,51.37379],[-0.29732,51.37331],[-0.29562,51.37386],[-0.29567,51.37345],[-0.29418,51.3725],[-0.29293,51.37377],[-0.29119,51.37293],[-0.2924,51.37188],[-0.29183,51.37124],[-0.29027,51.37176],[-0.28906,51.37149],[-0.2874,51.37223],[-0.28041,51.37264],[-0.28156,51.37655],[-0.28145,51.37837],[-0.28079,51.37856],[-0.28072,51.37946],[-0.27942,51.38063],[-0.28037,51.38148],[-0.28035,51.3822],[-0.2816,51.3822],[-0.28396,51.38323],[-0.28453,51.38253],[-0.28552,51.38251],[-0.28573,51.38317],[-0.2866,51.38338],[-0.28735,51.38288],[-0.28891,51.38386],[-0.28925,51.38478],[-0.29022,51.38425],[-0.29209,51.38524],[-0.29314,51.38483],[-0.29383,51.3855],[-0.29545,51.38586],[-0.29556,51.38623],[-0.29428,51.38726],[-0.29504,51.38802],[-0.29784,51.38861],[-0.29685,51.38965],[-0.29784,51.3902],[-0.29732,51.39048],[-0.29786,51.39112],[-0.29693,51.39146],[-0.29797,51.39181],[-0.29708,51.39302],[-0.29827,51.39314],[-0.29731,51.39498],[-0.29854,51.39476],[-0.29904,51.39515],[-0.29799,51.39644],[-0.29857,51.39717],[-0.29832,51.39738],[-0.29889,51.39822],[-0.30119,51.39873],[-0.30172,51.39925],[-0.30323,51.39957],[-0.30443,51.39913],[-0.30435,51.3985],[-0.30603,51.39783],[-0.30818,51.39832],[-0.30846,51.39904],[-0.31029,51.39954],[-0.31579,51.39613],[-0.31679,51.39465],[-0.31808,51.39376],[-0.32322,51.39393],[-0.32169,51.39232],[-0.32192,51.39074],[-0.32251,51.39048],[-0.32206,51.39002],[-0.32301,51.38912],[-0.32216,51.38775],[-0.32405,51.38773],[-0.32525,51.38702],[-0.32474,51.38639],[-0.323,51.38675],[-0.32257,51.38617],[-0.32348,51.38576],[-0.32232,51.38513],[-0.32415,51.38515],[-0.32414,51.38459],[-0.32115,51.38415],[-0.32265,51.3824],[-0.32206,51.37809],[-0.32092,51.37638],[-0.31556,51.37666],[-0.31165,51.37484],[-0.30886,51.3766],[-0.3049,51.3749],[-0.30168,51.37501]]]},"properties":{"code":"KT6","area":"KT","colorSlot":2}},{"type":"Feature","geometry":{"type":"Polygon","coordinates":[[[-0.33087,51.37935],[-0.32594,51.37817],[-0.32206,51.37809],[-0.32265,51.3824],[-0.321,51.38399],[-0.32414,51.38459],[-0.32417,51.38514],[-0.32232,51.38513],[-0.32349,51.38557],[-0.32268,51.38598],[-0.323,51.38675],[-0.32474,51.38639],[-0.32525,51.38702],[-0.32405,51.38773],[-0.32216,51.38775],[-0.32303,51.38906],[-0.32206,51.39002],[-0.32248,51.39035],[-0.32192,51.39074],[-0.32169,51.39232],[-0.32322,51.39393],[-0.32465,51.39454],[-0.32533,51.3941],[-0.33024,51.39381],[-0.3318,51.39581],[-0.32996,51.39796],[-0.33467,51.40057],[-0.33918,51.4008],[-0.34244,51.39939],[-0.343,51.39727],[-0.34467,51.39661],[-0.34532,51.39508],[-0.34472,51.39345],[-0.34543,51.39284],[-0.34564,51.3916],[-0.34872,51.39142],[-0.34855,51.38843],[-0.34736,51.38816],[-0.34749,51.38732],[-0.34712,51.38711],[-0.34783,51.38539],[-0.34641,51.3836],[-0.34782,51.38364],[-0.34693,51.38329],[-0.35075,51.38141],[-0.34568,51.38057],[-0.34359,51.3816],[-0.3422,51.38101],[-0.34111,51.38114],[-0.34091,51.38012],[-0.34167,51.37958],[-0.34209,51.37808],[-0.3395,51.37769],[-0.33763,51.37817],[-0.3372,51.37905],[-0.33637,51.37933],[-0.33599,51.38072],[-0.33087,51.37935]]]},"properties":{"code":"KT7","area":"KT","colorSlot":3}},{"type":"Feature","geometry":{"type":"Polygon","coordinates":[[[-0.34525,51.39535],[-0.34467,51.39661],[-0.343,51.39727],[-0.34244,51.39939],[-0.33864,51.40084],[-0.33467,51.40057],[-0.32996,51.39796],[-0.3318,51.39585],[-0.33024,51.39381],[-0.32533,51.3941],[-0.32465,51.39454],[-0.32491,51.39748],[-0.32157,51.3997],[-0.31868,51.4002],[-0.31653,51.40203],[-0.31657,51.40604],[-0.32101,51.40834],[-0.32374,51.40916],[-0.32594,51.41144],[-0.33353,51.41127],[-0.33636,51.41177],[-0.34073,51.41375],[-0.34353,51.41228],[-0.34753,51.41161],[-0.34965,51.40868],[-0.35203,51.40786],[-0.35415,51.41005],[-0.35716,51.40941],[-0.35865,51.41066],[-0.36083,51.41143],[-0.3672,51.41151],[-0.36845,51.41128],[-0.36972,51.40959],[-0.37148,51.40913],[-0.37299,51.40952],[-0.37447,51.4086],[-0.37947,51.40934],[-0.38133,51.40721],[-0.38371,51.40687],[-0.38738,51.40713],[-0.39019,51.40655],[-0.39056,51.40619],[-0.38941,51.40299],[-0.38951,51.40171],[-0.39275,51.39813],[-0.39203,51.39346],[-0.3799,51.39216],[-0.37657,51.39137],[-0.36995,51.39152],[-0.36637,51.3905],[-0.36085,51.39145],[-0.35898,51.39061],[-0.35281,51.38943],[-0.34912,51.39001],[-0.34882,51.39136],[-0.34791,51.39175],[-0.34564,51.3916],[-0.34543,51.39284],[-0.34472,51.39345],[-0.34525,51.39535]]]},"properties":{"code":"KT8","area":"KT","colorSlot":1}},{"type":"Feature","geometry":{"type":"Polygon","coordinates":[[[-0.32126,51.36691],[-0.31909,51.36309],[-0.31923,51.36147],[-0.32073,51.36044],[-0.31932,51.35786],[-0.32305,51.3562],[-0.32408,51.35143],[-0.32397,51.35015],[-0.32534,51.34879],[-0.32555,51.34789],[-0.32933,51.34566],[-0.33017,51.34183],[-0.33598,51.33548],[-0.33599,51.33497],[-0.32882,51.33293],[-0.32737,51.33198],[-0.31686,51.32812],[-0.31276,51.32868],[-0.31066,51.33153],[-0.31254,51.33501],[-0.31088,51.34091],[-0.30978,51.34176],[-0.30947,51.34281],[-0.29865,51.34685],[-0.29911,51.3495],[-0.29571,51.35242],[-0.291,51.35486],[-0.28577,51.35576],[-0.28648,51.35774],[-0.2865,51.3594],[-0.28749,51.3609],[-0.2898,51.36147],[-0.28774,51.36249],[-0.2837,51.36606],[-0.28311,51.36806],[-0.28038,51.37064],[-0.2803,51.3726],[-0.2874,51.37223],[-0.28906,51.37149],[-0.29027,51.37176],[-0.29183,51.37124],[-0.2924,51.37188],[-0.29119,51.37293],[-0.29293,51.37377],[-0.29418,51.3725],[-0.29567,51.37345],[-0.29562,51.37386],[-0.29732,51.37331],[-0.29801,51.37379],[-0.30048,51.37383],[-0.30197,51.37431],[-0.30168,51.37501],[-0.30478,51.37489],[-0.30886,51.3766],[-0.31165,51.37484],[-0.31551,51.37666],[-0.32092,51.37638],[-0.32204,51.37508],[-0.32259,51.37324],[-0.32751,51.37313],[-0.33161,51.37099],[-0.33224,51.36906],[-0.33193,51.36809],[-0.32511,51.36633],[-0.32126,51.36691]]]},"properties":{"code":"KT9","area":"KT","colorSlot":1}},{"type":"Feature","geometry":{"type":"Polygon","coordinates":[[[-0.33161,51.37099],[-0.32774,51.37304],[-0.32259,51.37324],[-0.32204,51.37508],[-0.32092,51.37638],[-0.32206,51.37809],[-0.32932,51.37869],[-0.33525,51.38078],[-0.33582,51.38076],[-0.33637,51.37933],[-0.3372,51.37905],[-0.33763,51.37817],[-0.33922,51.3777],[-0.34185,51.37804],[-0.34091,51.38012],[-0.34111,51.38114],[-0.3422,51.38101],[-0.34359,51.3816],[-0.34568,51.38057],[-0.35073,51.38129],[-0.34693,51.38329],[-0.34803,51.38348],[-0.34644,51.38355],[-0.34783,51.38539],[-0.3471,51.38704],[-0.34749,51.38732],[-0.34736,51.38816],[-0.34855,51.38843],[-0.34912,51.39001],[-0.35402,51.38957],[-0.35898,51.39061],[-0.36059,51.39141],[-0.36562,51.39078],[-0.36637,51.3905],[-0.36697,51.3882],[-0.36816,51.38636],[-0.37343,51.38455],[-0.37608,51.38435],[-0.38068,51.38175],[-0.38099,51.38004],[-0.37884,51.37642],[-0.37782,51.37247],[-0.37868,51.37084],[-0.3798,51.37012],[-0.37897,51.36913],[-0.37898,51.36665],[-0.38752,51.36583],[-0.3895,51.36423],[-0.39271,51.36306],[-0.39491,51.3607],[-0.3947,51.3598],[-0.39055,51.35661],[-0.39065,51.35548],[-0.39136,51.35411],[-0.39828,51.35178],[-0.39504,51.34764],[-0.39458,51.34537],[-0.3897,51.34479],[-0.38828,51.34225],[-0.3871,51.3416],[-0.3836,51.34245],[-0.38159,51.34492],[-0.3775,51.3475],[-0.373,51.34804],[-0.36365,51.34541],[-0.36133,51.34563],[-0.35839,51.34803],[-0.35526,51.34816],[-0.35085,51.34913],[-0.34492,51.34717],[-0.33265,51.34633],[-0.32933,51.34566],[-0.32555,51.34789],[-0.32534,51.34879],[-0.32397,51.35015],[-0.32408,51.35143],[-0.32305,51.3562],[-0.31937,51.35774],[-0.32073,51.36044],[-0.31927,51.36144],[-0.31909,51.36309],[-0.32108,51.3668],[-0.32511,51.36633],[-0.33176,51.36802],[-0.33224,51.36906],[-0.33161,51.37099]]]},"properties":{"code":"KT10","area":"KT","colorSlot":0}},{"type":"Feature","geometry":{"type":"Polygon","coordinates":[[[-0.41506,51.29438],[-0.40673,51.30083],[-0.40476,51.2999],[-0.39502,51.29844],[-0.39279,51.29662],[-0.3914,51.29637],[-0.3825,51.29731],[-0.38162,51.29814],[-0.3705,51.30338],[-0.36806,51.3041],[-0.36436,51.3072],[-0.36432,51.30939],[-0.36344,51.31047],[-0.35713,51.31251],[-0.35597,51.31498],[-0.35814,51.31858],[-0.35792,51.31922],[-0.36286,51.32006],[-0.36771,51.32169],[-0.36668,51.32532],[-0.36885,51.32693],[-0.36778,51.32955],[-0.3679,51.33025],[-0.36895,51.33064],[-0.36866,51.33163],[-0.36963,51.33226],[-0.36994,51.3332],[-0.36761,51.33484],[-0.36753,51.33831],[-0.36495,51.34001],[-0.36663,51.34222],[-0.369,51.34336],[-0.37239,51.34626],[-0.37341,51.34779],[-0.3775,51.3475],[-0.38159,51.34492],[-0.38339,51.3426],[-0.3871,51.3416],[-0.38817,51.34215],[-0.3897,51.34479],[-0.39458,51.34537],[-0.39504,51.34764],[-0.39828,51.35178],[-0.40073,51.35183],[-0.40595,51.35009],[-0.40892,51.35059],[-0.41703,51.3492],[-0.41878,51.34618],[-0.42567,51.3466],[-0.42897,51.34549],[-0.4317,51.34681],[-0.4375,51.34506],[-0.43699,51.34353],[-0.44039,51.34092],[-0.44705,51.33983],[-0.45453,51.34246],[-0.46016,51.34234],[-0.4609,51.34188],[-0.46028,51.33967],[-0.46062,51.33841],[-0.45802,51.33639],[-0.45904,51.33388],[-0.45735,51.3318],[-0.46017,51.32642],[-0.4509,51.32286],[-0.44909,51.32096],[-0.44926,51.3178],[-0.45081,51.317],[-0.4572,51.31578],[-0.45805,51.31102],[-0.45676,51.30715],[-0.45231,51.30726],[-0.44972,51.30643],[-0.44585,51.30611],[-0.44413,51.30446],[-0.44335,51.29987],[-0.44088,51.29961],[-0.44101,51.29105],[-0.43497,51.28967],[-0.43265,51.29161],[-0.43127,51.29385],[-0.42049,51.29295],[-0.41506,51.29438]]]},"properties":{"code":"KT11","area":"KT","colorSlot":1}},{"type":"Feature","geometry":{"type":"Polygon","coordinates":[[[-0.42641,51.37071],[-0.43176,51.36899],[-0.43153,51.36822],[-0.42866,51.36738],[-0.43069,51.36612],[-0.43123,51.36469],[-0.43057,51.36396],[-0.43058,51.3632],[-0.43287,51.36158],[-0.43247,51.35969],[-0.4336,51.35709],[-0.43744,51.35513],[-0.43591,51.35369],[-0.43739,51.35177],[-0.43728,51.3512],[-0.43875,51.35001],[-0.43681,51.34806],[-0.4384,51.34547],[-0.4375,51.34506],[-0.43192,51.34687],[-0.42897,51.34549],[-0.42567,51.3466],[-0.41878,51.34618],[-0.41703,51.3492],[-0.40892,51.35059],[-0.40595,51.35009],[-0.40073,51.35183],[-0.39828,51.35178],[-0.39136,51.35411],[-0.39055,51.35661],[-0.3947,51.3598],[-0.39491,51.3607],[-0.39271,51.36306],[-0.3895,51.36423],[-0.38752,51.36583],[-0.37898,51.36665],[-0.37897,51.36913],[-0.37976,51.36986],[-0.37782,51.37247],[-0.37868,51.37637],[-0.38099,51.38004],[-0.38068,51.38175],[-0.37608,51.38435],[-0.37343,51.38455],[-0.36816,51.38636],[-0.36697,51.3882],[-0.36637,51.3905],[-0.36995,51.39152],[-0.37657,51.39137],[-0.3799,51.39216],[-0.39203,51.39343],[-0.39262,51.39789],[-0.38951,51.40171],[-0.38941,51.40299],[-0.39056,51.40619],[-0.39652,51.40608],[-0.39902,51.40508],[-0.40068,51.40369],[-0.40519,51.40572],[-0.40988,51.40512],[-0.40887,51.40302],[-0.41188,51.4027],[-0.41247,51.40097],[-0.41327,51.40083],[-0.41345,51.39934],[-0.41559,51.39898],[-0.41627,51.39798],[-0.41533,51.39624],[-0.41946,51.39582],[-0.41908,51.39345],[-0.42041,51.39305],[-0.42072,51.39194],[-0.42236,51.39105],[-0.42297,51.39009],[-0.42958,51.38773],[-0.43022,51.38634],[-0.42695,51.38556],[-0.42634,51.38493],[-0.42675,51.3841],[-0.42789,51.38381],[-0.42776,51.38274],[-0.42606,51.38198],[-0.42837,51.3812],[-0.42847,51.38048],[-0.42908,51.38012],[-0.42862,51.37851],[-0.427,51.37814],[-0.42433,51.37506],[-0.42462,51.37316],[-0.42595,51.37194],[-0.42641,51.37071]]]},"properties":{"code":"KT12","area":"KT","colorSlot":2}},{"type":"Feature","geometry":{"type":"Polygon","coordinates":[[[-0.43176,51.36899],[-0.42641,51.37071],[-0.42595,51.37194],[-0.42462,51.37316],[-0.42433,51.37506],[-0.427,51.37814],[-0.42862,51.37851],[-0.42917,51.37989],[-0.42837,51.3812],[-0.42606,51.38198],[-0.42776,51.38274],[-0.42789,51.38381],[-0.42675,51.3841],[-0.42634,51.38493],[-0.42695,51.38556],[-0.43022,51.38634],[-0.43173,51.38555],[-0.43209,51.38444],[-0.43351,51.38296],[-0.43561,51.38217],[-0.43754,51.3821],[-0.43727,51.38625],[-0.44117,51.38704],[-0.44604,51.38287],[-0.44852,51.38387],[-0.45008,51.38519],[-0.45402,51.38544],[-0.45591,51.38258],[-0.45652,51.38251],[-0.45714,51.381],[-0.4594,51.38088],[-0.45924,51.37982],[-0.4619,51.37882],[-0.46259,51.37931],[-0.46067,51.38114],[-0.46214,51.38193],[-0.46671,51.38196],[-0.46771,51.38155],[-0.46994,51.38362],[-0.47642,51.38305],[-0.47395,51.37889],[-0.46944,51.37546],[-0.46935,51.37026],[-0.47023,51.36828],[-0.47357,51.36777],[-0.47494,51.367],[-0.47635,51.36483],[-0.47468,51.36077],[-0.47201,51.3583],[-0.47184,51.3573],[-0.47629,51.35405],[-0.47624,51.35334],[-0.47748,51.35209],[-0.47679,51.34973],[-0.47967,51.34849],[-0.47867,51.34556],[-0.47536,51.34329],[-0.469,51.345],[-0.4651,51.34269],[-0.4656,51.34154],[-0.46538,51.34077],[-0.46392,51.34037],[-0.46248,51.34197],[-0.4609,51.34188],[-0.46016,51.34234],[-0.45453,51.34246],[-0.44705,51.33983],[-0.44003,51.34106],[-0.43699,51.34353],[-0.4375,51.34506],[-0.4384,51.34547],[-0.43681,51.34806],[-0.43875,51.35001],[-0.43728,51.3512],[-0.43735,51.35171],[-0.43591,51.35369],[-0.43744,51.35513],[-0.4336,51.35709],[-0.43235,51.3596],[-0.43287,51.36158],[-0.43058,51.3632],[-0.43057,51.36396],[-0.43123,51.36469],[-0.43069,51.36612],[-0.42863,51.36726],[-0.43153,51.36822],[-0.43176,51.36899]]]},"properties":{"code":"KT13","area":"KT","colorSlot":0}},{"type":"Feature","geometry":{"type":"Polygon","coordinates":[[[-0.51025,51.34033],[-0.51334,51.33998],[-0.51694,51.33867],[-0.51761,51.33784],[-0.51724,51.33673],[-0.51963,51.33657],[-0.52178,51.3351],[-0.52305,51.33522],[-0.52263,51.3335],[-0.52023,51.33206],[-0.51887,51.33269],[-0.51471,51.3314],[-0.51289,51.33027],[-0.51304,51.32991],[-0.51127,51.32923],[-0.50999,51.32984],[-0.50705,51.3292],[-0.50495,51.32935],[-0.50403,51.33015],[-0.50469,51.33129],[-0.50223,51.33183],[-0.50207,51.33246],[-0.50132,51.33257],[-0.50002,51.33113],[-0.49358,51.32908],[-0.48732,51.33011],[-0.47939,51.32841],[-0.47566,51.32676],[-0.46644,51.32504],[-0.46017,51.32642],[-0.45735,51.3318],[-0.45904,51.33388],[-0.45802,51.33639],[-0.46062,51.33841],[-0.46028,51.33967],[-0.4609,51.34188],[-0.46248,51.34197],[-0.46392,51.34037],[-0.46538,51.34077],[-0.4656,51.34154],[-0.4651,51.34269],[-0.469,51.345],[-0.47536,51.34329],[-0.47867,51.34556],[-0.47967,51.34849],[-0.47679,51.34973],[-0.47748,51.35209],[-0.47934,51.35149],[-0.48019,51.34868],[-0.48272,51.34968],[-0.48554,51.34932],[-0.4869,51.3487],[-0.48947,51.34635],[-0.49209,51.34625],[-0.49233,51.34561],[-0.49601,51.34402],[-0.49715,51.34441],[-0.49935,51.34383],[-0.50018,51.34351],[-0.50096,51.34244],[-0.50479,51.34294],[-0.50636,51.34244],[-0.50794,51.34121],[-0.5093,51.34173],[-0.5102,51.34149],[-0.51025,51.34033]]]},"properties":{"code":"KT14","area":"KT","colorSlot":2}},{"type":"Feature","geometry":{"type":"Polygon","coordinates":[[[-0.52208,51.35152],[-0.52374,51.35054],[-0.52256,51.34645],[-0.52945,51.34377],[-0.52304,51.34017],[-0.52236,51.34003],[-0.52146,51.34064],[-0.52001,51.34043],[-0.51946,51.33979],[-0.51991,51.33835],[-0.51761,51.33784],[-0.51694,51.33867],[-0.51334,51.33998],[-0.51025,51.34033],[-0.5102,51.34149],[-0.5093,51.34173],[-0.50794,51.34121],[-0.50659,51.34245],[-0.505,51.34297],[-0.50123,51.34247],[-0.50037,51.3435],[-0.49715,51.34441],[-0.49606,51.34402],[-0.49233,51.34561],[-0.49209,51.34625],[-0.48947,51.34635],[-0.48703,51.34863],[-0.48554,51.34932],[-0.48272,51.34968],[-0.48019,51.34868],[-0.47934,51.35149],[-0.47748,51.35209],[-0.47624,51.35334],[-0.47629,51.35405],[-0.47184,51.3573],[-0.47201,51.3583],[-0.47468,51.36077],[-0.47651,51.3647],[-0.47494,51.367],[-0.47357,51.36777],[-0.47023,51.36828],[-0.46935,51.37026],[-0.46954,51.37529],[-0.47395,51.37889],[-0.47642,51.38305],[-0.47721,51.38339],[-0.48361,51.38325],[-0.48595,51.384],[-0.49114,51.38327],[-0.49568,51.38364],[-0.49646,51.38326],[-0.49834,51.3838],[-0.49868,51.3843],[-0.49968,51.38317],[-0.5012,51.38305],[-0.50428,51.38028],[-0.50773,51.37945],[-0.50809,51.37575],[-0.50991,51.37379],[-0.51074,51.37152],[-0.51671,51.3701],[-0.51686,51.36836],[-0.51867,51.36534],[-0.51737,51.36269],[-0.51961,51.36124],[-0.51946,51.35995],[-0.52257,51.35737],[-0.52215,51.357],[-0.52208,51.35152]]]},"properties":{"code":"KT15","area":"KT","colorSlot":1}},{"type":"Feature","geometry":{"type":"Polygon","coordinates":[[[-0.51867,51.36534],[-0.51686,51.36836],[-0.51671,51.3701],[-0.51079,51.37148],[-0.50991,51.37379],[-0.50809,51.37575],[-0.50773,51.37945],[-0.50432,51.38021],[-0.5012,51.38305],[-0.49968,51.38317],[-0.49896,51.38425],[-0.49646,51.38326],[-0.49568,51.38364],[-0.49114,51.38327],[-0.48595,51.384],[-0.48361,51.38325],[-0.47721,51.38339],[-0.47642,51.38305],[-0.46994,51.38362],[-0.46575,51.38648],[-0.47538,51.38732],[-0.47479,51.38799],[-0.47479,51.38921],[-0.47685,51.39089],[-0.48004,51.38889],[-0.48165,51.39232],[-0.48135,51.39348],[-0.48627,51.39614],[-0.48789,51.39599],[-0.49282,51.39701],[-0.49425,51.39994],[-0.48954,51.4016],[-0.49237,51.40421],[-0.49564,51.4041],[-0.49555,51.40697],[-0.49291,51.40845],[-0.49321,51.40961],[-0.49545,51.4108],[-0.49458,51.41158],[-0.4941,51.41297],[-0.4959,51.41355],[-0.49767,51.41331],[-0.50001,51.41508],[-0.50267,51.41227],[-0.50565,51.41272],[-0.51112,51.41087],[-0.51441,51.40821],[-0.51558,51.40809],[-0.52015,51.40477],[-0.52257,51.40533],[-0.52987,51.40407],[-0.53141,51.40284],[-0.53305,51.39984],[-0.53458,51.3993],[-0.54098,51.39984],[-0.54545,51.3982],[-0.54625,51.39302],[-0.55153,51.39195],[-0.55186,51.38778],[-0.55335,51.38644],[-0.5568,51.38577],[-0.56315,51.3861],[-0.56425,51.38665],[-0.5716,51.38503],[-0.58142,51.38576],[-0.58482,51.38435],[-0.59566,51.38639],[-0.60546,51.38297],[-0.60757,51.37529],[-0.59338,51.36834],[-0.59177,51.36843],[-0.587,51.37091],[-0.58201,51.37159],[-0.57786,51.37147],[-0.56709,51.36627],[-0.56723,51.36496],[-0.57068,51.35971],[-0.56862,51.35797],[-0.56203,51.35814],[-0.55464,51.36183],[-0.55286,51.36142],[-0.54728,51.35311],[-0.54869,51.3524],[-0.54469,51.34837],[-0.54299,51.34494],[-0.53398,51.34549],[-0.53111,51.3435],[-0.52496,51.34523],[-0.52256,51.34645],[-0.52374,51.35054],[-0.52208,51.35152],[-0.52215,51.357],[-0.52264,51.35728],[-0.51946,51.35995],[-0.51961,51.36124],[-0.51737,51.36269],[-0.51867,51.36534]]]},"properties":{"code":"KT16","area":"KT","colorSlot":2}},{"type":"Feature","geometry":{"type":"Polygon","coordinates":[[[-0.26335,51.3345],[-0.2643,51.33339],[-0.2624,51.3317],[-0.26146,51.3318],[-0.26124,51.33089],[-0.26013,51.33056],[-0.26072,51.32988],[-0.2602,51.32906],[-0.25823,51.3287],[-0.25836,51.32752],[-0.25652,51.32751],[-0.25664,51.32647],[-0.25557,51.3262],[-0.25533,51.32571],[-0.25644,51.32461],[-0.25425,51.3244],[-0.25367,51.32336],[-0.25422,51.32313],[-0.25396,51.32249],[-0.25492,51.32182],[-0.25315,51.32034],[-0.25238,51.31837],[-0.24975,51.31695],[-0.24828,51.31638],[-0.24688,51.31689],[-0.2413,51.3157],[-0.23731,51.317],[-0.23619,51.31655],[-0.23567,51.31521],[-0.234,51.31605],[-0.2298,51.31668],[-0.22848,51.31762],[-0.23306,51.32042],[-0.23143,51.32146],[-0.23217,51.32296],[-0.2315,51.32364],[-0.23005,51.32399],[-0.23118,51.32557],[-0.23195,51.32545],[-0.2346,51.32709],[-0.23143,51.3283],[-0.23115,51.33023],[-0.22873,51.33167],[-0.22966,51.33539],[-0.22661,51.33608],[-0.22788,51.33821],[-0.22688,51.33889],[-0.2277,51.34158],[-0.22566,51.34261],[-0.23062,51.3443],[-0.22984,51.3449],[-0.23485,51.34716],[-0.23449,51.34848],[-0.2314,51.34917],[-0.2318,51.35016],[-0.23055,51.35318],[-0.23064,51.35381],[-0.23413,51.35649],[-0.2347,51.35811],[-0.23371,51.35965],[-0.23195,51.36107],[-0.23296,51.36479],[-0.23182,51.36634],[-0.23308,51.36686],[-0.23511,51.36592],[-0.2368,51.36765],[-0.23837,51.36737],[-0.24054,51.36814],[-0.24331,51.3678],[-0.24468,51.36688],[-0.24587,51.36707],[-0.2467,51.36655],[-0.24646,51.36512],[-0.24799,51.36466],[-0.24778,51.36416],[-0.24893,51.36201],[-0.25025,51.36129],[-0.25035,51.36013],[-0.25166,51.35922],[-0.25159,51.35836],[-0.25373,51.35704],[-0.25393,51.35628],[-0.25528,51.35525],[-0.25433,51.35376],[-0.25539,51.35212],[-0.25667,51.35157],[-0.25731,51.35069],[-0.25776,51.34748],[-0.25979,51.34656],[-0.2605,51.34548],[-0.26017,51.34398],[-0.26146,51.34326],[-0.262,51.34165],[-0.2629,51.34083],[-0.26236,51.34007],[-0.26342,51.3393],[-0.26332,51.33824],[-0.26447,51.33777],[-0.26492,51.33679],[-0.26346,51.33554],[-0.26412,51.33492],[-0.26499,51.33482],[-0.26603,51.33539],[-0.26672,51.33513],[-0.26564,51.33445],[-0.26335,51.3345]]]},"properties":{"code":"KT17","area":"KT","colorSlot":1}},{"type":"Feature","geometry":{"type":"Polygon","coordinates":[[[-0.23546,51.31521],[-0.23619,51.31655],[-0.23731,51.317],[-0.2382,51.3164],[-0.24174,51.31573],[-0.24688,51.31689],[-0.24828,51.31638],[-0.25238,51.31837],[-0.25315,51.32034],[-0.25492,51.32182],[-0.25396,51.32249],[-0.25422,51.32313],[-0.25367,51.32336],[-0.25425,51.3244],[-0.25644,51.32461],[-0.25533,51.32571],[-0.25557,51.3262],[-0.25664,51.32647],[-0.25652,51.32751],[-0.25836,51.32752],[-0.25823,51.3287],[-0.2602,51.32906],[-0.26072,51.32988],[-0.26013,51.33056],[-0.26126,51.33063],[-0.26136,51.33168],[-0.26316,51.33198],[-0.26323,51.33249],[-0.26447,51.33316],[-0.26678,51.33309],[-0.26812,51.33224],[-0.27007,51.3329],[-0.27015,51.3323],[-0.27093,51.33256],[-0.27091,51.33304],[-0.27018,51.33316],[-0.27052,51.33348],[-0.27143,51.33328],[-0.27171,51.33365],[-0.27289,51.33303],[-0.27466,51.33299],[-0.27468,51.33212],[-0.27767,51.33111],[-0.27802,51.33181],[-0.28018,51.33263],[-0.2791,51.33341],[-0.2811,51.33465],[-0.28222,51.33383],[-0.28336,51.33389],[-0.2848,51.33327],[-0.28961,51.33384],[-0.30177,51.33667],[-0.30143,51.33889],[-0.30978,51.34176],[-0.31088,51.34091],[-0.31254,51.33501],[-0.31066,51.33153],[-0.2959,51.33103],[-0.29828,51.32544],[-0.29456,51.3235],[-0.29003,51.32235],[-0.28459,51.32272],[-0.2839,51.32136],[-0.28506,51.31894],[-0.28301,51.31676],[-0.28191,51.314],[-0.28035,51.31338],[-0.28065,51.31121],[-0.27973,51.30956],[-0.28054,51.30716],[-0.28,51.3068],[-0.28049,51.30491],[-0.28082,51.3046],[-0.28254,51.30485],[-0.28516,51.30377],[-0.28658,51.30187],[-0.28964,51.30055],[-0.29157,51.29881],[-0.29386,51.2955],[-0.2938,51.29499],[-0.29075,51.2927],[-0.29049,51.29189],[-0.28957,51.28655],[-0.29127,51.282],[-0.28638,51.28074],[-0.28516,51.27754],[-0.28998,51.27143],[-0.28682,51.26987],[-0.28102,51.26563],[-0.2812,51.26505],[-0.27173,51.26033],[-0.26931,51.26162],[-0.26923,51.26356],[-0.26766,51.26409],[-0.26585,51.26295],[-0.26237,51.26357],[-0.265,51.26841],[-0.26368,51.27183],[-0.2602,51.27593],[-0.26227,51.28097],[-0.25849,51.28296],[-0.25895,51.29173],[-0.25989,51.29287],[-0.25336,51.29614],[-0.25236,51.29958],[-0.25026,51.30163],[-0.24211,51.30188],[-0.24135,51.30232],[-0.24102,51.30336],[-0.24216,51.30439],[-0.23927,51.30537],[-0.23706,51.30375],[-0.23482,51.30351],[-0.23391,51.30374],[-0.23385,51.30528],[-0.23132,51.30499],[-0.23148,51.30572],[-0.2308,51.30616],[-0.22996,51.30567],[-0.22833,51.30609],[-0.22738,51.30689],[-0.22456,51.30604],[-0.22396,51.30693],[-0.22483,51.30855],[-0.22639,51.30921],[-0.22662,51.31023],[-0.22522,51.31071],[-0.22498,51.31141],[-0.22674,51.31238],[-0.227,51.31321],[-0.22316,51.31536],[-0.22561,51.31749],[-0.22848,51.31762],[-0.2298,51.31668],[-0.234,51.31605],[-0.23546,51.31521]]]},"properties":{"code":"KT18","area":"KT","colorSlot":0}},{"type":"Feature","geometry":{"type":"Polygon","coordinates":[[[-0.25783,51.37031],[-0.26225,51.37126],[-0.26261,51.3703],[-0.26333,51.36993],[-0.26302,51.36895],[-0.26357,51.36888],[-0.26501,51.36944],[-0.26553,51.37067],[-0.26819,51.37096],[-0.26985,51.37241],[-0.27166,51.37303],[-0.27476,51.37217],[-0.2803,51.3726],[-0.28038,51.37064],[-0.28311,51.36806],[-0.2837,51.36606],[-0.28774,51.36249],[-0.2898,51.36147],[-0.28749,51.3609],[-0.2865,51.3594],[-0.28648,51.35774],[-0.28577,51.35576],[-0.291,51.35486],[-0.29571,51.35242],[-0.29911,51.3495],[-0.29861,51.34692],[-0.30947,51.34281],[-0.30978,51.34176],[-0.30143,51.33889],[-0.30177,51.33667],[-0.28961,51.33384],[-0.2848,51.33327],[-0.28336,51.33389],[-0.28222,51.33383],[-0.2811,51.33465],[-0.27918,51.33353],[-0.28018,51.33263],[-0.27802,51.33181],[-0.27767,51.33111],[-0.27468,51.33212],[-0.27466,51.33299],[-0.27289,51.33303],[-0.27171,51.33365],[-0.27143,51.33328],[-0.27052,51.33348],[-0.27018,51.33316],[-0.27091,51.33304],[-0.27093,51.33256],[-0.27015,51.3323],[-0.27007,51.3329],[-0.26812,51.33224],[-0.2668,51.333],[-0.26447,51.33316],[-0.26332,51.33421],[-0.26388,51.3346],[-0.26564,51.33445],[-0.26672,51.33513],[-0.26603,51.33539],[-0.26499,51.33482],[-0.26412,51.33492],[-0.26346,51.33554],[-0.26481,51.33667],[-0.26447,51.33777],[-0.26332,51.33824],[-0.26341,51.33927],[-0.26245,51.33998],[-0.2629,51.34083],[-0.26198,51.34157],[-0.26146,51.34326],[-0.26027,51.34395],[-0.2605,51.34548],[-0.25979,51.34656],[-0.25776,51.34748],[-0.25731,51.35069],[-0.2555,51.35203],[-0.25433,51.35376],[-0.2552,51.35516],[-0.25279,51.35776],[-0.25159,51.35836],[-0.25035,51.36013],[-0.25025,51.36129],[-0.24893,51.36201],[-0.24778,51.36416],[-0.24805,51.36464],[-0.24646,51.36512],[-0.2467,51.36655],[-0.24587,51.36707],[-0.24497,51.36896],[-0.2464,51.36937],[-0.24755,51.36884],[-0.24866,51.36945],[-0.24859,51.37005],[-0.25106,51.3701],[-0.25191,51.37092],[-0.25165,51.37183],[-0.25392,51.37172],[-0.25783,51.37031]]]},"properties":{"code":"KT19","area":"KT","colorSlot":3}},{"type":"Feature","geometry":{"type":"Polygon","coordinates":[[[-0.25895,51.29173],[-0.25849,51.28296],[-0.26227,51.28097],[-0.2602,51.27597],[-0.26368,51.27183],[-0.265,51.26841],[-0.26237,51.26357],[-0.26585,51.26295],[-0.26766,51.26409],[-0.26923,51.26356],[-0.26931,51.26162],[-0.27173,51.26033],[-0.2812,51.26505],[-0.28248,51.26327],[-0.28249,51.26168],[-0.29104,51.25691],[-0.29243,51.25665],[-0.3025,51.25787],[-0.30405,51.25872],[-0.31109,51.25607],[-0.31486,51.25353],[-0.31857,51.24849],[-0.31785,51.24676],[-0.31399,51.24542],[-0.30837,51.24895],[-0.30383,51.24724],[-0.30217,51.24491],[-0.29778,51.24534],[-0.29511,51.24466],[-0.2913,51.24513],[-0.28898,51.24723],[-0.28478,51.24745],[-0.2791,51.24608],[-0.27706,51.24642],[-0.2759,51.24829],[-0.27409,51.24962],[-0.27252,51.25349],[-0.2688,51.25624],[-0.2593,51.25757],[-0.24835,51.25681],[-0.24687,51.2556],[-0.23544,51.25165],[-0.23267,51.25204],[-0.22661,51.2518],[-0.22317,51.25376],[-0.22129,51.25416],[-0.2175,51.25425],[-0.21193,51.25264],[-0.20748,51.25381],[-0.20631,51.25436],[-0.207,51.2567],[-0.20336,51.2584],[-0.19807,51.25793],[-0.18977,51.26034],[-0.1956,51.26475],[-0.19421,51.26837],[-0.20086,51.27335],[-0.20292,51.27622],[-0.20325,51.28338],[-0.1988,51.28606],[-0.19304,51.28423],[-0.19147,51.28437],[-0.18959,51.28629],[-0.1874,51.28725],[-0.18091,51.28867],[-0.18137,51.29245],[-0.18304,51.29306],[-0.18654,51.30247],[-0.1878,51.30237],[-0.20051,51.30884],[-0.20255,51.30846],[-0.20668,51.31194],[-0.21129,51.31298],[-0.21307,51.31196],[-0.21491,51.31251],[-0.21618,51.31351],[-0.21631,51.31424],[-0.21777,51.31489],[-0.21995,51.31446],[-0.22309,51.31536],[-0.227,51.31321],[-0.22674,51.31238],[-0.22498,51.31141],[-0.22522,51.31071],[-0.22653,51.31042],[-0.22639,51.30921],[-0.22483,51.30855],[-0.22396,51.30693],[-0.22456,51.30604],[-0.22738,51.30689],[-0.22967,51.30563],[-0.2308,51.30616],[-0.23138,51.30594],[-0.23132,51.30499],[-0.23385,51.30528],[-0.23391,51.30374],[-0.23524,51.30349],[-0.23706,51.30375],[-0.23927,51.30537],[-0.24216,51.30439],[-0.24102,51.30336],[-0.24135,51.30232],[-0.24211,51.30188],[-0.25026,51.30163],[-0.25236,51.29958],[-0.25336,51.29614],[-0.25989,51.29287],[-0.25895,51.29173]]]},"properties":{"code":"KT20","area":"KT","colorSlot":1}},{"type":"Feature","geometry":{"type":"Polygon","coordinates":[[[-0.31276,51.32868],[-0.31686,51.32812],[-0.31985,51.32544],[-0.32509,51.32258],[-0.32507,51.32103],[-0.326,51.3195],[-0.32932,51.31708],[-0.3272,51.31511],[-0.32665,51.31291],[-0.32557,51.31171],[-0.32527,51.31001],[-0.32394,51.30818],[-0.32244,51.30726],[-0.32211,51.30526],[-0.31637,51.30319],[-0.31217,51.30312],[-0.3118,51.30281],[-0.31192,51.30181],[-0.30835,51.30034],[-0.30836,51.29973],[-0.30484,51.29814],[-0.30061,51.29941],[-0.2997,51.29919],[-0.29386,51.2955],[-0.29157,51.29881],[-0.28964,51.30055],[-0.28658,51.30187],[-0.28516,51.30377],[-0.28254,51.30485],[-0.28082,51.3046],[-0.28049,51.30491],[-0.28,51.3068],[-0.28054,51.30716],[-0.27993,51.30947],[-0.28065,51.31121],[-0.28035,51.31338],[-0.28191,51.314],[-0.28297,51.31674],[-0.28506,51.31894],[-0.2839,51.32136],[-0.28459,51.32272],[-0.29003,51.32235],[-0.29698,51.32444],[-0.29828,51.32544],[-0.2959,51.33103],[-0.31066,51.33153],[-0.31276,51.32868]]]},"properties":{"code":"KT21","area":"KT","colorSlot":3}},{"type":"Feature","geometry":{"type":"Polygon","coordinates":[[[-0.36778,51.32955],[-0.36896,51.32722],[-0.36668,51.32532],[-0.36771,51.32169],[-0.36286,51.32006],[-0.35792,51.31922],[-0.35814,51.31858],[-0.35597,51.31498],[-0.35713,51.31251],[-0.36334,51.31054],[-0.36432,51.30939],[-0.36436,51.3072],[-0.36806,51.3041],[-0.3705,51.30338],[-0.38161,51.29814],[-0.37493,51.29473],[-0.37449,51.29374],[-0.3717,51.29358],[-0.37181,51.29247],[-0.3742,51.29231],[-0.37294,51.29097],[-0.37213,51.29121],[-0.36937,51.28972],[-0.37043,51.28772],[-0.36933,51.28687],[-0.36753,51.28712],[-0.36687,51.28612],[-0.36719,51.28493],[-0.36478,51.28495],[-0.36409,51.2858],[-0.36348,51.28577],[-0.36313,51.28505],[-0.36121,51.28499],[-0.36098,51.28444],[-0.36145,51.28386],[-0.35979,51.283],[-0.35972,51.28212],[-0.36132,51.28204],[-0.36221,51.28114],[-0.36236,51.28061],[-0.36189,51.28014],[-0.36083,51.27956],[-0.3601,51.28088],[-0.35521,51.28051],[-0.35347,51.27863],[-0.34899,51.27663],[-0.35314,51.27377],[-0.35475,51.27192],[-0.357,51.26851],[-0.35573,51.26723],[-0.34843,51.26299],[-0.34638,51.26293],[-0.34378,51.26387],[-0.34073,51.26675],[-0.33928,51.27079],[-0.33853,51.27634],[-0.33508,51.27729],[-0.32396,51.27599],[-0.32227,51.27434],[-0.31854,51.27523],[-0.31731,51.27409],[-0.30949,51.27435],[-0.30636,51.27237],[-0.29879,51.2746],[-0.28998,51.27143],[-0.28556,51.27664],[-0.28516,51.27754],[-0.28638,51.28074],[-0.29127,51.282],[-0.28957,51.28655],[-0.29075,51.29123],[-0.29049,51.29189],[-0.29075,51.2927],[-0.2938,51.29499],[-0.29386,51.2955],[-0.2997,51.29919],[-0.30061,51.29941],[-0.30484,51.29814],[-0.30832,51.2997],[-0.30835,51.30034],[-0.31192,51.30181],[-0.31217,51.30312],[-0.31637,51.30319],[-0.31927,51.30461],[-0.32204,51.30512],[-0.32244,51.30726],[-0.32394,51.30818],[-0.32504,51.30987],[-0.32557,51.31171],[-0.32665,51.31291],[-0.3272,51.31511],[-0.32932,51.31708],[-0.326,51.3195],[-0.32507,51.32103],[-0.32509,51.32258],[-0.31985,51.32544],[-0.31686,51.32812],[-0.32737,51.33198],[-0.32882,51.33293],[-0.33599,51.33497],[-0.33598,51.33548],[-0.33017,51.34183],[-0.32933,51.34566],[-0.33265,51.34633],[-0.34492,51.34717],[-0.35085,51.34913],[-0.35526,51.34816],[-0.35839,51.34803],[-0.36133,51.34563],[-0.36365,51.34541],[-0.373,51.34804],[-0.37341,51.34779],[-0.37239,51.34626],[-0.369,51.34336],[-0.36663,51.34222],[-0.36495,51.34001],[-0.36753,51.33831],[-0.36761,51.33484],[-0.36994,51.3332],[-0.36963,51.33226],[-0.36866,51.33163],[-0.36895,51.33064],[-0.3679,51.33025],[-0.36778,51.32955]]]},"properties":{"code":"KT22","area":"KT","colorSlot":2}},{"type":"Feature","geometry":{"type":"Polygon","coordinates":[[[-0.39803,51.28196],[-0.3975,51.28112],[-0.39848,51.27927],[-0.39752,51.27744],[-0.39339,51.27491],[-0.39325,51.27207],[-0.39398,51.27167],[-0.39362,51.2707],[-0.38967,51.26835],[-0.39105,51.26786],[-0.39158,51.26718],[-0.38956,51.26698],[-0.38907,51.26652],[-0.39151,51.26527],[-0.39201,51.26699],[-0.39342,51.26683],[-0.39539,51.26576],[-0.39498,51.26401],[-0.39158,51.26235],[-0.39089,51.25978],[-0.38379,51.25494],[-0.38213,51.25619],[-0.37938,51.26191],[-0.3686,51.26141],[-0.36746,51.26047],[-0.36436,51.25496],[-0.35102,51.26098],[-0.34857,51.26291],[-0.35573,51.26723],[-0.357,51.26851],[-0.35314,51.27377],[-0.34899,51.27663],[-0.35347,51.27863],[-0.35499,51.2804],[-0.35709,51.28095],[-0.36005,51.2809],[-0.36083,51.27956],[-0.36189,51.28014],[-0.36236,51.28061],[-0.36221,51.28114],[-0.36132,51.28204],[-0.35972,51.28212],[-0.35979,51.283],[-0.36145,51.28386],[-0.36098,51.28444],[-0.36121,51.28499],[-0.36313,51.28505],[-0.36348,51.28577],[-0.36409,51.2858],[-0.36478,51.28495],[-0.36719,51.28493],[-0.36687,51.28612],[-0.36753,51.28712],[-0.36933,51.28687],[-0.37033,51.28756],[-0.37051,51.28801],[-0.3694,51.28908],[-0.36937,51.28972],[-0.372,51.29119],[-0.37294,51.29097],[-0.3742,51.29231],[-0.37181,51.29247],[-0.3717,51.29358],[-0.37449,51.29374],[-0.37493,51.29473],[-0.38161,51.29814],[-0.3825,51.29731],[-0.3914,51.29637],[-0.39279,51.29662],[-0.39502,51.29844],[-0.40476,51.2999],[-0.40166,51.29068],[-0.401,51.29011],[-0.4004,51.28475],[-0.39803,51.28196]]]},"properties":{"code":"KT23","area":"KT","colorSlot":0}},{"type":"Feature","geometry":{"type":"Polygon","coordinates":[[[-0.43497,51.28967],[-0.44162,51.29109],[-0.44825,51.28622],[-0.44881,51.28532],[-0.45051,51.28501],[-0.45502,51.28681],[-0.46059,51.28148],[-0.469,51.2846],[-0.47255,51.28369],[-0.47781,51.28085],[-0.47381,51.2666],[-0.46798,51.26296],[-0.46681,51.25973],[-0.46693,51.25767],[-0.46999,51.25194],[-0.46435,51.24809],[-0.46728,51.2433],[-0.46578,51.23952],[-0.46486,51.23347],[-0.45085,51.2324],[-0.44262,51.23434],[-0.43117,51.23172],[-0.42478,51.23208],[-0.42308,51.23828],[-0.41106,51.24759],[-0.41154,51.25019],[-0.40776,51.25249],[-0.40266,51.25211],[-0.39498,51.25348],[-0.38576,51.25257],[-0.38379,51.25494],[-0.39089,51.25978],[-0.39145,51.26216],[-0.39253,51.2631],[-0.39498,51.26401],[-0.39539,51.26576],[-0.3936,51.26685],[-0.3921,51.267],[-0.39151,51.26527],[-0.38907,51.26652],[-0.38956,51.26698],[-0.39158,51.26718],[-0.39105,51.26786],[-0.38967,51.26835],[-0.39362,51.2707],[-0.39398,51.27167],[-0.39325,51.27207],[-0.39339,51.27491],[-0.39742,51.27739],[-0.39848,51.27927],[-0.3975,51.28112],[-0.4004,51.28475],[-0.401,51.29011],[-0.40166,51.29068],[-0.40476,51.2999],[-0.40588,51.30071],[-0.40733,51.30067],[-0.41506,51.29438],[-0.42049,51.29295],[-0.43127,51.29385],[-0.43265,51.29161],[-0.43497,51.28967]]]},"properties":{"code":"KT24","area":"KT","colorSlot":2}},{"type":"Feature","geometry":{"type":"Polygon","coordinates":[[[0.17586,51.5816],[0.17738,51.58102],[0.178,51.57987],[0.17755,51.5779],[0.17666,51.57732],[0.17696,51.57653],[0.17889,51.57617],[0.17994,51.57473],[0.17937,51.57401],[0.18,51.57343],[0.1817,51.57329],[0.18261,51.57163],[0.18404,51.57186],[0.18419,51.5711],[0.18509,51.57037],[0.18487,51.56968],[0.18585,51.56955],[0.18621,51.56869],[0.1843,51.5682],[0.18675,51.56561],[0.18852,51.56644],[0.18785,51.56677],[0.18651,51.56649],[0.18655,51.56734],[0.18913,51.56818],[0.18931,51.56922],[0.19042,51.56974],[0.18912,51.57031],[0.188,51.5695],[0.18751,51.57014],[0.1864,51.56999],[0.18595,51.57057],[0.18638,51.57081],[0.18827,51.5707],[0.18859,51.57142],[0.19003,51.57116],[0.19514,51.5729],[0.19589,51.57196],[0.19775,51.57244],[0.19975,51.57196],[0.20012,51.57373],[0.201,51.57443],[0.19951,51.57511],[0.19924,51.57628],[0.19803,51.5768],[0.19804,51.57746],[0.1958,51.57734],[0.19443,51.57792],[0.19278,51.57774],[0.19212,51.57722],[0.19015,51.57789],[0.19007,51.57844],[0.19128,51.57895],[0.19115,51.57947],[0.19259,51.58204],[0.19086,51.58444],[0.19169,51.58545],[0.19079,51.58735],[0.19062,51.58912],[0.18907,51.59012],[0.18644,51.59047],[0.18412,51.59271],[0.18446,51.59354],[0.18712,51.59333],[0.18908,51.59405],[0.19347,51.59849],[0.19638,51.60001],[0.19855,51.60215],[0.19944,51.6059],[0.1971,51.60847],[0.19493,51.60997],[0.19172,51.6103],[0.18969,51.60914],[0.18032,51.60925],[0.17821,51.60776],[0.17732,51.60633],[0.17819,51.6056],[0.17756,51.60513],[0.17794,51.60486],[0.17778,51.60416],[0.17948,51.60368],[0.17908,51.60252],[0.17823,51.6023],[0.17916,51.60121],[0.17757,51.60097],[0.17707,51.59951],[0.17537,51.59913],[0.17502,51.59857],[0.17528,51.59778],[0.17422,51.59772],[0.17442,51.59664],[0.17364,51.59657],[0.17253,51.59433],[0.17326,51.5934],[0.1729,51.59295],[0.17324,51.59257],[0.1727,51.59164],[0.17172,51.59119],[0.17221,51.59055],[0.17173,51.58989],[0.17205,51.58931],[0.17069,51.58867],[0.16927,51.58902],[0.16964,51.5874],[0.1713,51.58662],[0.17184,51.58574],[0.17353,51.5855],[0.17279,51.58468],[0.17355,51.58347],[0.1729,51.58276],[0.17336,51.58207],[0.17586,51.5816]]]},"properties":{"code":"RM1","area":"RM","colorSlot":0}},{"type":"Feature","geometry":{"type":"Polygon","coordinates":[[[0.18907,51.59012],[0.19062,51.58912],[0.19079,51.58735],[0.19169,51.58545],[0.19086,51.58444],[0.19259,51.58204],[0.1915,51.58097],[0.19186,51.58044],[0.19115,51.57947],[0.19128,51.57895],[0.19047,51.57877],[0.1899,51.57802],[0.19208,51.57721],[0.19379,51.57791],[0.1958,51.57734],[0.19798,51.5775],[0.19803,51.5768],[0.19899,51.57627],[0.19933,51.57532],[0.20185,51.57352],[0.20283,51.57344],[0.20486,51.57392],[0.20826,51.57665],[0.20866,51.57768],[0.20756,51.57898],[0.21059,51.57869],[0.20998,51.5796],[0.21029,51.58114],[0.21149,51.5814],[0.21189,51.58226],[0.21349,51.58202],[0.21442,51.58322],[0.21544,51.58356],[0.21583,51.58416],[0.21452,51.58558],[0.22089,51.58799],[0.22021,51.58929],[0.21946,51.5897],[0.2182,51.5895],[0.2176,51.59031],[0.21427,51.5915],[0.21342,51.59279],[0.21013,51.59215],[0.20524,51.59386],[0.20036,51.59291],[0.19432,51.59869],[0.19347,51.59849],[0.18908,51.59405],[0.1862,51.59337],[0.18446,51.59354],[0.18412,51.59271],[0.18498,51.59218],[0.18539,51.59123],[0.18644,51.59047],[0.18907,51.59012]]]},"properties":{"code":"RM2","area":"RM","colorSlot":3}},{"type":"Feature","geometry":{"type":"Polygon","coordinates":[[[0.22905,51.58521],[0.22988,51.58439],[0.22985,51.58367],[0.23138,51.58339],[0.23188,51.58494],[0.2334,51.58409],[0.23469,51.58411],[0.23505,51.5848],[0.24396,51.58486],[0.24531,51.58441],[0.24847,51.58538],[0.25052,51.58903],[0.25338,51.59055],[0.25361,51.5919],[0.2501,51.59403],[0.25673,51.5985],[0.2579,51.59876],[0.25817,51.60322],[0.26216,51.60517],[0.26162,51.60658],[0.25402,51.60973],[0.25177,51.61501],[0.24959,51.61682],[0.2391,51.61844],[0.23026,51.62691],[0.22825,51.62606],[0.22566,51.62221],[0.2239,51.62164],[0.22015,51.6211],[0.21895,51.62224],[0.2145,51.62214],[0.20549,51.62332],[0.20467,51.6205],[0.2087,51.61685],[0.20867,51.61605],[0.20741,51.61444],[0.21012,51.61141],[0.20797,51.61059],[0.20755,51.60938],[0.1971,51.60847],[0.19944,51.60612],[0.19855,51.60215],[0.19432,51.59869],[0.19846,51.59435],[0.20083,51.59274],[0.20506,51.59391],[0.21013,51.59215],[0.21314,51.59275],[0.21427,51.5915],[0.2176,51.59032],[0.2182,51.5895],[0.22011,51.58949],[0.22089,51.58799],[0.22425,51.58866],[0.22453,51.5884],[0.22381,51.58735],[0.2244,51.58633],[0.22722,51.58691],[0.22728,51.58528],[0.22905,51.58521]]]},"properties":{"code":"RM3","area":"RM","colorSlot":1}},{"type":"Feature","geometry":{"type":"Polygon","coordinates":[[[0.11283,51.64222],[0.11258,51.64105],[0.12184,51.63775],[0.12185,51.6328],[0.12078,51.63044],[0.12375,51.62736],[0.13175,51.62076],[0.13941,51.62295],[0.14101,51.623],[0.15225,51.6198],[0.15652,51.62095],[0.16356,51.61707],[0.1693,51.61516],[0.17068,51.61319],[0.17303,51.61203],[0.17434,51.60966],[0.17645,51.60872],[0.17912,51.60876],[0.18032,51.60925],[0.18969,51.60914],[0.19172,51.6103],[0.19493,51.60997],[0.1971,51.60847],[0.20682,51.60922],[0.20755,51.60938],[0.20797,51.61059],[0.2101,51.61118],[0.20997,51.61186],[0.20741,51.61444],[0.20867,51.61605],[0.2087,51.61685],[0.20467,51.6205],[0.20549,51.62332],[0.2145,51.62214],[0.21895,51.62224],[0.22015,51.6211],[0.2239,51.62164],[0.22566,51.62221],[0.22825,51.62606],[0.23026,51.62691],[0.23144,51.63024],[0.22847,51.63372],[0.21899,51.63433],[0.21837,51.63364],[0.21099,51.62996],[0.20368,51.63329],[0.20245,51.63507],[0.20359,51.63697],[0.21353,51.63953],[0.21408,51.6425],[0.22704,51.64442],[0.23289,51.64655],[0.23446,51.64777],[0.23386,51.65588],[0.23723,51.65714],[0.2241,51.67019],[0.22037,51.66919],[0.21584,51.6687],[0.21324,51.66657],[0.20482,51.66444],[0.19926,51.66095],[0.19298,51.66881],[0.18807,51.67064],[0.18536,51.67075],[0.18676,51.67834],[0.18803,51.68139],[0.18172,51.68771],[0.17112,51.68304],[0.16548,51.68225],[0.16498,51.6815],[0.16615,51.67314],[0.16031,51.66825],[0.15838,51.66878],[0.14383,51.66937],[0.13869,51.66465],[0.13757,51.66447],[0.12771,51.66639],[0.12368,51.6662],[0.12093,51.66239],[0.12066,51.65904],[0.10605,51.65824],[0.10311,51.65459],[0.10206,51.65432],[0.10015,51.65237],[0.09913,51.64945],[0.10963,51.64543],[0.11283,51.64222]]]},"properties":{"code":"RM4","area":"RM","colorSlot":3}},{"type":"Feature","geometry":{"type":"Polygon","coordinates":[[[0.15149,51.6188],[0.14778,51.61435],[0.14866,51.60904],[0.1462,51.60522],[0.14529,51.60482],[0.13952,51.60516],[0.12904,51.59812],[0.1301,51.59629],[0.13594,51.5962],[0.14236,51.59241],[0.15003,51.59005],[0.15017,51.59145],[0.15274,51.59537],[0.15586,51.59794],[0.15671,51.59761],[0.15657,51.59706],[0.15547,51.5967],[0.15618,51.59622],[0.15771,51.5966],[0.15954,51.59617],[0.1604,51.59686],[0.1625,51.59664],[0.16309,51.5972],[0.16398,51.59634],[0.16404,51.5956],[0.16295,51.59506],[0.16411,51.59389],[0.16327,51.59321],[0.16349,51.59242],[0.16499,51.59159],[0.16494,51.59073],[0.16398,51.58952],[0.16584,51.58857],[0.16682,51.5896],[0.16804,51.58869],[0.16675,51.58783],[0.16687,51.58736],[0.16785,51.58689],[0.16904,51.58706],[0.17133,51.58498],[0.17279,51.58468],[0.17353,51.5855],[0.17184,51.58574],[0.16964,51.5874],[0.169,51.58895],[0.17069,51.58867],[0.17205,51.58931],[0.17173,51.58989],[0.17221,51.59055],[0.17169,51.59113],[0.1727,51.59164],[0.17324,51.59257],[0.1729,51.59295],[0.17326,51.5934],[0.17253,51.59433],[0.17364,51.59657],[0.17442,51.59664],[0.17422,51.59772],[0.17528,51.59778],[0.17502,51.59857],[0.17707,51.59951],[0.17738,51.60089],[0.17916,51.60121],[0.17824,51.60224],[0.17908,51.60252],[0.17948,51.60367],[0.17791,51.60404],[0.17756,51.60513],[0.17819,51.6056],[0.17734,51.60628],[0.17912,51.60876],[0.17645,51.60872],[0.17434,51.60966],[0.17303,51.61203],[0.17068,51.61319],[0.1693,51.61516],[0.16356,51.61707],[0.15652,51.62095],[0.15225,51.6198],[0.15149,51.6188]]]},"properties":{"code":"RM5","area":"RM","colorSlot":4}},{"type":"Feature","geometry":{"type":"Polygon","coordinates":[[[0.11152,51.56722],[0.11131,51.56628],[0.11171,51.56585],[0.11351,51.56616],[0.11411,51.56694],[0.12183,51.56623],[0.12371,51.56731],[0.12868,51.568],[0.12955,51.56707],[0.13084,51.56791],[0.13483,51.56744],[0.13901,51.56882],[0.13985,51.56869],[0.1407,51.56934],[0.14211,51.5687],[0.14496,51.56916],[0.14777,51.57044],[0.14986,51.57037],[0.15181,51.57142],[0.15021,51.57453],[0.15318,51.57853],[0.14895,51.58018],[0.14766,51.58461],[0.14755,51.5865],[0.15011,51.58984],[0.14236,51.59241],[0.13594,51.5962],[0.1301,51.59629],[0.12904,51.59812],[0.1274,51.5993],[0.12482,51.59986],[0.11668,51.60027],[0.11062,51.59819],[0.10884,51.59381],[0.11555,51.5903],[0.11139,51.58622],[0.11248,51.58288],[0.11651,51.58063],[0.11552,51.58013],[0.11738,51.5793],[0.11581,51.5789],[0.11314,51.57499],[0.11298,51.57446],[0.11363,51.57384],[0.11243,51.57258],[0.11321,51.57176],[0.11245,51.57152],[0.11182,51.57036],[0.11265,51.56928],[0.11082,51.56812],[0.11152,51.56722]]]},"properties":{"code":"RM6","area":"RM","colorSlot":1}},{"type":"Feature","geometry":{"type":"Polygon","coordinates":[[[0.18269,51.56129],[0.1838,51.56265],[0.18303,51.56354],[0.18402,51.5642],[0.18525,51.56419],[0.18672,51.56545],[0.1843,51.5682],[0.18617,51.56861],[0.18585,51.56955],[0.18487,51.56967],[0.18509,51.57037],[0.18399,51.57091],[0.18404,51.57186],[0.18261,51.57163],[0.1817,51.57329],[0.18,51.57343],[0.17937,51.57401],[0.17994,51.57473],[0.17897,51.57612],[0.17696,51.57653],[0.17666,51.57732],[0.17755,51.5779],[0.17806,51.57963],[0.17738,51.58102],[0.17336,51.58207],[0.1729,51.58276],[0.17355,51.58347],[0.17279,51.58463],[0.17133,51.58498],[0.16904,51.58706],[0.16785,51.58689],[0.16687,51.58736],[0.16675,51.58783],[0.16801,51.58867],[0.16682,51.5896],[0.16584,51.58857],[0.16405,51.5895],[0.16504,51.59153],[0.1636,51.59241],[0.16327,51.59321],[0.16411,51.59389],[0.16295,51.59506],[0.16404,51.5956],[0.16309,51.5972],[0.1625,51.59664],[0.1604,51.59686],[0.15974,51.59618],[0.15785,51.59671],[0.15618,51.59622],[0.15547,51.5967],[0.15657,51.59706],[0.15671,51.59761],[0.1559,51.59792],[0.15268,51.59559],[0.1519,51.59355],[0.15017,51.59145],[0.15003,51.59005],[0.14755,51.5865],[0.14766,51.58461],[0.14895,51.58018],[0.15318,51.57853],[0.15027,51.57479],[0.15181,51.57142],[0.14986,51.57037],[0.14777,51.57044],[0.14637,51.56982],[0.14817,51.56845],[0.14934,51.56841],[0.14964,51.56773],[0.15175,51.56796],[0.15219,51.56648],[0.1537,51.56486],[0.15731,51.56547],[0.15814,51.56248],[0.16033,51.56269],[0.16127,51.5618],[0.16105,51.55975],[0.16158,51.55932],[0.16575,51.55969],[0.16835,51.55943],[0.17187,51.55823],[0.17297,51.55503],[0.17143,51.55293],[0.17101,51.55026],[0.1752,51.54793],[0.17808,51.54813],[0.18167,51.54997],[0.1833,51.55119],[0.18412,51.55246],[0.18499,51.55683],[0.18437,51.55752],[0.18452,51.55897],[0.18404,51.56026],[0.18269,51.56129]]]},"properties":{"code":"RM7","area":"RM","colorSlot":2}},{"type":"Feature","geometry":{"type":"Polygon","coordinates":[[[0.13026,51.55187],[0.13126,51.55239],[0.1342,51.55212],[0.13536,51.55276],[0.13667,51.55224],[0.13693,51.55306],[0.1384,51.5531],[0.13876,51.55365],[0.14447,51.5547],[0.14499,51.55577],[0.14633,51.55611],[0.14698,51.55687],[0.14703,51.55769],[0.14771,51.55805],[0.14725,51.55908],[0.14778,51.5592],[0.14851,51.56107],[0.1501,51.56143],[0.15449,51.56083],[0.15804,51.56156],[0.15731,51.56547],[0.15389,51.56482],[0.15234,51.56636],[0.15175,51.56796],[0.14979,51.56775],[0.14934,51.56841],[0.14817,51.56845],[0.14628,51.56973],[0.14211,51.5687],[0.1407,51.56934],[0.13985,51.56869],[0.13901,51.56882],[0.13483,51.56744],[0.13084,51.56791],[0.12955,51.56707],[0.12868,51.568],[0.12598,51.56766],[0.12049,51.56608],[0.11905,51.56441],[0.11948,51.56321],[0.11618,51.5586],[0.11424,51.55827],[0.11307,51.55675],[0.11146,51.55569],[0.11079,51.55402],[0.1095,51.55308],[0.10889,51.55154],[0.11038,51.55023],[0.11015,51.54865],[0.11105,51.5478],[0.11075,51.54666],[0.11109,51.54609],[0.11082,51.5448],[0.1086,51.54203],[0.10849,51.54111],[0.11013,51.54059],[0.11465,51.54171],[0.11657,51.54295],[0.11959,51.54347],[0.11964,51.544],[0.12136,51.54435],[0.12333,51.54571],[0.12585,51.5459],[0.12541,51.5473],[0.12658,51.54758],[0.12726,51.54823],[0.1273,51.54902],[0.12847,51.54908],[0.12961,51.551],[0.13032,51.55091],[0.13026,51.55187]]]},"properties":{"code":"RM8","area":"RM","colorSlot":0}},{"type":"Feature","geometry":{"type":"Polygon","coordinates":[[[0.11245,51.53761],[0.11155,51.53737],[0.11136,51.53663],[0.11004,51.53583],[0.10705,51.53501],[0.10707,51.53318],[0.11064,51.53217],[0.11378,51.5329],[0.12185,51.53305],[0.12956,51.53188],[0.13314,51.53225],[0.13677,51.53129],[0.13541,51.52936],[0.13598,51.52643],[0.12862,51.52537],[0.12625,51.52212],[0.12292,51.51919],[0.12703,51.51729],[0.13448,51.5153],[0.14144,51.51247],[0.1449,51.50945],[0.15774,51.51183],[0.15921,51.51251],[0.15999,51.5149],[0.15948,51.51703],[0.16283,51.52054],[0.16656,51.52267],[0.16653,51.52381],[0.16546,51.52593],[0.16361,51.52696],[0.16054,51.52469],[0.15847,51.52589],[0.15517,51.52638],[0.15642,51.52863],[0.15549,51.52921],[0.15254,51.52892],[0.15161,51.5298],[0.15171,51.5304],[0.14894,51.53138],[0.14879,51.53241],[0.14787,51.53286],[0.14882,51.53346],[0.14819,51.53394],[0.14822,51.53569],[0.14765,51.5359],[0.14851,51.53671],[0.14768,51.53771],[0.14864,51.53844],[0.14758,51.53882],[0.1485,51.53936],[0.14773,51.54008],[0.14822,51.54144],[0.14707,51.54177],[0.14784,51.54217],[0.14753,51.54343],[0.1482,51.54393],[0.14824,51.54438],[0.14765,51.54452],[0.14819,51.54553],[0.14732,51.54646],[0.14811,51.54734],[0.14748,51.54821],[0.14771,51.54951],[0.1473,51.54996],[0.14781,51.55084],[0.14736,51.55098],[0.14737,51.55422],[0.14643,51.55464],[0.14766,51.55538],[0.14633,51.55611],[0.14499,51.55577],[0.14447,51.5547],[0.14215,51.55402],[0.14064,51.5543],[0.1384,51.5531],[0.13693,51.55306],[0.13667,51.55224],[0.13536,51.55276],[0.1342,51.55212],[0.13053,51.55221],[0.13032,51.55091],[0.12961,51.551],[0.12847,51.54908],[0.1273,51.54902],[0.12675,51.54773],[0.12541,51.5473],[0.12585,51.5459],[0.12333,51.54571],[0.12227,51.54473],[0.11964,51.544],[0.11959,51.54347],[0.11657,51.54295],[0.11465,51.54171],[0.11013,51.54059],[0.11302,51.53933],[0.11318,51.53851],[0.11245,51.53761]]]},"properties":{"code":"RM9","area":"RM","colorSlot":4}},{"type":"Feature","geometry":{"type":"Polygon","coordinates":[[[0.14781,51.55085],[0.1473,51.54996],[0.1477,51.54968],[0.14748,51.54821],[0.14811,51.54734],[0.14735,51.54659],[0.14819,51.54553],[0.14765,51.54455],[0.14821,51.54441],[0.1482,51.54393],[0.14753,51.54355],[0.1478,51.5424],[0.14718,51.54189],[0.14822,51.54144],[0.14773,51.54008],[0.1485,51.53936],[0.14754,51.539],[0.14864,51.53844],[0.14769,51.5378],[0.14851,51.53671],[0.14766,51.53592],[0.14822,51.53569],[0.14819,51.53394],[0.14882,51.53346],[0.14787,51.53286],[0.14879,51.53241],[0.14894,51.53138],[0.15171,51.5304],[0.15161,51.5298],[0.15254,51.52892],[0.15539,51.52928],[0.15645,51.52879],[0.15517,51.52638],[0.1583,51.52597],[0.16054,51.52469],[0.16217,51.52613],[0.16531,51.52758],[0.16635,51.52948],[0.16635,51.53158],[0.16843,51.53212],[0.17441,51.53248],[0.17453,51.53397],[0.17304,51.53522],[0.17264,51.53694],[0.17355,51.53833],[0.17594,51.53823],[0.18151,51.53979],[0.18235,51.54461],[0.17808,51.54813],[0.1752,51.54793],[0.17104,51.55019],[0.17143,51.55293],[0.17297,51.55503],[0.17187,51.55823],[0.16835,51.55943],[0.16575,51.55969],[0.16158,51.55932],[0.16105,51.55975],[0.16127,51.5618],[0.16033,51.56269],[0.15814,51.56248],[0.15804,51.56156],[0.15449,51.56083],[0.1501,51.56143],[0.14851,51.56107],[0.14778,51.5592],[0.14725,51.55908],[0.14771,51.55805],[0.14703,51.55769],[0.14717,51.55694],[0.14633,51.55611],[0.14766,51.55538],[0.14645,51.55489],[0.14737,51.55422],[0.1471,51.55208],[0.14736,51.55098],[0.14781,51.55085]]]},"properties":{"code":"RM10","area":"RM","colorSlot":5}},{"type":"Feature","geometry":{"type":"Polygon","coordinates":[[[0.19042,51.56974],[0.18931,51.56922],[0.18913,51.56818],[0.18665,51.56734],[0.18651,51.56649],[0.19026,51.5665],[0.19203,51.56472],[0.19537,51.56546],[0.20237,51.56472],[0.20173,51.56413],[0.20224,51.56301],[0.20136,51.56275],[0.20161,51.56229],[0.19909,51.56145],[0.20004,51.55985],[0.19989,51.55923],[0.20141,51.55923],[0.20306,51.558],[0.20908,51.56049],[0.20956,51.56225],[0.21116,51.56322],[0.21773,51.56287],[0.21842,51.56323],[0.22077,51.56165],[0.22282,51.56178],[0.22434,51.56105],[0.22501,51.56005],[0.22816,51.56037],[0.22905,51.5596],[0.22952,51.56008],[0.23206,51.55939],[0.23335,51.55985],[0.23395,51.55912],[0.23554,51.55922],[0.23594,51.55864],[0.24068,51.55953],[0.24528,51.55908],[0.24472,51.56022],[0.24403,51.56053],[0.24326,51.56023],[0.24172,51.56109],[0.24471,51.56403],[0.24467,51.5654],[0.24692,51.56644],[0.24843,51.57052],[0.2478,51.57394],[0.24878,51.57472],[0.25038,51.57806],[0.24602,51.5827],[0.24531,51.58441],[0.24396,51.58486],[0.23505,51.5848],[0.23469,51.58411],[0.2334,51.58409],[0.23208,51.58491],[0.23161,51.5847],[0.23151,51.58364],[0.22985,51.58367],[0.22988,51.58439],[0.22905,51.58521],[0.22728,51.58528],[0.22724,51.5869],[0.2244,51.58633],[0.22381,51.58735],[0.22453,51.5884],[0.22338,51.58877],[0.21461,51.58564],[0.21555,51.58468],[0.21572,51.58361],[0.21442,51.58322],[0.21349,51.58202],[0.21212,51.58235],[0.21146,51.58145],[0.21029,51.58114],[0.20997,51.5796],[0.21072,51.57887],[0.20782,51.57905],[0.20781,51.57836],[0.20866,51.57768],[0.20826,51.57665],[0.20486,51.57392],[0.20283,51.57344],[0.20099,51.57407],[0.20012,51.57373],[0.19975,51.57196],[0.19775,51.57244],[0.19589,51.57196],[0.19514,51.5729],[0.19028,51.5712],[0.18859,51.57142],[0.18827,51.5707],[0.18595,51.57057],[0.1864,51.56999],[0.18751,51.57014],[0.188,51.5695],[0.18912,51.57031],[0.19042,51.56974]]]},"properties":{"code":"RM11","area":"RM","colorSlot":2}},{"type":"Feature","geometry":{"type":"Polygon","coordinates":[[[0.18499,51.55683],[0.18456,51.55377],[0.1833,51.55119],[0.17808,51.54813],[0.18235,51.54461],[0.18807,51.54421],[0.18986,51.54473],[0.19241,51.54448],[0.19273,51.54354],[0.19375,51.54351],[0.1947,51.54411],[0.1981,51.54403],[0.19813,51.54366],[0.20024,51.54298],[0.19945,51.54226],[0.19983,51.54144],[0.19921,51.54067],[0.19789,51.5406],[0.19643,51.53975],[0.19672,51.53925],[0.19535,51.53884],[0.19666,51.53781],[0.19657,51.53738],[0.19821,51.53708],[0.19941,51.53748],[0.20066,51.53629],[0.20257,51.53613],[0.20321,51.5356],[0.21162,51.53471],[0.21914,51.53715],[0.22224,51.54365],[0.22851,51.54656],[0.23067,51.54851],[0.23075,51.54969],[0.23213,51.55078],[0.23104,51.5523],[0.23035,51.55238],[0.23019,51.55654],[0.23594,51.55864],[0.23554,51.55922],[0.23416,51.55902],[0.23335,51.55985],[0.23166,51.55938],[0.23079,51.55998],[0.22952,51.56008],[0.22905,51.5596],[0.22816,51.56037],[0.22501,51.56005],[0.22458,51.56091],[0.22282,51.56178],[0.22048,51.56171],[0.21857,51.56325],[0.21773,51.56287],[0.21419,51.56328],[0.21117,51.56322],[0.20956,51.56225],[0.20908,51.56049],[0.20306,51.558],[0.20141,51.55923],[0.19989,51.55923],[0.20004,51.55985],[0.19909,51.56145],[0.20161,51.56229],[0.20136,51.56275],[0.20224,51.56301],[0.2017,51.56401],[0.20237,51.56472],[0.19968,51.56466],[0.19849,51.56532],[0.19668,51.56508],[0.19537,51.56546],[0.19213,51.56473],[0.19027,51.56624],[0.18852,51.56644],[0.18675,51.56561],[0.18525,51.56419],[0.18402,51.5642],[0.18303,51.56354],[0.1838,51.56265],[0.18272,51.56135],[0.18404,51.56026],[0.18452,51.55897],[0.1843,51.55779],[0.18499,51.55683]]]},"properties":{"code":"RM12","area":"RM","colorSlot":3}},{"type":"Feature","geometry":{"type":"Polygon","coordinates":[[[0.17441,51.53248],[0.16843,51.53212],[0.16635,51.53158],[0.16635,51.52949],[0.16531,51.52758],[0.16374,51.52711],[0.16546,51.52593],[0.16653,51.52381],[0.16656,51.52267],[0.16283,51.52054],[0.15948,51.51703],[0.15999,51.5149],[0.15921,51.51251],[0.16431,51.5097],[0.16902,51.50477],[0.1732,51.50363],[0.17445,51.5024],[0.17792,51.4963],[0.18453,51.48692],[0.18669,51.48562],[0.19339,51.48332],[0.20114,51.48399],[0.20441,51.48677],[0.20948,51.49501],[0.21074,51.49575],[0.21469,51.49747],[0.2326,51.5006],[0.22726,51.50443],[0.23267,51.50948],[0.23049,51.51411],[0.23591,51.51554],[0.24319,51.52184],[0.23944,51.52762],[0.23655,51.52801],[0.23206,51.53025],[0.22847,51.53502],[0.21914,51.53715],[0.21162,51.53471],[0.20321,51.5356],[0.20257,51.53613],[0.20066,51.53629],[0.19946,51.53736],[0.19657,51.53738],[0.19666,51.53781],[0.19535,51.53884],[0.19672,51.53925],[0.19643,51.53975],[0.19781,51.54057],[0.19921,51.54067],[0.19988,51.54135],[0.19945,51.54226],[0.2002,51.54273],[0.1981,51.54403],[0.1947,51.54411],[0.19375,51.54351],[0.19273,51.54354],[0.19241,51.54448],[0.18986,51.54473],[0.18807,51.54421],[0.18235,51.54461],[0.18147,51.53997],[0.17982,51.53909],[0.17594,51.53823],[0.17355,51.53833],[0.17292,51.53767],[0.17264,51.53694],[0.17304,51.53522],[0.17453,51.53397],[0.17441,51.53248]]]},"properties":{"code":"RM13","area":"RM","colorSlot":1}},{"type":"Feature","geometry":{"type":"Polygon","coordinates":[[[0.28124,51.53484],[0.28735,51.53299],[0.29145,51.53634],[0.29219,51.53751],[0.2995,51.53969],[0.30778,51.53936],[0.31203,51.53506],[0.31298,51.53339],[0.32423,51.52923],[0.32954,51.52957],[0.3328,51.52876],[0.3492,51.53142],[0.35034,51.53406],[0.36652,51.53926],[0.37011,51.53793],[0.38425,51.54097],[0.39,51.53634],[0.39088,51.5363],[0.39382,51.53711],[0.39877,51.54201],[0.39853,51.54649],[0.40509,51.54742],[0.40675,51.54806],[0.40337,51.55475],[0.40378,51.55543],[0.39947,51.55804],[0.38425,51.55754],[0.37822,51.56182],[0.37684,51.56205],[0.37289,51.55974],[0.36251,51.55804],[0.3503,51.55878],[0.34863,51.55668],[0.33853,51.55303],[0.32792,51.55337],[0.32493,51.55459],[0.32398,51.55727],[0.32511,51.55923],[0.32317,51.56825],[0.32233,51.56906],[0.31106,51.56836],[0.30993,51.56861],[0.30827,51.5703],[0.30216,51.56957],[0.29331,51.56618],[0.29012,51.56665],[0.28858,51.57036],[0.28485,51.57265],[0.28499,51.57978],[0.27695,51.58278],[0.27432,51.5826],[0.27015,51.58337],[0.26145,51.5874],[0.26292,51.59342],[0.26564,51.5958],[0.25792,51.59876],[0.25673,51.5985],[0.2501,51.59403],[0.25361,51.5919],[0.25338,51.59055],[0.25052,51.58903],[0.24847,51.58538],[0.24531,51.58441],[0.24602,51.5827],[0.25038,51.57806],[0.249,51.57484],[0.2478,51.57394],[0.24843,51.57052],[0.24692,51.56644],[0.24467,51.5654],[0.24471,51.56403],[0.24172,51.56109],[0.2431,51.56028],[0.24472,51.56022],[0.24532,51.55911],[0.23907,51.55937],[0.23477,51.55836],[0.23019,51.55654],[0.22997,51.5532],[0.23024,51.55242],[0.23104,51.5523],[0.23213,51.55078],[0.23075,51.54969],[0.23067,51.54851],[0.22851,51.54656],[0.22224,51.54365],[0.21914,51.53715],[0.22847,51.53502],[0.23206,51.53025],[0.23655,51.52801],[0.23944,51.52762],[0.24319,51.52184],[0.26378,51.52274],[0.26721,51.5204],[0.27162,51.52096],[0.27355,51.5219],[0.27445,51.53424],[0.28124,51.53484]]]},"properties":{"code":"RM14","area":"RM","colorSlot":0}},{"type":"Feature","geometry":{"type":"Polygon","coordinates":[[[0.28677,51.49722],[0.29223,51.49915],[0.29626,51.50125],[0.29946,51.50075],[0.30364,51.50227],[0.30525,51.50299],[0.30657,51.50428],[0.3096,51.50469],[0.31359,51.50649],[0.3154,51.50887],[0.32458,51.51165],[0.3186,51.51849],[0.31793,51.52087],[0.32423,51.52923],[0.31298,51.53339],[0.31203,51.53506],[0.30778,51.53936],[0.2995,51.53969],[0.29219,51.53751],[0.29145,51.53634],[0.28735,51.53299],[0.28124,51.53484],[0.27445,51.53424],[0.27355,51.5219],[0.27162,51.52096],[0.26721,51.5204],[0.26378,51.52274],[0.24319,51.52184],[0.23591,51.51554],[0.23049,51.51411],[0.23267,51.50948],[0.22726,51.50443],[0.2326,51.5006],[0.21469,51.49747],[0.21081,51.49579],[0.20948,51.49501],[0.20441,51.48677],[0.2134,51.48685],[0.21948,51.49219],[0.23948,51.4908],[0.24184,51.49107],[0.24468,51.48988],[0.25223,51.49001],[0.25595,51.48883],[0.25916,51.48885],[0.26405,51.49179],[0.26532,51.49323],[0.28677,51.49722]]]},"properties":{"code":"RM15","area":"RM","colorSlot":4}},{"type":"Feature","geometry":{"type":"Polygon","coordinates":[[[0.35688,51.48353],[0.35673,51.48159],[0.35472,51.48034],[0.3578,51.47482],[0.35765,51.47385],[0.36081,51.47371],[0.36776,51.47502],[0.37455,51.4711],[0.37778,51.47134],[0.37886,51.47572],[0.37998,51.47669],[0.37973,51.47783],[0.38109,51.48068],[0.38305,51.48227],[0.38239,51.48333],[0.38305,51.48525],[0.38242,51.48583],[0.38248,51.48987],[0.38492,51.49148],[0.39198,51.49234],[0.39265,51.49422],[0.39213,51.49573],[0.40512,51.50255],[0.40258,51.50402],[0.4024,51.50683],[0.39968,51.5084],[0.39562,51.51254],[0.3942,51.51285],[0.38979,51.51226],[0.38436,51.52184],[0.37808,51.52292],[0.37823,51.52794],[0.38687,51.53322],[0.39,51.53634],[0.38425,51.54097],[0.37011,51.53793],[0.36652,51.53926],[0.35034,51.53406],[0.3492,51.53142],[0.3328,51.52876],[0.32954,51.52957],[0.32423,51.52923],[0.31793,51.52087],[0.3186,51.51849],[0.32458,51.51165],[0.3154,51.50887],[0.31359,51.50649],[0.3096,51.50469],[0.30657,51.50428],[0.30525,51.50299],[0.30364,51.50227],[0.29946,51.50075],[0.29626,51.50125],[0.29223,51.49915],[0.28677,51.49722],[0.29039,51.49469],[0.28641,51.49009],[0.2866,51.48784],[0.28568,51.48585],[0.28585,51.48406],[0.28683,51.48207],[0.28558,51.48007],[0.28854,51.47865],[0.29094,51.47937],[0.29271,51.47889],[0.29493,51.4804],[0.29602,51.48007],[0.29779,51.48073],[0.30042,51.48051],[0.30039,51.48163],[0.30401,51.48178],[0.30333,51.4839],[0.3037,51.48444],[0.30761,51.48487],[0.31182,51.48642],[0.31507,51.4867],[0.31567,51.48586],[0.31911,51.48523],[0.32098,51.48646],[0.31882,51.4892],[0.31922,51.48941],[0.31869,51.49048],[0.31977,51.49094],[0.3189,51.49159],[0.31915,51.49231],[0.31845,51.49317],[0.32081,51.49477],[0.32366,51.49361],[0.32335,51.49277],[0.32524,51.49208],[0.32542,51.49127],[0.3276,51.49006],[0.32977,51.49023],[0.33125,51.48929],[0.33417,51.48915],[0.33453,51.48958],[0.33576,51.489],[0.33882,51.48927],[0.33994,51.48894],[0.34258,51.48967],[0.34269,51.48902],[0.34382,51.48801],[0.34498,51.48828],[0.34661,51.48703],[0.34777,51.48719],[0.3486,51.4861],[0.34978,51.48575],[0.34973,51.48422],[0.35024,51.48352],[0.35351,51.48412],[0.35688,51.48353]]]},"properties":{"code":"RM16","area":"RM","colorSlot":1}},{"type":"Feature","geometry":{"type":"Polygon","coordinates":[[[0.30551,51.4812],[0.30555,51.4795],[0.30613,51.47908],[0.30543,51.47738],[0.30811,51.47705],[0.30898,51.47663],[0.30891,51.47605],[0.30474,51.47584],[0.30218,51.46968],[0.30585,51.46461],[0.31265,51.46596],[0.31642,51.46592],[0.32223,51.46498],[0.32606,51.46799],[0.32978,51.46986],[0.33299,51.47031],[0.33696,51.46937],[0.338,51.47056],[0.33806,51.47249],[0.34113,51.47338],[0.34406,51.47154],[0.3503,51.47042],[0.35318,51.47064],[0.35488,51.47152],[0.35569,51.47295],[0.35765,51.47385],[0.3578,51.47482],[0.35472,51.48034],[0.35673,51.48159],[0.35688,51.48353],[0.35351,51.48412],[0.35024,51.48352],[0.34973,51.48422],[0.34978,51.48575],[0.3486,51.4861],[0.34777,51.48719],[0.34661,51.48703],[0.34498,51.48828],[0.34382,51.48801],[0.34269,51.48902],[0.34258,51.48967],[0.33994,51.48894],[0.33882,51.48927],[0.33576,51.489],[0.33453,51.48958],[0.33417,51.48915],[0.33224,51.48922],[0.32978,51.49017],[0.3278,51.49002],[0.32542,51.49127],[0.32524,51.49208],[0.32335,51.49277],[0.32367,51.49346],[0.32081,51.49477],[0.31943,51.4942],[0.31845,51.49317],[0.31924,51.49249],[0.3189,51.49159],[0.31977,51.49094],[0.31869,51.49048],[0.31925,51.48952],[0.31882,51.4892],[0.32098,51.48646],[0.31911,51.48523],[0.31567,51.48586],[0.31507,51.4867],[0.31406,51.48673],[0.31182,51.48642],[0.30761,51.48487],[0.3037,51.48444],[0.30333,51.4839],[0.30401,51.48178],[0.30551,51.4812]]]},"properties":{"code":"RM17","area":"RM","colorSlot":3}},{"type":"Feature","geometry":{"type":"Polygon","coordinates":[[[0.35278,51.44976],[0.35789,51.4497],[0.36015,51.44877],[0.36365,51.44838],[0.36922,51.4488],[0.37229,51.44855],[0.38143,51.45086],[0.38695,51.44925],[0.39015,51.44901],[0.39734,51.44972],[0.40861,51.45251],[0.41453,51.45485],[0.42703,51.45024],[0.432,51.45079],[0.44755,51.45517],[0.451,51.45929],[0.44575,51.47664],[0.45352,51.48882],[0.43886,51.4931],[0.42648,51.49456],[0.41794,51.4909],[0.41563,51.48815],[0.41404,51.48528],[0.41398,51.48432],[0.41295,51.48274],[0.41329,51.48142],[0.41082,51.47943],[0.40806,51.47801],[0.40537,51.47817],[0.404,51.47885],[0.40406,51.48127],[0.40329,51.48407],[0.39594,51.48828],[0.39495,51.48846],[0.39198,51.49234],[0.38492,51.49148],[0.38248,51.48987],[0.38242,51.48583],[0.38305,51.48525],[0.38239,51.48333],[0.383,51.48234],[0.38109,51.48068],[0.37973,51.47783],[0.37998,51.47669],[0.37886,51.47572],[0.37778,51.47134],[0.37455,51.4711],[0.36776,51.47502],[0.36081,51.47371],[0.35765,51.47385],[0.35573,51.47301],[0.35433,51.47117],[0.35318,51.47064],[0.3503,51.47042],[0.34406,51.47154],[0.34113,51.47338],[0.33806,51.47249],[0.33809,51.47079],[0.33696,51.46937],[0.33299,51.47031],[0.32978,51.46986],[0.32606,51.46799],[0.32223,51.46498],[0.32781,51.46103],[0.32859,51.45791],[0.33276,51.45509],[0.33282,51.45438],[0.33668,51.44929],[0.34244,51.44871],[0.34581,51.44747],[0.35278,51.44976]]]},"properties":{"code":"RM18","area":"RM","colorSlot":2}},{"type":"Feature","geometry":{"type":"Polygon","coordinates":[[[0.24366,51.4723],[0.24823,51.4712],[0.2572,51.46605],[0.2612,51.46548],[0.26641,51.47355],[0.26456,51.4748],[0.26179,51.47535],[0.26042,51.47715],[0.26067,51.47776],[0.26358,51.47872],[0.26472,51.48098],[0.26686,51.48266],[0.26536,51.48537],[0.26683,51.4872],[0.26973,51.4899],[0.28641,51.49009],[0.29039,51.49469],[0.28677,51.49722],[0.26532,51.49323],[0.26405,51.49179],[0.25916,51.48885],[0.25595,51.48883],[0.25223,51.49001],[0.24468,51.48988],[0.24184,51.49107],[0.23948,51.4908],[0.22981,51.49185],[0.21948,51.49219],[0.2134,51.48685],[0.21883,51.48575],[0.22141,51.48156],[0.22331,51.47939],[0.22618,51.47405],[0.23146,51.47387],[0.23745,51.47247],[0.24366,51.4723]]]},"properties":{"code":"RM19","area":"RM","colorSlot":3}},{"type":"Feature","geometry":{"type":"Polygon","coordinates":[[[0.26973,51.4899],[0.26536,51.48537],[0.26686,51.48266],[0.26472,51.48098],[0.26358,51.47872],[0.26067,51.47776],[0.26042,51.47715],[0.26179,51.47535],[0.26456,51.4748],[0.26641,51.47355],[0.26126,51.46548],[0.26555,51.46443],[0.27207,51.46102],[0.27515,51.46079],[0.2851,51.4623],[0.30392,51.46312],[0.30585,51.46461],[0.30218,51.46968],[0.30474,51.47584],[0.30746,51.47563],[0.30891,51.47605],[0.3091,51.47654],[0.30543,51.47738],[0.30613,51.47908],[0.30557,51.47944],[0.30551,51.4812],[0.30401,51.48178],[0.30039,51.48163],[0.30042,51.48051],[0.29779,51.48073],[0.2962,51.47998],[0.29493,51.4804],[0.29271,51.47889],[0.29094,51.47937],[0.28854,51.47865],[0.28553,51.48003],[0.28683,51.48207],[0.28592,51.48403],[0.28568,51.48585],[0.2866,51.48784],[0.28641,51.49009],[0.26973,51.4899]]]},"properties":{"code":"RM20","area":"RM","colorSlot":2}},{"type":"Feature","geometry":{"type":"Polygon","coordinates":[[[-0.19315,51.35949],[-0.19063,51.35918],[-0.19028,51.35963],[-0.18318,51.36124],[-0.18123,51.36114],[-0.1779,51.35885],[-0.17563,51.3593],[-0.17533,51.35954],[-0.1764,51.36104],[-0.17557,51.36168],[-0.17689,51.36195],[-0.17666,51.36249],[-0.17534,51.36247],[-0.17438,51.36361],[-0.17291,51.36397],[-0.17309,51.36441],[-0.17105,51.36616],[-0.17257,51.3667],[-0.17134,51.3671],[-0.17216,51.3683],[-0.17156,51.36909],[-0.17192,51.36961],[-0.17119,51.37022],[-0.17131,51.37153],[-0.17215,51.37201],[-0.17508,51.37192],[-0.1771,51.37246],[-0.17636,51.37288],[-0.17649,51.37338],[-0.17747,51.37347],[-0.17859,51.37484],[-0.17717,51.3753],[-0.17864,51.3756],[-0.17859,51.37764],[-0.17925,51.37921],[-0.18064,51.37901],[-0.18079,51.37988],[-0.18198,51.38056],[-0.18259,51.37969],[-0.18479,51.3793],[-0.18636,51.3798],[-0.18776,51.3825],[-0.1894,51.38294],[-0.18921,51.38349],[-0.19025,51.38426],[-0.19176,51.38391],[-0.19296,51.38475],[-0.19326,51.38304],[-0.19258,51.38121],[-0.19511,51.38235],[-0.19571,51.38196],[-0.19514,51.3803],[-0.19891,51.38096],[-0.20114,51.3792],[-0.20173,51.37782],[-0.20401,51.3774],[-0.20385,51.37677],[-0.20552,51.37533],[-0.20488,51.37468],[-0.2063,51.37349],[-0.20695,51.37361],[-0.20903,51.37238],[-0.20856,51.37144],[-0.20997,51.37153],[-0.21046,51.37111],[-0.20987,51.37031],[-0.21131,51.37008],[-0.21143,51.36923],[-0.2126,51.36824],[-0.21382,51.36836],[-0.21334,51.3669],[-0.21374,51.36607],[-0.21493,51.36487],[-0.2159,51.36466],[-0.21462,51.36393],[-0.21471,51.3631],[-0.21419,51.36276],[-0.21495,51.36205],[-0.2147,51.36074],[-0.21345,51.3605],[-0.21248,51.35756],[-0.21101,51.35653],[-0.2087,51.35639],[-0.20714,51.35722],[-0.20556,51.35732],[-0.20508,51.3579],[-0.20258,51.35781],[-0.20085,51.35855],[-0.19877,51.35817],[-0.19315,51.35949]]]},"properties":{"code":"SM1","area":"SM","colorSlot":1}},{"type":"Feature","geometry":{"type":"Polygon","coordinates":[[[-0.19145,51.35916],[-0.19374,51.35951],[-0.19861,51.35815],[-0.20085,51.35855],[-0.20258,51.35781],[-0.20508,51.3579],[-0.20556,51.35732],[-0.20714,51.35722],[-0.2087,51.35639],[-0.21016,51.35677],[-0.21554,51.35537],[-0.21805,51.35518],[-0.21858,51.35436],[-0.22103,51.3538],[-0.23064,51.35381],[-0.2318,51.35016],[-0.2314,51.34917],[-0.23449,51.34848],[-0.23485,51.34716],[-0.22984,51.3449],[-0.23061,51.34431],[-0.22566,51.34261],[-0.2277,51.34158],[-0.22688,51.33889],[-0.22788,51.33821],[-0.22653,51.33635],[-0.22372,51.33743],[-0.22372,51.33795],[-0.22054,51.33971],[-0.21884,51.33929],[-0.21609,51.33758],[-0.21541,51.33538],[-0.20863,51.33519],[-0.20531,51.33373],[-0.2021,51.33518],[-0.19782,51.33631],[-0.19575,51.33412],[-0.19237,51.33222],[-0.18987,51.33155],[-0.18824,51.33192],[-0.18684,51.33388],[-0.18335,51.33543],[-0.18282,51.33683],[-0.1866,51.3383],[-0.18916,51.3402],[-0.18787,51.341],[-0.1865,51.34108],[-0.18647,51.34235],[-0.18464,51.3425],[-0.18455,51.34324],[-0.18298,51.34404],[-0.18354,51.34483],[-0.18083,51.34579],[-0.1819,51.34704],[-0.17918,51.34812],[-0.17802,51.34973],[-0.17802,51.35049],[-0.17907,51.35137],[-0.17921,51.35257],[-0.17799,51.35348],[-0.17678,51.35357],[-0.17667,51.35429],[-0.17603,51.3547],[-0.17644,51.35553],[-0.17498,51.3562],[-0.17526,51.35729],[-0.17468,51.35804],[-0.17563,51.3593],[-0.17863,51.35907],[-0.18123,51.36114],[-0.18483,51.36106],[-0.19145,51.35916]]]},"properties":{"code":"SM2","area":"SM","colorSlot":0}},{"type":"Feature","geometry":{"type":"Polygon","coordinates":[[[-0.2146,51.36539],[-0.21334,51.3669],[-0.21382,51.36836],[-0.2126,51.36824],[-0.21137,51.36915],[-0.21145,51.36982],[-0.20987,51.37031],[-0.21046,51.37111],[-0.20997,51.37153],[-0.20856,51.37144],[-0.20903,51.37238],[-0.20695,51.37361],[-0.2063,51.37349],[-0.20488,51.37468],[-0.20552,51.37533],[-0.20387,51.37649],[-0.20401,51.3774],[-0.20173,51.37782],[-0.20114,51.3792],[-0.19891,51.38096],[-0.19935,51.3825],[-0.20041,51.38336],[-0.20017,51.38414],[-0.20143,51.38576],[-0.20231,51.38614],[-0.2061,51.38534],[-0.20643,51.38714],[-0.2091,51.38794],[-0.21167,51.3871],[-0.2119,51.38603],[-0.21327,51.38546],[-0.21339,51.38471],[-0.21522,51.384],[-0.21607,51.38282],[-0.21569,51.38245],[-0.21668,51.38175],[-0.21833,51.38167],[-0.21756,51.3809],[-0.21902,51.38077],[-0.21934,51.38039],[-0.21886,51.37991],[-0.22067,51.38018],[-0.22147,51.37951],[-0.22199,51.37886],[-0.22178,51.3776],[-0.22241,51.37733],[-0.22309,51.3758],[-0.22423,51.37566],[-0.22586,51.37461],[-0.22745,51.3731],[-0.22755,51.37224],[-0.22827,51.37198],[-0.22834,51.37109],[-0.22897,51.37094],[-0.22973,51.37158],[-0.2301,51.37101],[-0.22932,51.37075],[-0.22936,51.37025],[-0.23049,51.36948],[-0.23145,51.36954],[-0.23146,51.36839],[-0.23243,51.3683],[-0.23351,51.3673],[-0.23182,51.36634],[-0.23296,51.36479],[-0.23195,51.36107],[-0.23371,51.35965],[-0.2347,51.35811],[-0.23413,51.35649],[-0.23064,51.35381],[-0.22643,51.35352],[-0.22311,51.35409],[-0.22116,51.3537],[-0.21858,51.35436],[-0.21805,51.35518],[-0.21122,51.35627],[-0.21101,51.35653],[-0.21248,51.35756],[-0.21345,51.3605],[-0.2147,51.36074],[-0.21507,51.36154],[-0.21419,51.36276],[-0.21471,51.3631],[-0.21462,51.36393],[-0.2159,51.36466],[-0.2146,51.36539]]]},"properties":{"code":"SM3","area":"SM","colorSlot":3}},{"type":"Feature","geometry":{"type":"Polygon","coordinates":[[[-0.22084,51.38028],[-0.21931,51.38123],[-0.21862,51.38062],[-0.21757,51.38089],[-0.21833,51.38167],[-0.21809,51.38192],[-0.21668,51.38175],[-0.21569,51.38245],[-0.21543,51.38399],[-0.21339,51.38471],[-0.21327,51.38546],[-0.2119,51.38603],[-0.21167,51.3871],[-0.20928,51.38809],[-0.20815,51.38736],[-0.20643,51.38714],[-0.20605,51.38666],[-0.20624,51.38538],[-0.20231,51.38614],[-0.20143,51.38576],[-0.20017,51.38414],[-0.20041,51.38336],[-0.19935,51.3825],[-0.19891,51.38096],[-0.19514,51.3803],[-0.19571,51.38196],[-0.19511,51.38235],[-0.19258,51.38113],[-0.19319,51.3828],[-0.19296,51.38475],[-0.19129,51.38385],[-0.19015,51.38456],[-0.18623,51.38549],[-0.1858,51.38671],[-0.18504,51.3868],[-0.18413,51.38614],[-0.18089,51.38664],[-0.18254,51.38762],[-0.18243,51.38793],[-0.18108,51.38791],[-0.18016,51.38851],[-0.18018,51.3897],[-0.17883,51.39044],[-0.17729,51.39038],[-0.17747,51.39122],[-0.17669,51.39176],[-0.17354,51.39173],[-0.17297,51.39072],[-0.17132,51.39005],[-0.16958,51.39012],[-0.16868,51.39193],[-0.17009,51.39414],[-0.17231,51.39451],[-0.17373,51.39552],[-0.17552,51.39513],[-0.17825,51.3969],[-0.18244,51.39738],[-0.18428,51.39927],[-0.18616,51.39993],[-0.18601,51.40075],[-0.18423,51.40192],[-0.18448,51.40268],[-0.18806,51.40496],[-0.18925,51.40401],[-0.19457,51.40353],[-0.19606,51.40253],[-0.20283,51.40332],[-0.20681,51.40253],[-0.20704,51.40358],[-0.20822,51.4034],[-0.20866,51.40283],[-0.20983,51.4031],[-0.21011,51.40376],[-0.21166,51.40316],[-0.21221,51.40388],[-0.2138,51.4039],[-0.21359,51.40308],[-0.21435,51.40239],[-0.21736,51.40177],[-0.21651,51.40046],[-0.21799,51.39973],[-0.21824,51.39891],[-0.2199,51.39894],[-0.22029,51.39829],[-0.2188,51.39682],[-0.22079,51.39629],[-0.22131,51.39516],[-0.22339,51.39447],[-0.22345,51.3929],[-0.22122,51.39281],[-0.22098,51.39169],[-0.22201,51.3911],[-0.22359,51.39208],[-0.22578,51.39155],[-0.23055,51.39283],[-0.23312,51.3904],[-0.23152,51.38875],[-0.23116,51.38619],[-0.22858,51.38528],[-0.22728,51.38415],[-0.22739,51.38364],[-0.22525,51.38318],[-0.22374,51.38183],[-0.22094,51.38128],[-0.22084,51.38028]]]},"properties":{"code":"SM4","area":"SM","colorSlot":0}},{"type":"Feature","geometry":{"type":"Polygon","coordinates":[[[-0.18089,51.38664],[-0.18413,51.38614],[-0.18569,51.38676],[-0.1861,51.38556],[-0.19025,51.38426],[-0.18921,51.38349],[-0.1894,51.38294],[-0.18776,51.3825],[-0.18636,51.3798],[-0.18479,51.3793],[-0.18259,51.37969],[-0.18198,51.38056],[-0.18078,51.37996],[-0.18064,51.37901],[-0.17925,51.37921],[-0.17856,51.3786],[-0.17864,51.3756],[-0.17707,51.37552],[-0.17859,51.37484],[-0.17747,51.37347],[-0.17649,51.37338],[-0.17636,51.37288],[-0.1771,51.37246],[-0.17508,51.37192],[-0.17215,51.37201],[-0.17131,51.37153],[-0.17119,51.37022],[-0.17192,51.36961],[-0.17156,51.36909],[-0.17216,51.3683],[-0.17134,51.3671],[-0.17257,51.3667],[-0.17105,51.36616],[-0.17309,51.36441],[-0.17291,51.36397],[-0.17438,51.36361],[-0.17534,51.36247],[-0.17664,51.36251],[-0.17689,51.36195],[-0.17557,51.36168],[-0.1764,51.36104],[-0.17544,51.36017],[-0.17563,51.3593],[-0.17468,51.35804],[-0.17526,51.35729],[-0.17498,51.3562],[-0.17644,51.35553],[-0.17603,51.3547],[-0.17667,51.35429],[-0.17678,51.35357],[-0.17799,51.35348],[-0.17921,51.35257],[-0.17894,51.35106],[-0.17802,51.35049],[-0.17877,51.34847],[-0.1819,51.34704],[-0.18083,51.34579],[-0.18354,51.34483],[-0.18298,51.34404],[-0.18455,51.34324],[-0.18453,51.34268],[-0.18643,51.34237],[-0.1865,51.34108],[-0.18787,51.341],[-0.18916,51.3402],[-0.1866,51.3383],[-0.18282,51.33683],[-0.17802,51.33893],[-0.17574,51.33945],[-0.16562,51.33774],[-0.16326,51.33384],[-0.16343,51.33163],[-0.16209,51.33033],[-0.15773,51.33094],[-0.15161,51.33417],[-0.15083,51.3341],[-0.14942,51.33534],[-0.14856,51.33739],[-0.15001,51.34002],[-0.15297,51.33954],[-0.156,51.34097],[-0.15551,51.34153],[-0.15825,51.34363],[-0.15421,51.34425],[-0.15335,51.34577],[-0.15586,51.34651],[-0.15626,51.34822],[-0.15575,51.349],[-0.15646,51.34952],[-0.15583,51.35043],[-0.15756,51.35117],[-0.15583,51.3521],[-0.15618,51.3527],[-0.15565,51.35327],[-0.15695,51.35424],[-0.15506,51.35685],[-0.15625,51.35771],[-0.15634,51.35884],[-0.15491,51.35974],[-0.15492,51.36013],[-0.15717,51.36092],[-0.15529,51.36197],[-0.15539,51.36241],[-0.15722,51.36271],[-0.15611,51.36504],[-0.15472,51.36554],[-0.15476,51.36649],[-0.1556,51.36668],[-0.15638,51.36844],[-0.15702,51.36873],[-0.15639,51.36924],[-0.15778,51.36946],[-0.15773,51.37016],[-0.15877,51.37064],[-0.15828,51.37143],[-0.15926,51.37258],[-0.15743,51.37358],[-0.15828,51.37444],[-0.15709,51.37606],[-0.1584,51.37698],[-0.16162,51.37747],[-0.16124,51.37822],[-0.16151,51.37961],[-0.15899,51.37972],[-0.15947,51.38057],[-0.15899,51.38123],[-0.16053,51.38172],[-0.16162,51.3808],[-0.16339,51.38074],[-0.16425,51.38199],[-0.16365,51.38333],[-0.1671,51.3834],[-0.16752,51.38355],[-0.16692,51.38458],[-0.16848,51.38491],[-0.16802,51.38583],[-0.16369,51.38646],[-0.16218,51.38793],[-0.16304,51.38845],[-0.16689,51.38811],[-0.16958,51.39012],[-0.17132,51.39005],[-0.17285,51.3906],[-0.17354,51.39173],[-0.17669,51.39176],[-0.17724,51.39128],[-0.17729,51.39038],[-0.17883,51.39044],[-0.18018,51.38974],[-0.18016,51.38851],[-0.18257,51.38765],[-0.18089,51.38664]]]},"properties":{"code":"SM5","area":"SM","colorSlot":2}},{"type":"Feature","geometry":{"type":"Polygon","coordinates":[[[-0.15624,51.35477],[-0.15695,51.35424],[-0.15565,51.35327],[-0.15618,51.3527],[-0.15583,51.3521],[-0.15756,51.35117],[-0.15583,51.35043],[-0.15646,51.34952],[-0.15575,51.349],[-0.15626,51.34822],[-0.15586,51.34651],[-0.15335,51.34577],[-0.15421,51.34425],[-0.15825,51.34363],[-0.15551,51.34153],[-0.156,51.34097],[-0.15195,51.33945],[-0.15001,51.34002],[-0.14926,51.34088],[-0.1468,51.34114],[-0.14471,51.34212],[-0.14522,51.3431],[-0.14507,51.34389],[-0.14365,51.34405],[-0.14386,51.3449],[-0.14225,51.34544],[-0.14097,51.34524],[-0.13993,51.34637],[-0.13786,51.34676],[-0.13581,51.3464],[-0.13518,51.347],[-0.13264,51.34712],[-0.13224,51.34795],[-0.13017,51.34718],[-0.1273,51.34747],[-0.12684,51.34772],[-0.1294,51.34907],[-0.12785,51.35034],[-0.1226,51.35005],[-0.12004,51.35094],[-0.12201,51.35284],[-0.123,51.35532],[-0.12495,51.35664],[-0.1255,51.3577],[-0.12515,51.35841],[-0.1266,51.35967],[-0.12557,51.36094],[-0.12341,51.36091],[-0.12215,51.36163],[-0.12198,51.36297],[-0.12158,51.36303],[-0.12206,51.36391],[-0.12086,51.3651],[-0.12221,51.36547],[-0.12393,51.36493],[-0.13135,51.36465],[-0.13087,51.36588],[-0.13275,51.3664],[-0.13266,51.36795],[-0.13382,51.3682],[-0.13385,51.36864],[-0.13311,51.36901],[-0.13365,51.36961],[-0.13269,51.37081],[-0.13277,51.37144],[-0.13435,51.37184],[-0.13476,51.37252],[-0.13752,51.37262],[-0.13806,51.37332],[-0.1389,51.37705],[-0.14384,51.379],[-0.14555,51.38143],[-0.14666,51.38451],[-0.15096,51.38771],[-0.1546,51.38531],[-0.1555,51.38356],[-0.15805,51.38242],[-0.15947,51.38057],[-0.15898,51.37997],[-0.16151,51.37961],[-0.16165,51.37918],[-0.16124,51.37822],[-0.16183,51.37761],[-0.1584,51.37698],[-0.15709,51.37606],[-0.15828,51.37444],[-0.15742,51.3736],[-0.15926,51.37258],[-0.15828,51.37143],[-0.15879,51.37071],[-0.15773,51.37016],[-0.15783,51.36948],[-0.15639,51.36924],[-0.15695,51.36886],[-0.1545,51.36568],[-0.15611,51.36504],[-0.15722,51.36271],[-0.15539,51.36241],[-0.15529,51.36197],[-0.15717,51.36092],[-0.15492,51.36013],[-0.15543,51.35929],[-0.15635,51.35904],[-0.15625,51.35771],[-0.15506,51.35685],[-0.15535,51.35599],[-0.15624,51.35572],[-0.15657,51.3551],[-0.15624,51.35477]]]},"properties":{"code":"SM6","area":"SM","colorSlot":3}},{"type":"Feature","geometry":{"type":"Polygon","coordinates":[[[-0.21805,51.3149],[-0.21631,51.31424],[-0.21618,51.31351],[-0.21491,51.31251],[-0.21307,51.31196],[-0.21129,51.31298],[-0.20668,51.31194],[-0.20255,51.30846],[-0.20051,51.30884],[-0.1878,51.30237],[-0.18654,51.30247],[-0.18402,51.3035],[-0.18282,51.30612],[-0.18041,51.30776],[-0.17885,51.31025],[-0.17643,51.31161],[-0.17438,51.31151],[-0.17134,51.31256],[-0.16944,51.31232],[-0.16747,51.31424],[-0.16709,51.31546],[-0.16377,51.31555],[-0.16424,51.31895],[-0.16119,51.32228],[-0.16382,51.32473],[-0.1643,51.32658],[-0.16384,51.32812],[-0.16209,51.33033],[-0.16343,51.33163],[-0.16326,51.33384],[-0.16562,51.33774],[-0.17574,51.33945],[-0.17802,51.33893],[-0.18282,51.33683],[-0.18335,51.33543],[-0.18684,51.33388],[-0.18824,51.33192],[-0.18987,51.33155],[-0.19237,51.33222],[-0.19575,51.33412],[-0.19782,51.33631],[-0.2021,51.33518],[-0.20531,51.33373],[-0.20863,51.33519],[-0.21541,51.33538],[-0.21609,51.33758],[-0.21884,51.33929],[-0.22054,51.33971],[-0.22372,51.33795],[-0.22372,51.33743],[-0.22661,51.33608],[-0.22966,51.33539],[-0.22868,51.33176],[-0.23115,51.33023],[-0.23143,51.3283],[-0.2346,51.32709],[-0.23195,51.32545],[-0.23135,51.32567],[-0.23005,51.32399],[-0.2315,51.32364],[-0.23217,51.32296],[-0.23143,51.32146],[-0.23296,51.32078],[-0.23273,51.32006],[-0.23032,51.31908],[-0.22848,51.31762],[-0.22561,51.31749],[-0.22316,51.31536],[-0.21995,51.31446],[-0.21805,51.3149]]]},"properties":{"code":"SM7","area":"SM","colorSlot":3}},{"type":"Feature","geometry":{"type":"Polygon","coordinates":[[[-0.33359,51.44974],[-0.33541,51.44872],[-0.33908,51.44886],[-0.33794,51.44726],[-0.33865,51.44677],[-0.3391,51.44546],[-0.33844,51.44477],[-0.33939,51.44443],[-0.33847,51.4435],[-0.3396,51.44157],[-0.33888,51.44095],[-0.33873,51.43982],[-0.33949,51.43913],[-0.33992,51.43717],[-0.34299,51.43579],[-0.34164,51.43399],[-0.3388,51.43337],[-0.33851,51.4329],[-0.33684,51.43302],[-0.33639,51.43205],[-0.33554,51.43216],[-0.33429,51.43318],[-0.33354,51.4329],[-0.33238,51.43351],[-0.33111,51.43284],[-0.33013,51.43385],[-0.32878,51.43342],[-0.32554,51.43408],[-0.32488,51.4346],[-0.32519,51.43513],[-0.32773,51.43643],[-0.32912,51.43775],[-0.32909,51.43859],[-0.32579,51.44164],[-0.32561,51.44231],[-0.32139,51.44498],[-0.31913,51.44489],[-0.3151,51.44666],[-0.31143,51.44653],[-0.30442,51.44955],[-0.30379,51.45253],[-0.30316,51.45315],[-0.30404,51.45485],[-0.30666,51.45729],[-0.30831,51.45781],[-0.31165,51.46005],[-0.31869,51.46292],[-0.3187,51.4639],[-0.31822,51.46442],[-0.32185,51.46467],[-0.32301,51.4652],[-0.32341,51.46447],[-0.32435,51.46445],[-0.32544,51.46373],[-0.32701,51.46181],[-0.32628,51.4607],[-0.3268,51.45976],[-0.3267,51.45843],[-0.32976,51.45839],[-0.33192,51.45688],[-0.33197,51.45586],[-0.33416,51.45552],[-0.33482,51.45657],[-0.33589,51.45703],[-0.33641,51.45833],[-0.33795,51.45834],[-0.33878,51.45909],[-0.34185,51.45901],[-0.34243,51.45636],[-0.3399,51.45582],[-0.33832,51.45395],[-0.33689,51.45436],[-0.33691,51.45294],[-0.33455,51.45204],[-0.3349,51.45159],[-0.33359,51.44974]]]},"properties":{"code":"TW1","area":"TW","colorSlot":3}},{"type":"Feature","geometry":{"type":"Polygon","coordinates":[[[-0.33901,51.44531],[-0.3389,51.44638],[-0.33791,51.44706],[-0.33908,51.44886],[-0.3356,51.4488],[-0.33359,51.44974],[-0.3349,51.45159],[-0.33455,51.45204],[-0.33691,51.45294],[-0.33664,51.45426],[-0.33832,51.45395],[-0.3399,51.45582],[-0.3419,51.45639],[-0.34395,51.45596],[-0.34719,51.45631],[-0.34868,51.45571],[-0.35123,51.45629],[-0.35329,51.45594],[-0.35577,51.45694],[-0.35576,51.45767],[-0.35669,51.45847],[-0.36255,51.45711],[-0.3632,51.45669],[-0.36267,51.45553],[-0.36301,51.45453],[-0.36399,51.4542],[-0.3655,51.4544],[-0.36686,51.45386],[-0.36872,51.45433],[-0.37041,51.45412],[-0.37095,51.45503],[-0.37221,51.45473],[-0.37249,51.45395],[-0.37524,51.45228],[-0.37448,51.45165],[-0.37111,51.45162],[-0.36934,51.45035],[-0.37366,51.44894],[-0.37469,51.44977],[-0.37654,51.44972],[-0.3782,51.45027],[-0.37937,51.44983],[-0.37922,51.4488],[-0.38095,51.44849],[-0.38062,51.4479],[-0.38229,51.44722],[-0.38235,51.44581],[-0.38226,51.44499],[-0.38052,51.44456],[-0.38003,51.4439],[-0.36723,51.44174],[-0.36742,51.44056],[-0.36873,51.44045],[-0.36953,51.43889],[-0.3711,51.43858],[-0.37023,51.43594],[-0.36257,51.43578],[-0.35835,51.43427],[-0.35431,51.43421],[-0.35134,51.43312],[-0.35006,51.43329],[-0.34908,51.43453],[-0.3478,51.4345],[-0.34375,51.436],[-0.34299,51.43579],[-0.33992,51.43717],[-0.33949,51.43913],[-0.33873,51.43982],[-0.3396,51.44157],[-0.33846,51.44346],[-0.33939,51.44443],[-0.33844,51.44477],[-0.33901,51.44531]]]},"properties":{"code":"TW2","area":"TW","colorSlot":1}},{"type":"Feature","geometry":{"type":"Polygon","coordinates":[[[-0.3538,51.47461],[-0.35397,51.47524],[-0.35322,51.47564],[-0.35356,51.47744],[-0.35292,51.47797],[-0.3544,51.47931],[-0.35616,51.47969],[-0.36009,51.47889],[-0.36115,51.47931],[-0.3616,51.47865],[-0.36276,51.47905],[-0.36353,51.47828],[-0.36418,51.47853],[-0.36597,51.47804],[-0.36761,51.47849],[-0.36877,51.47827],[-0.36988,51.47736],[-0.37109,51.478],[-0.37262,51.47737],[-0.37443,51.47817],[-0.37553,51.47685],[-0.37648,51.4767],[-0.37661,51.47612],[-0.37821,51.47673],[-0.37941,51.47606],[-0.38075,51.47685],[-0.38126,51.47609],[-0.38284,51.47578],[-0.38356,51.47636],[-0.38433,51.47624],[-0.38618,51.47507],[-0.38663,51.47428],[-0.38827,51.47374],[-0.38721,51.47312],[-0.38654,51.47337],[-0.38587,51.47271],[-0.38395,51.47251],[-0.38062,51.47079],[-0.37793,51.47049],[-0.37804,51.46943],[-0.37871,51.46936],[-0.37851,51.46865],[-0.37757,51.46828],[-0.37814,51.46774],[-0.37527,51.46735],[-0.37843,51.46576],[-0.377,51.46444],[-0.37358,51.46332],[-0.37443,51.46138],[-0.37278,51.45902],[-0.37316,51.45856],[-0.37218,51.45798],[-0.37185,51.4587],[-0.37009,51.4586],[-0.37121,51.45729],[-0.37099,51.45707],[-0.37343,51.45666],[-0.37311,51.45605],[-0.37274,51.45565],[-0.37142,51.45591],[-0.37086,51.45555],[-0.37041,51.45412],[-0.36878,51.45435],[-0.36686,51.45386],[-0.36329,51.4545],[-0.36267,51.45553],[-0.3632,51.45669],[-0.36057,51.45773],[-0.35877,51.45768],[-0.35689,51.4585],[-0.35576,51.45767],[-0.35317,51.45785],[-0.35357,51.45864],[-0.3523,51.45931],[-0.35245,51.45999],[-0.35121,51.46016],[-0.34912,51.46161],[-0.34794,51.46484],[-0.34676,51.46512],[-0.34689,51.46661],[-0.34751,51.46696],[-0.3486,51.46643],[-0.35076,51.46787],[-0.3493,51.46913],[-0.34699,51.46936],[-0.34676,51.47012],[-0.34525,51.47092],[-0.34525,51.47167],[-0.35004,51.47205],[-0.35003,51.47325],[-0.35196,51.47357],[-0.35251,51.47448],[-0.3538,51.47461]]]},"properties":{"code":"TW3","area":"TW","colorSlot":2}},{"type":"Feature","geometry":{"type":"Polygon","coordinates":[[[-0.39367,51.46109],[-0.39224,51.4572],[-0.38862,51.45665],[-0.38692,51.45571],[-0.38969,51.4523],[-0.39029,51.44922],[-0.38637,51.44771],[-0.38598,51.44575],[-0.38226,51.44499],[-0.38241,51.44712],[-0.3806,51.44781],[-0.38097,51.44831],[-0.38042,51.44872],[-0.37922,51.4488],[-0.37937,51.44983],[-0.3782,51.45027],[-0.37654,51.44972],[-0.37497,51.44985],[-0.37383,51.44902],[-0.36997,51.44985],[-0.36934,51.45035],[-0.37096,51.45143],[-0.37448,51.45165],[-0.37524,51.45228],[-0.37249,51.45395],[-0.37221,51.45473],[-0.37096,51.45504],[-0.37084,51.45551],[-0.37137,51.45589],[-0.37318,51.45586],[-0.37343,51.45666],[-0.37099,51.45707],[-0.37121,51.45729],[-0.37012,51.45857],[-0.37185,51.4587],[-0.37218,51.45798],[-0.37316,51.45856],[-0.37278,51.45902],[-0.37443,51.46138],[-0.37351,51.46236],[-0.37358,51.46332],[-0.377,51.46444],[-0.37829,51.46559],[-0.37777,51.46639],[-0.37528,51.4673],[-0.37814,51.46774],[-0.37757,51.46828],[-0.37851,51.46865],[-0.37871,51.46936],[-0.37804,51.46943],[-0.37793,51.47049],[-0.38062,51.47079],[-0.38827,51.47374],[-0.38659,51.47412],[-0.38618,51.47507],[-0.38433,51.47624],[-0.38612,51.47661],[-0.38692,51.47579],[-0.38819,51.47618],[-0.38917,51.47562],[-0.39164,51.47572],[-0.39186,51.47467],[-0.39293,51.47447],[-0.39311,51.47502],[-0.39501,51.47507],[-0.39607,51.4756],[-0.39697,51.47463],[-0.3978,51.4757],[-0.39758,51.47712],[-0.39935,51.47592],[-0.39933,51.47478],[-0.40068,51.47481],[-0.40029,51.47591],[-0.40133,51.47638],[-0.40073,51.47815],[-0.40332,51.4765],[-0.40442,51.4769],[-0.4046,51.47764],[-0.40734,51.47775],[-0.40805,51.47754],[-0.40772,51.47642],[-0.40844,51.476],[-0.41042,51.47654],[-0.41102,51.47742],[-0.41011,51.47833],[-0.41124,51.47886],[-0.41268,51.47843],[-0.41157,51.47739],[-0.41692,51.47389],[-0.41498,51.47346],[-0.41155,51.46995],[-0.40985,51.4677],[-0.40999,51.46735],[-0.4074,51.46538],[-0.40463,51.46537],[-0.40157,51.4626],[-0.40159,51.46206],[-0.40062,51.46111],[-0.39913,51.46081],[-0.39517,51.46165],[-0.39367,51.46109]]]},"properties":{"code":"TW4","area":"TW","colorSlot":0}},{"type":"Feature","geometry":{"type":"Polygon","coordinates":[[[-0.38439,51.48878],[-0.3894,51.48862],[-0.39161,51.48911],[-0.39259,51.4901],[-0.39333,51.49267],[-0.4004,51.49483],[-0.40418,51.49323],[-0.40914,51.49282],[-0.41059,51.49192],[-0.41378,51.49269],[-0.41748,51.4924],[-0.42172,51.48905],[-0.41428,51.48751],[-0.41396,51.48447],[-0.4177,51.48115],[-0.418,51.47894],[-0.41856,51.47839],[-0.41797,51.4739],[-0.41692,51.47389],[-0.41157,51.47739],[-0.41271,51.47842],[-0.41124,51.47886],[-0.41015,51.47846],[-0.41085,51.47755],[-0.41042,51.47654],[-0.40844,51.476],[-0.40772,51.47642],[-0.40805,51.47754],[-0.40742,51.47776],[-0.4046,51.47764],[-0.40442,51.4769],[-0.40338,51.47648],[-0.40073,51.47815],[-0.40133,51.47638],[-0.40029,51.47591],[-0.40068,51.47481],[-0.39939,51.47474],[-0.39935,51.47592],[-0.39763,51.47716],[-0.3978,51.4757],[-0.39697,51.47463],[-0.39607,51.4756],[-0.39501,51.47507],[-0.39311,51.47502],[-0.39293,51.47447],[-0.39186,51.47467],[-0.3919,51.47574],[-0.38917,51.47562],[-0.38819,51.47618],[-0.38712,51.47573],[-0.38612,51.47661],[-0.38368,51.47637],[-0.38284,51.47578],[-0.38126,51.47609],[-0.38093,51.47672],[-0.37941,51.47606],[-0.37821,51.47673],[-0.37704,51.47601],[-0.37648,51.4767],[-0.37553,51.47685],[-0.37459,51.4781],[-0.37262,51.47737],[-0.37109,51.478],[-0.36988,51.47736],[-0.36762,51.47848],[-0.36597,51.47804],[-0.36418,51.47853],[-0.36353,51.47828],[-0.36305,51.47905],[-0.3616,51.47865],[-0.36115,51.47931],[-0.36009,51.47889],[-0.35616,51.47969],[-0.35451,51.47952],[-0.35311,51.48004],[-0.3521,51.48116],[-0.35404,51.48153],[-0.35462,51.48099],[-0.35596,51.48094],[-0.35847,51.48239],[-0.35891,51.48434],[-0.36084,51.48641],[-0.35957,51.48792],[-0.36008,51.49074],[-0.36309,51.49088],[-0.36957,51.48989],[-0.37164,51.49094],[-0.3736,51.49045],[-0.37431,51.49123],[-0.37616,51.49158],[-0.37692,51.49098],[-0.37694,51.49023],[-0.37881,51.49076],[-0.38439,51.48878]]]},"properties":{"code":"TW5","area":"TW","colorSlot":1}},{"type":"Feature","geometry":{"type":"Polygon","coordinates":[[[-0.48654,51.46588],[-0.48838,51.46441],[-0.4877,51.46161],[-0.48478,51.45998],[-0.48079,51.46036],[-0.47897,51.46203],[-0.47685,51.46128],[-0.4762,51.46045],[-0.4735,51.45995],[-0.47355,51.45939],[-0.47188,51.45846],[-0.46056,51.45715],[-0.45856,51.45753],[-0.45798,51.45508],[-0.45635,51.45485],[-0.4526,51.45544],[-0.45195,51.45189],[-0.44898,51.45175],[-0.44695,51.45238],[-0.44638,51.45487],[-0.44512,51.45499],[-0.44436,51.45604],[-0.44493,51.45755],[-0.44387,51.45779],[-0.44137,51.45712],[-0.43873,51.45788],[-0.4387,51.45867],[-0.43662,51.45968],[-0.43509,51.46121],[-0.43623,51.46747],[-0.42883,51.46605],[-0.42512,51.46648],[-0.423,51.46591],[-0.42214,51.46688],[-0.42081,51.46714],[-0.4179,51.46895],[-0.4175,51.46872],[-0.41206,51.47009],[-0.41498,51.47346],[-0.41797,51.4739],[-0.41856,51.47839],[-0.418,51.47894],[-0.41772,51.48112],[-0.41988,51.4814],[-0.42089,51.48059],[-0.42114,51.47908],[-0.42336,51.48073],[-0.42542,51.4803],[-0.42724,51.4806],[-0.42772,51.48146],[-0.43042,51.48071],[-0.4317,51.48102],[-0.43432,51.48055],[-0.43708,51.4807],[-0.43811,51.48134],[-0.43928,51.48089],[-0.44565,51.48111],[-0.44713,51.48047],[-0.4502,51.4818],[-0.45285,51.48162],[-0.45306,51.48089],[-0.45463,51.47977],[-0.45614,51.48128],[-0.45909,51.48099],[-0.46016,51.48145],[-0.46384,51.48099],[-0.46466,51.47974],[-0.46734,51.48119],[-0.47116,51.48178],[-0.4756,51.48073],[-0.47816,51.48107],[-0.48006,51.4797],[-0.48132,51.47582],[-0.48346,51.47561],[-0.48566,51.48003],[-0.48708,51.48078],[-0.48873,51.48042],[-0.48935,51.4796],[-0.48936,51.47662],[-0.49875,51.47633],[-0.50106,51.47334],[-0.50086,51.47209],[-0.48903,51.46774],[-0.48654,51.46588]]]},"properties":{"code":"TW6","area":"TW","colorSlot":2}},{"type":"Feature","geometry":{"type":"Polygon","coordinates":[[[-0.35281,51.48158],[-0.3521,51.48116],[-0.35311,51.48004],[-0.35451,51.47952],[-0.35292,51.47797],[-0.35356,51.47744],[-0.35322,51.47564],[-0.35397,51.47524],[-0.3538,51.47461],[-0.35251,51.47448],[-0.3522,51.47371],[-0.35003,51.47325],[-0.35011,51.4721],[-0.34525,51.47167],[-0.34525,51.47092],[-0.34676,51.47012],[-0.34699,51.46936],[-0.3493,51.46913],[-0.35072,51.46805],[-0.34886,51.46655],[-0.34751,51.46696],[-0.34662,51.46574],[-0.34676,51.46512],[-0.34794,51.46484],[-0.34912,51.46161],[-0.35121,51.46016],[-0.35245,51.45999],[-0.3523,51.45931],[-0.35357,51.45864],[-0.35323,51.4581],[-0.35576,51.45767],[-0.35583,51.45695],[-0.35329,51.45594],[-0.35147,51.45617],[-0.34868,51.45571],[-0.34719,51.45631],[-0.34283,51.45611],[-0.34185,51.45901],[-0.33878,51.45909],[-0.33795,51.45834],[-0.33641,51.45833],[-0.33589,51.45703],[-0.33482,51.45657],[-0.33416,51.45552],[-0.33197,51.45586],[-0.33192,51.45688],[-0.32976,51.45839],[-0.32674,51.45838],[-0.3268,51.45976],[-0.32627,51.46069],[-0.327,51.46159],[-0.32544,51.46373],[-0.32435,51.46445],[-0.32341,51.46447],[-0.32301,51.4652],[-0.32203,51.46464],[-0.31822,51.46442],[-0.31456,51.46715],[-0.31462,51.46813],[-0.31305,51.46961],[-0.30637,51.47338],[-0.31816,51.47633],[-0.31712,51.47851],[-0.32014,51.48019],[-0.32086,51.48125],[-0.32175,51.48086],[-0.32204,51.48188],[-0.32507,51.48358],[-0.32592,51.4848],[-0.32824,51.48537],[-0.32816,51.48609],[-0.32567,51.48715],[-0.32507,51.48822],[-0.32968,51.48986],[-0.33315,51.49406],[-0.33509,51.49567],[-0.34037,51.49593],[-0.34694,51.49339],[-0.35429,51.49531],[-0.35758,51.4929],[-0.36008,51.49074],[-0.35957,51.48792],[-0.36084,51.48641],[-0.35891,51.48434],[-0.35847,51.48239],[-0.35785,51.48181],[-0.35617,51.48082],[-0.35281,51.48158]]]},"properties":{"code":"TW7","area":"TW","colorSlot":0}},{"type":"Feature","geometry":{"type":"Polygon","coordinates":[[[-0.29801,51.48403],[-0.29541,51.48555],[-0.29379,51.48542],[-0.29154,51.48657],[-0.28974,51.48676],[-0.28877,51.48728],[-0.28817,51.48843],[-0.28574,51.48859],[-0.28632,51.48952],[-0.28728,51.48995],[-0.28455,51.49067],[-0.2856,51.49254],[-0.28555,51.494],[-0.2874,51.49606],[-0.288,51.49651],[-0.29173,51.49682],[-0.29395,51.49858],[-0.29895,51.49914],[-0.30116,51.49843],[-0.30146,51.4978],[-0.29956,51.4966],[-0.29711,51.49609],[-0.29798,51.49561],[-0.2982,51.49473],[-0.29973,51.49488],[-0.30129,51.49571],[-0.30178,51.49456],[-0.30307,51.49403],[-0.30372,51.49478],[-0.30474,51.49488],[-0.30556,51.49421],[-0.30688,51.49408],[-0.30699,51.49367],[-0.30778,51.49403],[-0.30922,51.49383],[-0.30915,51.49302],[-0.31092,51.493],[-0.31156,51.49209],[-0.31338,51.4916],[-0.31431,51.49237],[-0.31473,51.49378],[-0.31573,51.49409],[-0.31697,51.49359],[-0.31891,51.49366],[-0.31948,51.49417],[-0.31971,51.4963],[-0.32166,51.49653],[-0.32503,51.49599],[-0.32528,51.49491],[-0.32795,51.49252],[-0.3316,51.49218],[-0.32968,51.48986],[-0.32507,51.48822],[-0.32567,51.48715],[-0.32816,51.48609],[-0.32824,51.48537],[-0.32592,51.4848],[-0.32532,51.48357],[-0.32367,51.48301],[-0.32223,51.48191],[-0.32176,51.48086],[-0.32086,51.48125],[-0.32014,51.48019],[-0.31712,51.47851],[-0.31811,51.47661],[-0.30628,51.47348],[-0.30537,51.47397],[-0.30273,51.47419],[-0.29763,51.47758],[-0.29675,51.47905],[-0.29828,51.48356],[-0.29801,51.48403]]]},"properties":{"code":"TW8","area":"TW","colorSlot":1}},{"type":"Feature","geometry":{"type":"Polygon","coordinates":[[[-0.30547,51.45943],[-0.30079,51.45966],[-0.30069,51.46023],[-0.29917,51.46013],[-0.29716,51.46087],[-0.29725,51.4617],[-0.29482,51.46209],[-0.29215,51.46154],[-0.29183,51.46114],[-0.29247,51.46071],[-0.29077,51.46059],[-0.2907,51.46179],[-0.29003,51.46196],[-0.28877,51.46092],[-0.28819,51.4621],[-0.28694,51.46265],[-0.28804,51.46312],[-0.28753,51.46383],[-0.28789,51.46463],[-0.28708,51.46497],[-0.28536,51.46466],[-0.28505,51.46533],[-0.28278,51.46598],[-0.27722,51.46672],[-0.27676,51.46715],[-0.27814,51.4682],[-0.27695,51.47127],[-0.27148,51.47358],[-0.27487,51.47807],[-0.27669,51.48203],[-0.27778,51.48301],[-0.2803,51.48372],[-0.28096,51.48465],[-0.2843,51.48663],[-0.28638,51.48736],[-0.28877,51.48728],[-0.2915,51.48659],[-0.29379,51.48542],[-0.29541,51.48555],[-0.29747,51.48452],[-0.29828,51.48356],[-0.29676,51.47907],[-0.29797,51.47726],[-0.30273,51.47419],[-0.30537,51.47397],[-0.31305,51.46961],[-0.31462,51.46813],[-0.31456,51.46715],[-0.3187,51.4639],[-0.31869,51.46292],[-0.31165,51.46005],[-0.30831,51.45781],[-0.30666,51.45729],[-0.30613,51.45755],[-0.30501,51.4584],[-0.30567,51.45897],[-0.30547,51.45943]]]},"properties":{"code":"TW9","area":"TW","colorSlot":2}},{"type":"Feature","geometry":{"type":"Polygon","coordinates":[[[-0.29492,51.42854],[-0.29337,51.42838],[-0.291,51.43004],[-0.28741,51.43045],[-0.28798,51.4274],[-0.28525,51.42482],[-0.28384,51.42431],[-0.28133,51.42566],[-0.28046,51.42665],[-0.27904,51.43013],[-0.27973,51.43405],[-0.27779,51.43505],[-0.27356,51.43878],[-0.26355,51.43971],[-0.25781,51.44205],[-0.25432,51.44465],[-0.25698,51.44765],[-0.25892,51.4489],[-0.26468,51.4513],[-0.2687,51.45105],[-0.27192,51.45029],[-0.28022,51.45552],[-0.28275,51.45615],[-0.28283,51.45699],[-0.28205,51.45828],[-0.27977,51.46059],[-0.2777,51.46146],[-0.27761,51.462],[-0.27889,51.46275],[-0.2783,51.46347],[-0.27867,51.46377],[-0.27834,51.4646],[-0.27761,51.46465],[-0.27638,51.46576],[-0.27714,51.46671],[-0.28227,51.46614],[-0.28505,51.46533],[-0.28536,51.46466],[-0.28708,51.46497],[-0.28789,51.46463],[-0.28753,51.46383],[-0.28804,51.46312],[-0.28692,51.46273],[-0.28819,51.4621],[-0.28877,51.46092],[-0.28986,51.46192],[-0.2907,51.46179],[-0.29075,51.46061],[-0.29247,51.46071],[-0.29183,51.46114],[-0.29215,51.46154],[-0.29482,51.46209],[-0.2971,51.46173],[-0.29716,51.46087],[-0.29907,51.46021],[-0.30068,51.46023],[-0.3014,51.45952],[-0.3024,51.45985],[-0.30449,51.45921],[-0.30547,51.45943],[-0.3057,51.45898],[-0.30494,51.45863],[-0.30666,51.45729],[-0.30404,51.45485],[-0.30316,51.45315],[-0.30379,51.45253],[-0.30442,51.44955],[-0.31143,51.44653],[-0.3151,51.44666],[-0.31913,51.44489],[-0.32139,51.44498],[-0.32561,51.44231],[-0.32577,51.44165],[-0.32909,51.43859],[-0.32912,51.43775],[-0.32773,51.43643],[-0.32523,51.43531],[-0.32488,51.4346],[-0.32188,51.43353],[-0.32053,51.43073],[-0.31799,51.42975],[-0.31625,51.42848],[-0.31447,51.42836],[-0.31348,51.43002],[-0.31216,51.43028],[-0.31205,51.43166],[-0.30938,51.43212],[-0.30715,51.43151],[-0.30695,51.43104],[-0.30517,51.43117],[-0.29918,51.43001],[-0.29953,51.42928],[-0.29904,51.42909],[-0.29915,51.42835],[-0.29781,51.42769],[-0.29535,51.42803],[-0.29492,51.42854]]]},"properties":{"code":"TW10","area":"TW","colorSlot":0}},{"type":"Feature","geometry":{"type":"Polygon","coordinates":[[[-0.35227,51.42857],[-0.34996,51.4278],[-0.35134,51.4245],[-0.34996,51.42355],[-0.35274,51.41963],[-0.35206,51.41877],[-0.35461,51.41454],[-0.35423,51.4138],[-0.35104,51.41195],[-0.34753,51.41161],[-0.34353,51.41228],[-0.34073,51.41375],[-0.33636,51.41177],[-0.33353,51.41127],[-0.32594,51.41144],[-0.32496,51.41288],[-0.32497,51.41459],[-0.32221,51.41593],[-0.31719,51.41627],[-0.31609,51.41713],[-0.3164,51.41737],[-0.31568,51.41838],[-0.3115,51.4178],[-0.31025,51.41868],[-0.30984,51.41722],[-0.30739,51.41716],[-0.30654,51.41763],[-0.30715,51.4184],[-0.30616,51.42073],[-0.30736,51.42227],[-0.30692,51.4238],[-0.30779,51.42426],[-0.30797,51.42586],[-0.31023,51.42584],[-0.31153,51.42728],[-0.31441,51.42833],[-0.31625,51.42848],[-0.31799,51.42975],[-0.32041,51.43066],[-0.32229,51.43384],[-0.32488,51.4346],[-0.32539,51.43412],[-0.32878,51.43342],[-0.33013,51.43385],[-0.33143,51.43295],[-0.33238,51.43351],[-0.33354,51.4329],[-0.33429,51.43318],[-0.33544,51.43215],[-0.33639,51.43205],[-0.33684,51.43302],[-0.33849,51.43289],[-0.3388,51.43337],[-0.34156,51.4338],[-0.34299,51.43579],[-0.34375,51.436],[-0.3478,51.4345],[-0.34908,51.43453],[-0.35006,51.43329],[-0.35134,51.43312],[-0.35117,51.4321],[-0.35196,51.43155],[-0.35188,51.43051],[-0.35366,51.42999],[-0.35227,51.42857]]]},"properties":{"code":"TW11","area":"TW","colorSlot":2}},{"type":"Feature","geometry":{"type":"Polygon","coordinates":[[[-0.37609,51.43438],[-0.38019,51.43403],[-0.38124,51.43306],[-0.38227,51.43298],[-0.38218,51.43218],[-0.38317,51.43177],[-0.38369,51.43044],[-0.38552,51.43032],[-0.3869,51.42927],[-0.38655,51.42847],[-0.38873,51.42713],[-0.38963,51.42459],[-0.39431,51.4205],[-0.38998,51.41927],[-0.38655,51.41641],[-0.38507,51.4136],[-0.38335,51.41275],[-0.38738,51.40713],[-0.38371,51.40687],[-0.38133,51.40721],[-0.37947,51.40934],[-0.37447,51.4086],[-0.37299,51.40952],[-0.37148,51.40913],[-0.36972,51.40959],[-0.36845,51.41128],[-0.36721,51.41151],[-0.36083,51.41143],[-0.35865,51.41066],[-0.35716,51.40941],[-0.35415,51.41005],[-0.35203,51.40786],[-0.34965,51.40868],[-0.34753,51.41161],[-0.35104,51.41195],[-0.35423,51.4138],[-0.35461,51.41454],[-0.35206,51.41877],[-0.35274,51.41963],[-0.34996,51.42355],[-0.35134,51.4245],[-0.34995,51.42778],[-0.35227,51.42857],[-0.35365,51.42988],[-0.35188,51.43051],[-0.35212,51.43134],[-0.35117,51.4321],[-0.35137,51.43289],[-0.35431,51.43421],[-0.35835,51.43427],[-0.36255,51.43578],[-0.37334,51.43592],[-0.37609,51.43438]]]},"properties":{"code":"TW12","area":"TW","colorSlot":0}},{"type":"Feature","geometry":{"type":"Polygon","coordinates":[[[-0.41867,51.44568],[-0.42103,51.44575],[-0.42168,51.44501],[-0.42769,51.44547],[-0.43043,51.44484],[-0.43285,51.44227],[-0.44123,51.44294],[-0.44151,51.44277],[-0.4362,51.43889],[-0.43805,51.43693],[-0.44052,51.43552],[-0.43773,51.43525],[-0.43733,51.43318],[-0.43567,51.4324],[-0.43268,51.43246],[-0.4304,51.42961],[-0.42777,51.42967],[-0.4257,51.43081],[-0.42011,51.43119],[-0.41734,51.43026],[-0.41626,51.43057],[-0.4137,51.42991],[-0.40879,51.42973],[-0.40748,51.42857],[-0.40824,51.4239],[-0.39592,51.42045],[-0.39431,51.4205],[-0.38963,51.42459],[-0.38873,51.42713],[-0.38669,51.42841],[-0.3869,51.42927],[-0.38552,51.43032],[-0.38369,51.43044],[-0.38317,51.43177],[-0.38218,51.43218],[-0.38228,51.43297],[-0.38126,51.43305],[-0.38019,51.43403],[-0.37609,51.43438],[-0.3735,51.43587],[-0.37023,51.43594],[-0.37112,51.43851],[-0.36953,51.43889],[-0.36873,51.44045],[-0.36795,51.44033],[-0.36716,51.44088],[-0.36716,51.4417],[-0.36933,51.44233],[-0.37051,51.44211],[-0.37232,51.44286],[-0.37952,51.44377],[-0.38103,51.4448],[-0.38585,51.44551],[-0.38637,51.44771],[-0.39029,51.44922],[-0.39331,51.44863],[-0.39844,51.44953],[-0.4028,51.44905],[-0.405,51.44936],[-0.40772,51.44783],[-0.40855,51.44853],[-0.41032,51.44832],[-0.41233,51.44716],[-0.41414,51.4473],[-0.41569,51.44659],[-0.41706,51.44659],[-0.41867,51.44568]]]},"properties":{"code":"TW13","area":"TW","colorSlot":2}},{"type":"Feature","geometry":{"type":"Polygon","coordinates":[[[-0.42297,51.46591],[-0.42512,51.46648],[-0.42883,51.46605],[-0.43623,51.46747],[-0.43509,51.46121],[-0.43662,51.45968],[-0.4387,51.45867],[-0.43873,51.45788],[-0.44117,51.45716],[-0.44387,51.45779],[-0.44493,51.45755],[-0.44436,51.45604],[-0.44512,51.45499],[-0.44638,51.45487],[-0.44723,51.45218],[-0.44898,51.45175],[-0.45195,51.45189],[-0.45367,51.45088],[-0.45862,51.45002],[-0.46154,51.44761],[-0.45912,51.44339],[-0.4573,51.4422],[-0.45928,51.44036],[-0.45727,51.4392],[-0.45332,51.43831],[-0.4509,51.43898],[-0.44743,51.44161],[-0.44641,51.44148],[-0.44123,51.44294],[-0.43285,51.44227],[-0.43043,51.44484],[-0.42769,51.44547],[-0.42168,51.44501],[-0.42103,51.44575],[-0.41867,51.44568],[-0.41706,51.44659],[-0.41414,51.4473],[-0.41233,51.44716],[-0.41032,51.44832],[-0.40855,51.44853],[-0.40772,51.44783],[-0.405,51.44936],[-0.40307,51.44902],[-0.39868,51.44941],[-0.39331,51.44863],[-0.39094,51.4489],[-0.38994,51.4497],[-0.38969,51.4523],[-0.38692,51.45571],[-0.38862,51.45665],[-0.39224,51.4572],[-0.39349,51.46088],[-0.39451,51.46157],[-0.39913,51.46081],[-0.40057,51.46108],[-0.40435,51.4654],[-0.4074,51.46538],[-0.40999,51.46735],[-0.40985,51.4677],[-0.41155,51.46995],[-0.4179,51.46895],[-0.42081,51.46714],[-0.42214,51.46688],[-0.42297,51.46591]]]},"properties":{"code":"TW14","area":"TW","colorSlot":1}},{"type":"Feature","geometry":{"type":"Polygon","coordinates":[[[-0.44641,51.44148],[-0.44743,51.44161],[-0.4509,51.43898],[-0.45332,51.43831],[-0.45727,51.4392],[-0.45909,51.44022],[-0.4573,51.4422],[-0.45912,51.44339],[-0.46154,51.44761],[-0.4642,51.4472],[-0.46486,51.44632],[-0.46696,51.44528],[-0.46776,51.44343],[-0.47039,51.4445],[-0.47023,51.44484],[-0.47117,51.44568],[-0.47291,51.44445],[-0.47494,51.44473],[-0.47439,51.44242],[-0.47488,51.4423],[-0.48244,51.44476],[-0.48574,51.44522],[-0.48467,51.43761],[-0.48582,51.4369],[-0.48731,51.43401],[-0.48923,51.43231],[-0.48677,51.42939],[-0.48382,51.42773],[-0.48357,51.42689],[-0.47858,51.42601],[-0.47745,51.42538],[-0.47575,51.4265],[-0.47509,51.42554],[-0.47256,51.42464],[-0.47244,51.42177],[-0.47183,51.42058],[-0.46868,51.41722],[-0.46543,51.41721],[-0.46009,51.41531],[-0.43865,51.41633],[-0.43854,51.41688],[-0.43536,51.41964],[-0.43328,51.42038],[-0.43323,51.4218],[-0.43246,51.42142],[-0.43146,51.42162],[-0.43162,51.42225],[-0.43088,51.42338],[-0.43108,51.42427],[-0.42992,51.42466],[-0.42982,51.42552],[-0.43171,51.42649],[-0.43205,51.42767],[-0.4304,51.42961],[-0.43268,51.43246],[-0.43549,51.43238],[-0.43733,51.43318],[-0.43762,51.43515],[-0.44052,51.43552],[-0.43805,51.43693],[-0.4362,51.43889],[-0.43722,51.43967],[-0.44161,51.44268],[-0.44641,51.44148]]]},"properties":{"code":"TW15","area":"TW","colorSlot":0}},{"type":"Feature","geometry":{"type":"Polygon","coordinates":[[[-0.39902,51.40508],[-0.39652,51.40608],[-0.39056,51.40619],[-0.38738,51.40713],[-0.38332,51.41273],[-0.38491,51.41341],[-0.38655,51.41641],[-0.38998,51.41927],[-0.39431,51.4205],[-0.39576,51.42042],[-0.40824,51.4239],[-0.40748,51.42857],[-0.40879,51.42973],[-0.4137,51.42991],[-0.41626,51.43057],[-0.41734,51.43026],[-0.42011,51.43119],[-0.4257,51.43081],[-0.42777,51.42967],[-0.4304,51.42961],[-0.43205,51.42767],[-0.43171,51.42649],[-0.42982,51.42552],[-0.4298,51.42488],[-0.43105,51.42432],[-0.43088,51.42338],[-0.43162,51.42225],[-0.43146,51.42162],[-0.43246,51.42142],[-0.43323,51.4218],[-0.43328,51.42038],[-0.43536,51.41964],[-0.43854,51.41688],[-0.43848,51.41412],[-0.43708,51.41291],[-0.43004,51.41381],[-0.42917,51.41227],[-0.42957,51.41011],[-0.42903,51.40936],[-0.42418,51.40823],[-0.42302,51.4049],[-0.42488,51.40385],[-0.42541,51.4017],[-0.4272,51.40059],[-0.42753,51.39978],[-0.42697,51.39774],[-0.42866,51.39748],[-0.43163,51.39541],[-0.43174,51.39401],[-0.4283,51.39385],[-0.42567,51.39428],[-0.42418,51.39372],[-0.42287,51.39409],[-0.42041,51.39305],[-0.41908,51.39345],[-0.41888,51.39396],[-0.41957,51.39565],[-0.41539,51.39621],[-0.41627,51.39798],[-0.41559,51.39898],[-0.41345,51.39934],[-0.41327,51.40083],[-0.41247,51.40097],[-0.41188,51.4027],[-0.40887,51.40302],[-0.40991,51.40499],[-0.40519,51.40572],[-0.40068,51.40369],[-0.39902,51.40508]]]},"properties":{"code":"TW16","area":"TW","colorSlot":3}},{"type":"Feature","geometry":{"type":"Polygon","coordinates":[[[-0.48135,51.39348],[-0.48165,51.39232],[-0.48004,51.38889],[-0.47685,51.39089],[-0.47479,51.38921],[-0.47479,51.38799],[-0.47538,51.38732],[-0.46575,51.38648],[-0.46994,51.38362],[-0.46771,51.38155],[-0.46671,51.38196],[-0.46287,51.38203],[-0.46067,51.38114],[-0.46259,51.37931],[-0.46207,51.37878],[-0.45924,51.37982],[-0.4594,51.38088],[-0.45714,51.381],[-0.45652,51.38251],[-0.45591,51.38258],[-0.45406,51.38544],[-0.45008,51.38519],[-0.44852,51.38387],[-0.44604,51.38287],[-0.44117,51.38704],[-0.43727,51.38625],[-0.43754,51.3821],[-0.43473,51.38243],[-0.43289,51.38353],[-0.43173,51.38555],[-0.43022,51.38634],[-0.42958,51.38773],[-0.42297,51.39009],[-0.42236,51.39105],[-0.42071,51.39189],[-0.42041,51.39305],[-0.42287,51.39409],[-0.42418,51.39372],[-0.42567,51.39428],[-0.4283,51.39385],[-0.43174,51.39401],[-0.43163,51.39541],[-0.42866,51.39748],[-0.42697,51.39774],[-0.42753,51.39978],[-0.4272,51.40059],[-0.42541,51.4017],[-0.42488,51.40385],[-0.42307,51.40483],[-0.42418,51.40823],[-0.429,51.40931],[-0.42955,51.40998],[-0.42958,51.41169],[-0.42917,51.41227],[-0.43004,51.41381],[-0.43708,51.41291],[-0.43848,51.41412],[-0.43865,51.41633],[-0.46009,51.41531],[-0.46543,51.41721],[-0.46868,51.41722],[-0.47337,51.41563],[-0.47481,51.41467],[-0.47777,51.41085],[-0.47851,51.4084],[-0.47973,51.40733],[-0.48041,51.40174],[-0.4827,51.40044],[-0.48627,51.39614],[-0.48135,51.39348]]]},"properties":{"code":"TW17","area":"TW","colorSlot":1}},{"type":"Feature","geometry":{"type":"Polygon","coordinates":[[[-0.48259,51.42666],[-0.48357,51.42689],[-0.48382,51.42773],[-0.48677,51.42939],[-0.48923,51.43231],[-0.48729,51.43384],[-0.48582,51.4369],[-0.48467,51.43761],[-0.48574,51.44522],[-0.49209,51.44642],[-0.49915,51.44958],[-0.50638,51.44841],[-0.50869,51.44868],[-0.51318,51.44758],[-0.52174,51.44093],[-0.52369,51.44057],[-0.52925,51.44329],[-0.53305,51.44049],[-0.53305,51.43839],[-0.5321,51.43807],[-0.53194,51.43748],[-0.53284,51.43614],[-0.53311,51.43416],[-0.53548,51.43472],[-0.53531,51.43321],[-0.53438,51.43296],[-0.53178,51.43351],[-0.53047,51.43257],[-0.53085,51.43214],[-0.53057,51.43138],[-0.52956,51.43122],[-0.52739,51.42962],[-0.52442,51.42937],[-0.52303,51.42837],[-0.52317,51.42778],[-0.52266,51.42717],[-0.52044,51.4272],[-0.51651,51.42478],[-0.51686,51.42295],[-0.52328,51.41973],[-0.52326,51.41887],[-0.52104,51.41666],[-0.52018,51.41324],[-0.51218,51.41295],[-0.51054,51.41114],[-0.50565,51.41272],[-0.50267,51.41227],[-0.50001,51.41508],[-0.49773,51.41349],[-0.49606,51.41357],[-0.4941,51.41297],[-0.49458,51.41158],[-0.49545,51.4108],[-0.49321,51.40961],[-0.49291,51.40845],[-0.49555,51.40697],[-0.49564,51.4041],[-0.49237,51.40421],[-0.48954,51.4016],[-0.49425,51.39994],[-0.49282,51.39701],[-0.48789,51.39599],[-0.48627,51.39614],[-0.4827,51.40044],[-0.48041,51.40174],[-0.47973,51.40733],[-0.47851,51.4084],[-0.47777,51.41085],[-0.47481,51.41467],[-0.47337,51.41563],[-0.46868,51.41722],[-0.47183,51.42058],[-0.47244,51.42177],[-0.47256,51.42464],[-0.47509,51.42554],[-0.47575,51.4265],[-0.47745,51.42538],[-0.47858,51.42601],[-0.48259,51.42666]]]},"properties":{"code":"TW18","area":"TW","colorSlot":3}},{"type":"Feature","geometry":{"type":"Polygon","coordinates":[[[-0.53938,51.44051],[-0.53906,51.4395],[-0.53305,51.43839],[-0.53305,51.44049],[-0.52925,51.44329],[-0.52369,51.44057],[-0.52174,51.44093],[-0.51318,51.44758],[-0.5087,51.44868],[-0.50638,51.44841],[-0.49915,51.44958],[-0.49209,51.44642],[-0.48244,51.44476],[-0.47445,51.44233],[-0.47499,51.44471],[-0.47291,51.44445],[-0.47134,51.44574],[-0.47023,51.44484],[-0.47043,51.44457],[-0.46776,51.44343],[-0.46696,51.44528],[-0.46486,51.44632],[-0.46431,51.44716],[-0.46154,51.44761],[-0.45862,51.45002],[-0.45371,51.45085],[-0.45195,51.45189],[-0.45187,51.45243],[-0.4526,51.45544],[-0.45635,51.45485],[-0.45798,51.45508],[-0.45856,51.45753],[-0.46056,51.45715],[-0.47188,51.45846],[-0.47354,51.45933],[-0.4735,51.45995],[-0.47606,51.46036],[-0.47671,51.46116],[-0.47897,51.46203],[-0.48079,51.46036],[-0.48459,51.45992],[-0.4877,51.46161],[-0.48838,51.46441],[-0.48654,51.46588],[-0.48903,51.46774],[-0.50086,51.47209],[-0.50327,51.47073],[-0.50524,51.46868],[-0.51268,51.46449],[-0.51975,51.46161],[-0.52191,51.46426],[-0.5227,51.4672],[-0.5245,51.47083],[-0.53023,51.46981],[-0.53501,51.46774],[-0.53832,51.46766],[-0.54062,51.46702],[-0.5443,51.46524],[-0.55113,51.4664],[-0.55229,51.46836],[-0.55814,51.47078],[-0.56044,51.47282],[-0.56694,51.47414],[-0.56991,51.47318],[-0.57026,51.47223],[-0.56702,51.46968],[-0.56584,51.4681],[-0.56741,51.46649],[-0.5662,51.46362],[-0.56994,51.46226],[-0.57136,51.46098],[-0.57475,51.4603],[-0.57412,51.45946],[-0.57347,51.45682],[-0.57469,51.45628],[-0.57353,51.45491],[-0.57389,51.45451],[-0.5729,51.45302],[-0.57282,51.45161],[-0.56814,51.4495],[-0.56843,51.44839],[-0.56675,51.44529],[-0.56158,51.44254],[-0.5585,51.44224],[-0.55736,51.44111],[-0.54791,51.44206],[-0.54367,51.44032],[-0.54082,51.44111],[-0.53938,51.44051]]]},"properties":{"code":"TW19","area":"TW","colorSlot":4}},{"type":"Feature","geometry":{"type":"Polygon","coordinates":[[[-0.60133,51.43165],[-0.60287,51.42992],[-0.60814,51.42625],[-0.60738,51.42485],[-0.61137,51.41872],[-0.6055,51.41232],[-0.59847,51.41318],[-0.59355,51.41515],[-0.58647,51.41428],[-0.58338,51.41336],[-0.57957,51.41325],[-0.57515,51.41521],[-0.57447,51.41792],[-0.56979,51.4178],[-0.56318,51.41477],[-0.56173,51.41558],[-0.55235,51.41697],[-0.5518,51.41319],[-0.5488,51.41169],[-0.55273,51.41012],[-0.55371,51.40832],[-0.55307,51.40642],[-0.55386,51.40544],[-0.5537,51.4046],[-0.55276,51.40292],[-0.54884,51.40223],[-0.54448,51.3987],[-0.54098,51.39984],[-0.53458,51.3993],[-0.53305,51.39984],[-0.53141,51.40284],[-0.52987,51.40407],[-0.52257,51.40533],[-0.52015,51.40477],[-0.51558,51.40809],[-0.51441,51.40821],[-0.51058,51.41111],[-0.51218,51.41295],[-0.52018,51.41324],[-0.52104,51.41666],[-0.52326,51.41887],[-0.52328,51.41973],[-0.51686,51.42295],[-0.51651,51.42478],[-0.52044,51.4272],[-0.52266,51.42717],[-0.52317,51.42778],[-0.52303,51.42837],[-0.52442,51.42937],[-0.52739,51.42962],[-0.52956,51.43122],[-0.53057,51.43138],[-0.53085,51.43214],[-0.53047,51.43257],[-0.53155,51.4335],[-0.53521,51.4331],[-0.53548,51.43472],[-0.53311,51.43416],[-0.53284,51.43614],[-0.53194,51.43748],[-0.5321,51.43807],[-0.53906,51.4395],[-0.53938,51.44051],[-0.54082,51.44111],[-0.54367,51.44032],[-0.54791,51.44206],[-0.55736,51.44111],[-0.5585,51.44224],[-0.56158,51.44254],[-0.56675,51.44529],[-0.57089,51.44465],[-0.57563,51.44166],[-0.58046,51.44456],[-0.58145,51.44673],[-0.5841,51.4472],[-0.59063,51.44569],[-0.59697,51.44623],[-0.59498,51.43804],[-0.59694,51.43599],[-0.60013,51.43523],[-0.60133,51.43165]]]},"properties":{"code":"TW20","area":"TW","colorSlot":0}},{"type":"Feature","geometry":{"type":"Polygon","coordinates":[[[-0.37844,51.50659],[-0.3769,51.50642],[-0.37631,51.50589],[-0.371,51.50602],[-0.36855,51.50548],[-0.3673,51.50683],[-0.36489,51.50756],[-0.36317,51.50732],[-0.35866,51.5088],[-0.35737,51.50868],[-0.35674,51.50946],[-0.35376,51.50944],[-0.35231,51.50893],[-0.34918,51.50892],[-0.3479,51.50789],[-0.34855,51.50689],[-0.35123,51.50702],[-0.35217,51.50624],[-0.35202,51.50578],[-0.34814,51.50591],[-0.34723,51.50505],[-0.34443,51.50618],[-0.34481,51.50785],[-0.34394,51.50884],[-0.34406,51.51081],[-0.34533,51.51195],[-0.35021,51.5122],[-0.35131,51.51492],[-0.3511,51.51556],[-0.35418,51.51689],[-0.35473,51.51794],[-0.35582,51.51846],[-0.35575,51.51896],[-0.35985,51.51876],[-0.36078,51.51951],[-0.36184,51.51914],[-0.36261,51.51989],[-0.36406,51.5199],[-0.366,51.52081],[-0.36669,51.52187],[-0.36377,51.52225],[-0.36386,51.52303],[-0.3644,51.52336],[-0.36358,51.52446],[-0.36361,51.5251],[-0.36497,51.52598],[-0.36405,51.5268],[-0.36519,51.52673],[-0.36662,51.52749],[-0.36652,51.52817],[-0.3677,51.52879],[-0.36605,51.52972],[-0.36638,51.53013],[-0.36579,51.53046],[-0.36601,51.5315],[-0.36873,51.53129],[-0.37451,51.53282],[-0.3754,51.53181],[-0.37521,51.53095],[-0.37613,51.53031],[-0.37536,51.52865],[-0.37607,51.52702],[-0.37843,51.52573],[-0.37873,51.52499],[-0.37833,51.52289],[-0.38333,51.51954],[-0.38456,51.51745],[-0.38479,51.51601],[-0.38634,51.51601],[-0.38718,51.51516],[-0.38824,51.51521],[-0.38888,51.51445],[-0.39003,51.51429],[-0.39011,51.51324],[-0.39264,51.51179],[-0.39198,51.51016],[-0.39441,51.50695],[-0.38406,51.50565],[-0.38302,51.50517],[-0.38017,51.50593],[-0.37885,51.5057],[-0.37844,51.50659]]]},"properties":{"code":"UB1","area":"UB","colorSlot":4}},{"type":"Feature","geometry":{"type":"Polygon","coordinates":[[[-0.36012,51.49075],[-0.35429,51.49531],[-0.34694,51.49339],[-0.34037,51.49593],[-0.34172,51.49838],[-0.34433,51.50052],[-0.34422,51.50157],[-0.34808,51.50358],[-0.34723,51.50505],[-0.34814,51.50591],[-0.35202,51.50578],[-0.35217,51.50624],[-0.35123,51.50702],[-0.34855,51.50689],[-0.3479,51.50789],[-0.34918,51.50892],[-0.35674,51.50946],[-0.35737,51.50868],[-0.35866,51.5088],[-0.36317,51.50732],[-0.36489,51.50756],[-0.3673,51.50683],[-0.36839,51.50547],[-0.371,51.50602],[-0.37631,51.50589],[-0.37844,51.50659],[-0.37885,51.5057],[-0.38017,51.50593],[-0.38302,51.50517],[-0.38406,51.50565],[-0.39441,51.50695],[-0.39608,51.50588],[-0.39821,51.50547],[-0.402,51.50571],[-0.40452,51.50304],[-0.40694,51.50259],[-0.40733,51.49979],[-0.41049,51.49983],[-0.40933,51.49761],[-0.41063,51.49657],[-0.41084,51.49587],[-0.40914,51.49282],[-0.40427,51.49316],[-0.4004,51.49483],[-0.39849,51.49454],[-0.3973,51.49371],[-0.39336,51.49269],[-0.39256,51.49035],[-0.39161,51.48911],[-0.3894,51.48862],[-0.38439,51.48878],[-0.37881,51.49076],[-0.37694,51.49023],[-0.37692,51.49098],[-0.37616,51.49158],[-0.37431,51.49123],[-0.3736,51.49045],[-0.37164,51.49094],[-0.36976,51.48991],[-0.36309,51.49088],[-0.36012,51.49075]]]},"properties":{"code":"UB2","area":"UB","colorSlot":3}},{"type":"Feature","geometry":{"type":"Polygon","coordinates":[[[-0.43423,51.50863],[-0.4362,51.50852],[-0.43752,51.50776],[-0.43951,51.5084],[-0.44076,51.50747],[-0.44511,51.50593],[-0.44669,51.50259],[-0.44949,51.5007],[-0.44914,51.50018],[-0.45175,51.49743],[-0.45195,51.49594],[-0.45017,51.49314],[-0.45163,51.49225],[-0.45195,51.48922],[-0.45064,51.48732],[-0.44682,51.48488],[-0.44723,51.4838],[-0.44681,51.48258],[-0.44913,51.48129],[-0.44713,51.48047],[-0.44565,51.48111],[-0.44449,51.48079],[-0.44262,51.48136],[-0.43928,51.48089],[-0.43811,51.48134],[-0.43708,51.4807],[-0.43447,51.48068],[-0.43185,51.48107],[-0.43042,51.48071],[-0.42772,51.48146],[-0.42724,51.4806],[-0.42542,51.4803],[-0.42336,51.48073],[-0.42114,51.47908],[-0.42089,51.48059],[-0.41988,51.4814],[-0.41772,51.48112],[-0.41396,51.48447],[-0.41428,51.48751],[-0.42172,51.48905],[-0.41748,51.4924],[-0.41378,51.49269],[-0.41059,51.49192],[-0.40914,51.49282],[-0.41084,51.49587],[-0.41063,51.49657],[-0.40933,51.49761],[-0.41049,51.49983],[-0.40733,51.49979],[-0.40696,51.50258],[-0.40452,51.50304],[-0.402,51.50571],[-0.40244,51.50611],[-0.4028,51.50868],[-0.4022,51.51084],[-0.40127,51.51154],[-0.40145,51.51241],[-0.40087,51.51367],[-0.40109,51.51478],[-0.40298,51.51572],[-0.40449,51.51727],[-0.40709,51.51708],[-0.40813,51.51808],[-0.40975,51.51801],[-0.40967,51.51864],[-0.41288,51.51909],[-0.41454,51.52022],[-0.41614,51.51992],[-0.41681,51.52125],[-0.41862,51.52097],[-0.41959,51.52182],[-0.42181,51.52167],[-0.42195,51.52267],[-0.42316,51.52235],[-0.42461,51.52321],[-0.42574,51.52224],[-0.427,51.52221],[-0.43117,51.52353],[-0.43227,51.52454],[-0.43357,51.52494],[-0.43499,51.52452],[-0.4371,51.52492],[-0.43986,51.52461],[-0.44165,51.52327],[-0.44088,51.5216],[-0.44142,51.52087],[-0.44076,51.52014],[-0.44102,51.51906],[-0.44172,51.51887],[-0.43949,51.51798],[-0.4393,51.51659],[-0.44206,51.51535],[-0.43884,51.51219],[-0.43433,51.51154],[-0.43423,51.50863]]]},"properties":{"code":"UB3","area":"UB","colorSlot":0}},{"type":"Feature","geometry":{"type":"Polygon","coordinates":[[[-0.40255,51.51558],[-0.40109,51.51478],[-0.40087,51.51367],[-0.40145,51.51241],[-0.40127,51.51154],[-0.4022,51.51084],[-0.4028,51.50868],[-0.40254,51.50638],[-0.402,51.50571],[-0.39999,51.50542],[-0.39608,51.50588],[-0.39441,51.50695],[-0.39198,51.51016],[-0.39264,51.51179],[-0.39011,51.51324],[-0.39006,51.51426],[-0.38888,51.51445],[-0.38824,51.51521],[-0.38479,51.51601],[-0.38456,51.51745],[-0.38333,51.51954],[-0.37833,51.52289],[-0.37873,51.52423],[-0.3784,51.52563],[-0.38182,51.52787],[-0.38212,51.52862],[-0.3816,51.5295],[-0.38288,51.52984],[-0.3854,51.52977],[-0.38686,51.53022],[-0.38721,51.52956],[-0.38791,51.53002],[-0.3896,51.52985],[-0.38978,51.53119],[-0.39154,51.53103],[-0.39191,51.53147],[-0.39264,51.53134],[-0.39312,51.532],[-0.3947,51.53146],[-0.39753,51.53233],[-0.39904,51.53171],[-0.3992,51.53258],[-0.40031,51.53287],[-0.40177,51.53238],[-0.4021,51.53309],[-0.40495,51.53316],[-0.40552,51.53382],[-0.40687,51.53324],[-0.40756,51.53408],[-0.41225,51.53389],[-0.41463,51.5374],[-0.41001,51.5413],[-0.4111,51.54488],[-0.4242,51.54264],[-0.42744,51.54359],[-0.43148,51.54252],[-0.4375,51.53921],[-0.44085,51.53899],[-0.44197,51.53843],[-0.44232,51.5375],[-0.44023,51.53597],[-0.44167,51.53499],[-0.44035,51.53377],[-0.43747,51.53262],[-0.4392,51.53074],[-0.44034,51.52782],[-0.43799,51.52651],[-0.43885,51.52566],[-0.43903,51.52464],[-0.43357,51.52494],[-0.43227,51.52454],[-0.43117,51.52353],[-0.427,51.52221],[-0.42574,51.52224],[-0.42467,51.52322],[-0.42316,51.52235],[-0.42204,51.52274],[-0.42181,51.52167],[-0.41959,51.52182],[-0.41799,51.52101],[-0.41681,51.52125],[-0.41614,51.51992],[-0.41454,51.52022],[-0.41298,51.51907],[-0.40967,51.51864],[-0.40975,51.51801],[-0.40813,51.51808],[-0.40709,51.51708],[-0.40449,51.51727],[-0.40255,51.51558]]]},"properties":{"code":"UB4","area":"UB","colorSlot":1}},{"type":"Feature","geometry":{"type":"Polygon","coordinates":[[[-0.37107,51.55598],[-0.3747,51.55588],[-0.378,51.55501],[-0.38,51.55525],[-0.38216,51.5544],[-0.38426,51.55453],[-0.38631,51.55164],[-0.38885,51.55137],[-0.39245,51.54894],[-0.39447,51.54953],[-0.39582,51.54933],[-0.40004,51.54776],[-0.40221,51.54784],[-0.40901,51.54621],[-0.41109,51.5449],[-0.41001,51.5413],[-0.41476,51.53751],[-0.41225,51.53389],[-0.40765,51.53407],[-0.40687,51.53324],[-0.40552,51.53382],[-0.40495,51.53316],[-0.4021,51.53309],[-0.40177,51.53238],[-0.40031,51.53287],[-0.3992,51.53258],[-0.39904,51.53171],[-0.39753,51.53233],[-0.3947,51.53146],[-0.39312,51.532],[-0.39172,51.53105],[-0.38978,51.53119],[-0.3896,51.52985],[-0.38791,51.53002],[-0.38721,51.52956],[-0.38579,51.53016],[-0.3854,51.52977],[-0.38288,51.52984],[-0.3816,51.5295],[-0.38212,51.52862],[-0.38182,51.52787],[-0.37843,51.52573],[-0.37607,51.52702],[-0.37536,51.52865],[-0.37613,51.53031],[-0.37525,51.5309],[-0.37469,51.53281],[-0.37179,51.53224],[-0.37092,51.53389],[-0.37139,51.53435],[-0.37071,51.53492],[-0.3684,51.53575],[-0.36568,51.53586],[-0.36388,51.53733],[-0.36354,51.53891],[-0.36658,51.53977],[-0.36726,51.54044],[-0.36713,51.54098],[-0.36348,51.54265],[-0.36165,51.54298],[-0.36144,51.54414],[-0.35903,51.54425],[-0.35804,51.54522],[-0.3551,51.54539],[-0.3522,51.54676],[-0.35245,51.54729],[-0.35166,51.54862],[-0.35233,51.54978],[-0.35084,51.54977],[-0.34959,51.55126],[-0.34926,51.55209],[-0.35015,51.55227],[-0.34991,51.55331],[-0.3489,51.5536],[-0.34977,51.55459],[-0.34862,51.55538],[-0.34868,51.55649],[-0.34815,51.55695],[-0.34428,51.55718],[-0.3461,51.56022],[-0.35055,51.5604],[-0.35199,51.55981],[-0.35328,51.55833],[-0.35534,51.55855],[-0.36261,51.55669],[-0.36461,51.55643],[-0.36628,51.55683],[-0.36677,51.55627],[-0.3688,51.55593],[-0.37067,51.55651],[-0.37107,51.55598]]]},"properties":{"code":"UB5","area":"UB","colorSlot":2}},{"type":"Feature","geometry":{"type":"Polygon","coordinates":[[[-0.3136,51.54896],[-0.31308,51.54939],[-0.3141,51.55026],[-0.31739,51.5514],[-0.31717,51.55198],[-0.31818,51.55251],[-0.32003,51.55223],[-0.32188,51.55396],[-0.32544,51.55406],[-0.32545,51.55453],[-0.32975,51.556],[-0.33125,51.55548],[-0.33231,51.55641],[-0.33344,51.55585],[-0.33469,51.55661],[-0.33764,51.55696],[-0.33814,51.55742],[-0.3409,51.55699],[-0.34157,51.556],[-0.34319,51.55633],[-0.34428,51.55718],[-0.34815,51.55695],[-0.34868,51.55649],[-0.34862,51.55538],[-0.34976,51.55461],[-0.3489,51.5536],[-0.34991,51.55331],[-0.35024,51.55234],[-0.34926,51.55209],[-0.34959,51.55127],[-0.35084,51.54977],[-0.35209,51.54982],[-0.35237,51.54929],[-0.35166,51.54862],[-0.35245,51.54729],[-0.3522,51.54676],[-0.35493,51.5455],[-0.35804,51.54522],[-0.35898,51.54426],[-0.36125,51.54422],[-0.36165,51.54298],[-0.36712,51.54114],[-0.36684,51.53988],[-0.36354,51.53891],[-0.36388,51.53733],[-0.36568,51.53586],[-0.3684,51.53575],[-0.37071,51.53492],[-0.37139,51.53435],[-0.37092,51.53389],[-0.37179,51.53224],[-0.36873,51.53129],[-0.36609,51.53157],[-0.36579,51.53046],[-0.36638,51.53013],[-0.36605,51.52972],[-0.36752,51.52895],[-0.36726,51.5283],[-0.36652,51.52817],[-0.36662,51.52749],[-0.36519,51.52673],[-0.36405,51.5268],[-0.36497,51.52598],[-0.36361,51.5251],[-0.36385,51.52376],[-0.3644,51.52336],[-0.36386,51.52303],[-0.36377,51.52225],[-0.36669,51.52187],[-0.366,51.52081],[-0.36406,51.5199],[-0.36264,51.52005],[-0.36184,51.51914],[-0.36078,51.51951],[-0.35985,51.51876],[-0.35575,51.51896],[-0.35582,51.51846],[-0.35473,51.51794],[-0.35418,51.51689],[-0.35111,51.51556],[-0.34923,51.51693],[-0.35138,51.51989],[-0.35076,51.52163],[-0.34889,51.52279],[-0.34923,51.52449],[-0.34882,51.52539],[-0.34495,51.52739],[-0.34176,51.52991],[-0.33843,51.53054],[-0.33606,51.52989],[-0.32615,51.5308],[-0.32316,51.52956],[-0.31802,51.53065],[-0.31292,51.53054],[-0.31004,51.52971],[-0.30572,51.53065],[-0.30673,51.53266],[-0.31053,51.53343],[-0.31059,51.53416],[-0.31157,51.53488],[-0.30899,51.53554],[-0.30817,51.53727],[-0.3055,51.53728],[-0.30685,51.53793],[-0.30596,51.53953],[-0.30718,51.54],[-0.30779,51.54111],[-0.30682,51.54172],[-0.30778,51.54272],[-0.3076,51.54313],[-0.30887,51.54519],[-0.31082,51.54589],[-0.31501,51.54614],[-0.31322,51.54817],[-0.3136,51.54896]]]},"properties":{"code":"UB6","area":"UB","colorSlot":0}},{"type":"Feature","geometry":{"type":"Polygon","coordinates":[[[-0.45195,51.48922],[-0.45168,51.49218],[-0.45017,51.49314],[-0.45195,51.49594],[-0.45175,51.49743],[-0.44914,51.50018],[-0.44949,51.5007],[-0.44669,51.50259],[-0.44519,51.50591],[-0.44776,51.50714],[-0.44793,51.50809],[-0.45015,51.50938],[-0.45186,51.50802],[-0.4551,51.50838],[-0.45671,51.51002],[-0.45491,51.51155],[-0.4528,51.5145],[-0.45588,51.51562],[-0.45747,51.51675],[-0.46064,51.51727],[-0.46121,51.51799],[-0.4609,51.51832],[-0.4618,51.51892],[-0.4611,51.51967],[-0.46172,51.52112],[-0.46283,51.5219],[-0.46544,51.52177],[-0.46536,51.52256],[-0.46592,51.5227],[-0.46696,51.52199],[-0.47089,51.5238],[-0.47284,51.52174],[-0.47359,51.51874],[-0.47532,51.51875],[-0.47731,51.517],[-0.48015,51.51653],[-0.48241,51.51672],[-0.48895,51.51518],[-0.48951,51.51391],[-0.48805,51.51321],[-0.48589,51.50751],[-0.48683,51.50564],[-0.48626,51.50503],[-0.49119,51.49946],[-0.4952,51.49823],[-0.49637,51.49469],[-0.49403,51.4926],[-0.49388,51.49084],[-0.49556,51.48693],[-0.49482,51.48504],[-0.49944,51.48086],[-0.49962,51.47953],[-0.49875,51.47633],[-0.48936,51.47662],[-0.48935,51.4796],[-0.48873,51.48042],[-0.48708,51.48078],[-0.48566,51.48003],[-0.48346,51.47561],[-0.48132,51.47582],[-0.48006,51.4797],[-0.47816,51.48107],[-0.4756,51.48073],[-0.47116,51.48178],[-0.46734,51.48119],[-0.46466,51.47974],[-0.4635,51.4811],[-0.46016,51.48145],[-0.45827,51.481],[-0.4576,51.48142],[-0.45614,51.48128],[-0.45463,51.47977],[-0.45306,51.48089],[-0.45285,51.48162],[-0.45041,51.48196],[-0.44913,51.48129],[-0.44681,51.48258],[-0.44723,51.4838],[-0.44682,51.48488],[-0.44841,51.48635],[-0.45064,51.48732],[-0.45195,51.48922]]]},"properties":{"code":"UB7","area":"UB","colorSlot":1}},{"type":"Feature","geometry":{"type":"Polygon","coordinates":[[[-0.48188,51.55472],[-0.48197,51.55317],[-0.48415,51.5524],[-0.48413,51.55166],[-0.4853,51.55084],[-0.48839,51.55026],[-0.48721,51.54909],[-0.48709,51.54742],[-0.49095,51.5466],[-0.49541,51.54707],[-0.4914,51.54293],[-0.49299,51.5416],[-0.496,51.54066],[-0.49866,51.53718],[-0.5007,51.53582],[-0.50089,51.53461],[-0.49212,51.5319],[-0.48856,51.52988],[-0.48806,51.52803],[-0.49092,51.52707],[-0.4916,51.52479],[-0.49038,51.52332],[-0.49023,51.52196],[-0.49099,51.52115],[-0.48895,51.51518],[-0.48241,51.51672],[-0.48018,51.51653],[-0.47731,51.517],[-0.4754,51.51871],[-0.47359,51.51874],[-0.47284,51.52174],[-0.47089,51.5238],[-0.46706,51.52197],[-0.46592,51.5227],[-0.46546,51.52264],[-0.46544,51.52177],[-0.46283,51.5219],[-0.46172,51.52112],[-0.4611,51.51967],[-0.4618,51.51892],[-0.4609,51.51832],[-0.46121,51.51799],[-0.46064,51.51727],[-0.45747,51.51675],[-0.45588,51.51562],[-0.4528,51.5145],[-0.44847,51.51404],[-0.44511,51.51569],[-0.44366,51.51591],[-0.44206,51.51535],[-0.4393,51.51659],[-0.43935,51.51785],[-0.44172,51.51887],[-0.44102,51.51906],[-0.44076,51.52014],[-0.44142,51.52087],[-0.44093,51.52131],[-0.44165,51.52327],[-0.43986,51.52461],[-0.43903,51.52464],[-0.43885,51.52566],[-0.43987,51.52634],[-0.44092,51.52615],[-0.44091,51.52675],[-0.44195,51.52666],[-0.44347,51.52738],[-0.44456,51.52687],[-0.44614,51.52801],[-0.44563,51.52848],[-0.44859,51.52994],[-0.45033,51.52978],[-0.451,51.53096],[-0.45315,51.53043],[-0.45537,51.53323],[-0.45529,51.53411],[-0.45595,51.53439],[-0.45723,51.53463],[-0.4588,51.53362],[-0.45941,51.53381],[-0.45956,51.53452],[-0.46239,51.53497],[-0.46555,51.533],[-0.46613,51.53326],[-0.46642,51.53439],[-0.46951,51.53603],[-0.47045,51.53526],[-0.4706,51.53359],[-0.47376,51.53443],[-0.47413,51.53593],[-0.47234,51.53724],[-0.47313,51.53819],[-0.4746,51.53811],[-0.47371,51.53853],[-0.47434,51.5393],[-0.47358,51.54008],[-0.47059,51.53978],[-0.47011,51.54025],[-0.47303,51.54144],[-0.47291,51.54298],[-0.46916,51.54393],[-0.46834,51.5446],[-0.46969,51.54779],[-0.46857,51.54888],[-0.46679,51.54834],[-0.46294,51.54973],[-0.46221,51.55139],[-0.4627,51.55392],[-0.46372,51.55409],[-0.46516,51.55594],[-0.46541,51.5572],[-0.46853,51.55931],[-0.47213,51.55935],[-0.47882,51.56116],[-0.47884,51.55929],[-0.4821,51.55718],[-0.48264,51.55566],[-0.48188,51.55472]]]},"properties":{"code":"UB8","area":"UB","colorSlot":2}},{"type":"Feature","geometry":{"type":"Polygon","coordinates":[[[-0.48258,51.55543],[-0.4821,51.55718],[-0.47884,51.55929],[-0.47909,51.5617],[-0.47777,51.56435],[-0.47808,51.56662],[-0.47964,51.56891],[-0.47979,51.5706],[-0.47416,51.57124],[-0.46477,51.57129],[-0.46103,51.57464],[-0.45503,51.57253],[-0.45116,51.57313],[-0.44832,51.57438],[-0.44724,51.57398],[-0.4433,51.5742],[-0.44226,51.5764],[-0.44284,51.57729],[-0.44563,51.57868],[-0.44701,51.58051],[-0.44922,51.58187],[-0.44578,51.58342],[-0.44558,51.58747],[-0.44473,51.59177],[-0.45336,51.59442],[-0.45876,51.59425],[-0.46186,51.5996],[-0.46193,51.60084],[-0.46008,51.60377],[-0.45553,51.60667],[-0.45081,51.61053],[-0.45515,51.61469],[-0.45706,51.61759],[-0.46147,51.61425],[-0.4729,51.6134],[-0.47482,51.61414],[-0.4821,51.62244],[-0.48375,51.62295],[-0.49162,51.61942],[-0.49295,51.61937],[-0.50205,51.61572],[-0.50293,51.61438],[-0.50222,51.61301],[-0.50273,51.61078],[-0.50366,51.60976],[-0.50388,51.60627],[-0.50072,51.60347],[-0.49903,51.59852],[-0.50612,51.59767],[-0.50953,51.60105],[-0.51595,51.60401],[-0.52166,51.60473],[-0.52359,51.60034],[-0.52088,51.59712],[-0.52268,51.59191],[-0.52505,51.59054],[-0.53183,51.58921],[-0.52935,51.5876],[-0.5269,51.58262],[-0.53176,51.58092],[-0.53227,51.57928],[-0.52674,51.57632],[-0.52782,51.57349],[-0.52918,51.57345],[-0.53095,51.57225],[-0.53166,51.56944],[-0.53006,51.5625],[-0.52807,51.56223],[-0.52392,51.55797],[-0.51769,51.55581],[-0.51462,51.5563],[-0.51106,51.55559],[-0.50886,51.55397],[-0.50074,51.55224],[-0.5,51.54812],[-0.49095,51.5466],[-0.48709,51.54742],[-0.48721,51.54909],[-0.48839,51.55026],[-0.4853,51.55084],[-0.48413,51.55166],[-0.48415,51.5524],[-0.48197,51.55317],[-0.48193,51.55458],[-0.48258,51.55543]]]},"properties":{"code":"UB9","area":"UB","colorSlot":1}},{"type":"Feature","geometry":{"type":"Polygon","coordinates":[[[-0.44195,51.52666],[-0.44111,51.52683],[-0.44092,51.52615],[-0.43987,51.52634],[-0.43885,51.52566],[-0.43799,51.52651],[-0.43927,51.52759],[-0.44034,51.52782],[-0.4392,51.53074],[-0.43747,51.53262],[-0.44035,51.53377],[-0.44167,51.53499],[-0.44031,51.53588],[-0.44232,51.5375],[-0.44197,51.53843],[-0.44085,51.53899],[-0.4375,51.53921],[-0.43148,51.54252],[-0.42744,51.54359],[-0.4242,51.54264],[-0.4111,51.54488],[-0.42552,51.55255],[-0.42696,51.55258],[-0.42827,51.56005],[-0.43018,51.56349],[-0.42919,51.56549],[-0.43328,51.56875],[-0.43459,51.5686],[-0.43641,51.56918],[-0.43812,51.56854],[-0.43883,51.56946],[-0.43851,51.57127],[-0.43969,51.57259],[-0.4433,51.5742],[-0.44724,51.57398],[-0.44832,51.57438],[-0.45116,51.57313],[-0.45503,51.57253],[-0.46103,51.57464],[-0.46477,51.57129],[-0.47416,51.57124],[-0.47979,51.5706],[-0.47964,51.56891],[-0.47808,51.56662],[-0.47777,51.56435],[-0.47909,51.5617],[-0.47882,51.56116],[-0.47213,51.55935],[-0.46812,51.55911],[-0.46541,51.5572],[-0.46516,51.55594],[-0.46372,51.55409],[-0.4627,51.55392],[-0.46221,51.55139],[-0.46275,51.54983],[-0.46679,51.54834],[-0.46857,51.54888],[-0.46969,51.54779],[-0.46834,51.5446],[-0.46916,51.54393],[-0.47291,51.54298],[-0.47303,51.54144],[-0.47011,51.54025],[-0.4705,51.53982],[-0.47358,51.54008],[-0.47434,51.5393],[-0.47369,51.53879],[-0.4746,51.53811],[-0.47272,51.53814],[-0.47235,51.53727],[-0.47413,51.53593],[-0.47376,51.53443],[-0.4706,51.53359],[-0.47045,51.53526],[-0.46951,51.53603],[-0.46642,51.53439],[-0.46613,51.53326],[-0.46555,51.533],[-0.46239,51.53497],[-0.45956,51.53452],[-0.45941,51.53381],[-0.4588,51.53362],[-0.45723,51.53463],[-0.45595,51.53439],[-0.45529,51.53411],[-0.45537,51.53323],[-0.45451,51.5328],[-0.45315,51.53043],[-0.451,51.53096],[-0.45034,51.52986],[-0.44859,51.52994],[-0.44582,51.52865],[-0.44614,51.52801],[-0.44456,51.52687],[-0.44347,51.52738],[-0.44195,51.52666]]]},"properties":{"code":"UB10","area":"UB","colorSlot":3}},{"type":"Feature","geometry":{"type":"Polygon","coordinates":[[[-0.44424,51.50647],[-0.44076,51.50747],[-0.43951,51.5084],[-0.43752,51.50776],[-0.4362,51.50852],[-0.43423,51.50863],[-0.43433,51.51154],[-0.43884,51.51219],[-0.44206,51.51535],[-0.44366,51.51591],[-0.44511,51.51569],[-0.44847,51.51404],[-0.4528,51.5145],[-0.45671,51.51002],[-0.4551,51.50838],[-0.45296,51.508],[-0.45186,51.50802],[-0.45015,51.50938],[-0.44793,51.50809],[-0.44776,51.50714],[-0.44519,51.50591],[-0.44424,51.50647]]]},"properties":{"code":"UB11","area":"UB","colorSlot":3}},{"type":"Feature","geometry":{"type":"Polygon","coordinates":[[[-0.43864,51.66691],[-0.43777,51.67113],[-0.43518,51.67249],[-0.43195,51.67811],[-0.43396,51.67991],[-0.43731,51.68155],[-0.44637,51.67856],[-0.45332,51.68054],[-0.45592,51.68238],[-0.46195,51.68275],[-0.46788,51.68014],[-0.4715,51.68026],[-0.47632,51.67627],[-0.4818,51.67895],[-0.48113,51.68136],[-0.47951,51.68324],[-0.48194,51.68812],[-0.48706,51.68814],[-0.49152,51.69325],[-0.49228,51.69328],[-0.49568,51.69641],[-0.49778,51.69656],[-0.50016,51.69545],[-0.50155,51.69611],[-0.50309,51.69788],[-0.50512,51.6976],[-0.50739,51.69794],[-0.50583,51.69959],[-0.50588,51.70032],[-0.5114,51.70443],[-0.51557,51.70086],[-0.5153,51.70026],[-0.51702,51.69637],[-0.5213,51.69398],[-0.51885,51.68792],[-0.52594,51.68516],[-0.52685,51.68357],[-0.53143,51.68225],[-0.54113,51.68129],[-0.54533,51.67502],[-0.54307,51.67328],[-0.53916,51.668],[-0.53428,51.66472],[-0.53654,51.66049],[-0.53993,51.65901],[-0.54218,51.6565],[-0.54106,51.65323],[-0.53755,51.64851],[-0.53908,51.64635],[-0.54365,51.64371],[-0.54261,51.64021],[-0.53053,51.63755],[-0.52505,51.63304],[-0.52389,51.6298],[-0.52265,51.62912],[-0.52471,51.62495],[-0.5261,51.61726],[-0.53244,51.61619],[-0.53404,51.61025],[-0.53151,51.60789],[-0.52166,51.60473],[-0.51595,51.60401],[-0.50953,51.60105],[-0.50612,51.59767],[-0.49903,51.59852],[-0.50074,51.60335],[-0.50272,51.60562],[-0.50388,51.60627],[-0.50366,51.60976],[-0.50273,51.61078],[-0.50222,51.61301],[-0.50293,51.61438],[-0.50205,51.61572],[-0.49295,51.61937],[-0.49162,51.61942],[-0.48375,51.62295],[-0.4821,51.62244],[-0.47482,51.61414],[-0.47303,51.61352],[-0.46147,51.61425],[-0.45706,51.61759],[-0.45515,51.61469],[-0.45081,51.61053],[-0.44791,51.61115],[-0.44756,51.61179],[-0.44813,51.61506],[-0.4517,51.61891],[-0.4472,51.61834],[-0.44514,51.61872],[-0.44278,51.62005],[-0.4435,51.62126],[-0.44273,51.62315],[-0.44073,51.62566],[-0.44101,51.62638],[-0.4438,51.62844],[-0.44378,51.62956],[-0.43953,51.63128],[-0.43812,51.6334],[-0.43652,51.63281],[-0.43667,51.63135],[-0.43322,51.63197],[-0.43194,51.63415],[-0.43028,51.63563],[-0.43152,51.63591],[-0.44427,51.63526],[-0.44688,51.63632],[-0.44727,51.6399],[-0.44121,51.64229],[-0.43826,51.64297],[-0.43653,51.64432],[-0.43632,51.64564],[-0.43682,51.64667],[-0.43446,51.64753],[-0.43421,51.64831],[-0.43148,51.6476],[-0.43068,51.64847],[-0.43073,51.64908],[-0.42966,51.64962],[-0.42829,51.64947],[-0.42721,51.65063],[-0.42557,51.65097],[-0.42556,51.65152],[-0.42797,51.65156],[-0.42732,51.65186],[-0.4282,51.65391],[-0.42703,51.65404],[-0.42536,51.65558],[-0.42683,51.65773],[-0.42684,51.66109],[-0.4307,51.66298],[-0.43341,51.66527],[-0.43864,51.66691]]]},"properties":{"code":"WD3","area":"WD","colorSlot":0}},{"type":"Feature","geometry":{"type":"Polygon","coordinates":[[[-0.46714,51.72654],[-0.47401,51.72596],[-0.47593,51.72684],[-0.47873,51.72945],[-0.48026,51.72983],[-0.48404,51.72828],[-0.48664,51.72547],[-0.49616,51.72558],[-0.50138,51.72463],[-0.50195,51.72],[-0.50826,51.71789],[-0.51417,51.71174],[-0.51249,51.70989],[-0.51253,51.70873],[-0.51032,51.70676],[-0.5114,51.70443],[-0.50588,51.70032],[-0.50583,51.69959],[-0.50739,51.69794],[-0.50512,51.6976],[-0.50309,51.69788],[-0.50155,51.69611],[-0.50016,51.69545],[-0.49778,51.69656],[-0.49568,51.69641],[-0.49228,51.69328],[-0.49152,51.69325],[-0.48706,51.68814],[-0.48194,51.68812],[-0.47951,51.68324],[-0.48113,51.68136],[-0.4818,51.67895],[-0.47632,51.67627],[-0.4715,51.68026],[-0.46788,51.68014],[-0.46195,51.68275],[-0.45592,51.68238],[-0.45332,51.68054],[-0.44637,51.67856],[-0.43731,51.68155],[-0.43667,51.68292],[-0.42872,51.68428],[-0.42581,51.68777],[-0.42246,51.68883],[-0.42268,51.69441],[-0.42636,51.69408],[-0.42767,51.69344],[-0.42908,51.69397],[-0.43072,51.69508],[-0.42956,51.69625],[-0.43193,51.69696],[-0.43166,51.698],[-0.43283,51.69898],[-0.43292,51.70075],[-0.434,51.70161],[-0.43408,51.70238],[-0.43628,51.7026],[-0.43446,51.70627],[-0.43059,51.70627],[-0.42644,51.71038],[-0.42637,51.7126],[-0.41989,51.71542],[-0.41639,51.71747],[-0.41534,51.72113],[-0.41717,51.72363],[-0.42025,51.72336],[-0.4247,51.72435],[-0.42592,51.72308],[-0.43013,51.72086],[-0.43584,51.72255],[-0.43819,51.72428],[-0.44216,51.72187],[-0.44779,51.72147],[-0.44746,51.72312],[-0.45083,51.72426],[-0.45049,51.72688],[-0.45451,51.72639],[-0.45558,51.72765],[-0.45865,51.72764],[-0.45905,51.72665],[-0.46317,51.72592],[-0.46657,51.72699],[-0.46714,51.72654]]]},"properties":{"code":"WD4","area":"WD","colorSlot":3}},{"type":"Feature","geometry":{"type":"Polygon","coordinates":[[[-0.42956,51.69625],[-0.43072,51.69508],[-0.42767,51.69344],[-0.42636,51.69408],[-0.42268,51.69441],[-0.41444,51.6969],[-0.41146,51.69609],[-0.40887,51.69597],[-0.40605,51.69678],[-0.40568,51.69735],[-0.40451,51.69756],[-0.40547,51.69843],[-0.40477,51.69928],[-0.40354,51.69936],[-0.40369,51.70035],[-0.40261,51.7012],[-0.40303,51.70145],[-0.40254,51.70294],[-0.40111,51.70368],[-0.40278,51.70479],[-0.40302,51.70578],[-0.40102,51.70682],[-0.39981,51.71166],[-0.39761,51.71187],[-0.39291,51.71384],[-0.38829,51.71325],[-0.38341,51.71391],[-0.38022,51.71687],[-0.38911,51.7215],[-0.38725,51.72721],[-0.3891,51.72889],[-0.39553,51.73241],[-0.40335,51.73366],[-0.41102,51.7305],[-0.41666,51.72758],[-0.41598,51.72477],[-0.41717,51.72363],[-0.41534,51.72113],[-0.41639,51.71747],[-0.41989,51.71542],[-0.42637,51.7126],[-0.42644,51.71038],[-0.43059,51.70627],[-0.43435,51.70635],[-0.43496,51.70578],[-0.43487,51.70506],[-0.43628,51.7026],[-0.43408,51.70238],[-0.434,51.70161],[-0.43292,51.70075],[-0.43283,51.69898],[-0.43166,51.698],[-0.43193,51.69696],[-0.42956,51.69625]]]},"properties":{"code":"WD5","area":"WD","colorSlot":0}},{"type":"Feature","geometry":{"type":"Polygon","coordinates":[[[-0.24787,51.66258],[-0.24787,51.66399],[-0.24561,51.66561],[-0.23951,51.66707],[-0.24116,51.67386],[-0.23761,51.67567],[-0.23813,51.6781],[-0.2365,51.68177],[-0.24172,51.68485],[-0.2435,51.68518],[-0.24972,51.68424],[-0.2547,51.68969],[-0.26488,51.68853],[-0.26471,51.68551],[-0.27126,51.6808],[-0.27038,51.67904],[-0.27771,51.67653],[-0.28434,51.67637],[-0.28585,51.67675],[-0.29116,51.67573],[-0.2946,51.67166],[-0.29915,51.66969],[-0.30098,51.66939],[-0.30218,51.6667],[-0.30381,51.66694],[-0.31365,51.66606],[-0.31537,51.66513],[-0.31723,51.66507],[-0.32287,51.66747],[-0.32947,51.66684],[-0.33489,51.66066],[-0.33449,51.66008],[-0.33008,51.65789],[-0.32889,51.64921],[-0.32841,51.64839],[-0.32584,51.64607],[-0.3216,51.64396],[-0.32098,51.63715],[-0.31782,51.63591],[-0.31236,51.63778],[-0.30901,51.63779],[-0.30626,51.63609],[-0.29894,51.63517],[-0.29619,51.6359],[-0.29289,51.63435],[-0.28592,51.63755],[-0.27945,51.63927],[-0.27587,51.63916],[-0.27285,51.63831],[-0.26988,51.63897],[-0.26529,51.63911],[-0.26231,51.63788],[-0.2572,51.63969],[-0.25551,51.64157],[-0.25555,51.6426],[-0.25351,51.64387],[-0.2495,51.64413],[-0.24792,51.64507],[-0.24664,51.64601],[-0.24685,51.65024],[-0.24624,51.65098],[-0.24901,51.65461],[-0.24341,51.65898],[-0.24635,51.66068],[-0.24787,51.66258]]]},"properties":{"code":"WD6","area":"WD","colorSlot":1}},{"type":"Feature","geometry":{"type":"Polygon","coordinates":[[[-0.33535,51.69067],[-0.33389,51.68779],[-0.33806,51.68365],[-0.33717,51.67559],[-0.33795,51.67214],[-0.33588,51.67046],[-0.33249,51.66893],[-0.33065,51.66718],[-0.32947,51.66684],[-0.32287,51.66747],[-0.31723,51.66507],[-0.31537,51.66513],[-0.31365,51.66606],[-0.30381,51.66694],[-0.30218,51.6667],[-0.30098,51.66939],[-0.29915,51.66969],[-0.2946,51.67166],[-0.29116,51.67573],[-0.28585,51.67675],[-0.28434,51.67637],[-0.2778,51.67652],[-0.27038,51.67904],[-0.27126,51.6808],[-0.26471,51.68551],[-0.26488,51.68853],[-0.26707,51.69099],[-0.26724,51.6926],[-0.26657,51.69402],[-0.26571,51.69546],[-0.25915,51.69676],[-0.2569,51.69967],[-0.25622,51.69984],[-0.25719,51.70586],[-0.25642,51.70657],[-0.26273,51.7111],[-0.26527,51.71023],[-0.27386,51.70419],[-0.27563,51.70408],[-0.28004,51.70618],[-0.29028,51.70841],[-0.29095,51.7085],[-0.29401,51.70711],[-0.30001,51.71064],[-0.30454,51.71079],[-0.30975,51.71256],[-0.31089,51.70738],[-0.3122,51.70668],[-0.31689,51.70555],[-0.3206,51.70606],[-0.32272,51.70447],[-0.32281,51.703],[-0.32908,51.7015],[-0.33284,51.7026],[-0.33795,51.6994],[-0.34193,51.69881],[-0.3456,51.6958],[-0.34484,51.69417],[-0.33535,51.69067]]]},"properties":{"code":"WD7","area":"WD","colorSlot":0}},{"type":"Feature","geometry":{"type":"Polygon","coordinates":[[[-0.40194,51.65891],[-0.40081,51.65746],[-0.39927,51.6569],[-0.39945,51.65645],[-0.39849,51.65574],[-0.39703,51.65544],[-0.39661,51.65478],[-0.39586,51.65495],[-0.39493,51.65392],[-0.39302,51.65329],[-0.39264,51.65267],[-0.39299,51.65192],[-0.39199,51.65051],[-0.39024,51.65132],[-0.39021,51.65064],[-0.39068,51.65035],[-0.3903,51.65001],[-0.39119,51.64919],[-0.38923,51.64684],[-0.38455,51.64665],[-0.38313,51.64826],[-0.3838,51.64942],[-0.38328,51.65053],[-0.38644,51.65324],[-0.3877,51.65598],[-0.38665,51.65828],[-0.38686,51.65908],[-0.39065,51.65949],[-0.39078,51.66002],[-0.39298,51.6616],[-0.39321,51.66237],[-0.39518,51.66311],[-0.39496,51.66436],[-0.39535,51.6649],[-0.39996,51.66643],[-0.40042,51.66753],[-0.40161,51.66761],[-0.40355,51.66997],[-0.40691,51.67086],[-0.40733,51.6727],[-0.40903,51.67455],[-0.40997,51.67471],[-0.41043,51.67634],[-0.41308,51.67794],[-0.41339,51.6787],[-0.41716,51.67962],[-0.41805,51.68074],[-0.41898,51.68053],[-0.41922,51.68113],[-0.41884,51.68183],[-0.41786,51.68207],[-0.41789,51.68249],[-0.41886,51.68287],[-0.42059,51.68236],[-0.42224,51.68282],[-0.42201,51.68388],[-0.42426,51.68826],[-0.42581,51.68777],[-0.42872,51.68428],[-0.43667,51.68292],[-0.43731,51.68155],[-0.43396,51.67991],[-0.43195,51.67811],[-0.43518,51.67249],[-0.43777,51.67113],[-0.43864,51.66691],[-0.43341,51.66527],[-0.4307,51.66298],[-0.42684,51.66109],[-0.42226,51.661],[-0.4157,51.65975],[-0.41399,51.65981],[-0.41226,51.65896],[-0.41049,51.6589],[-0.40911,51.65769],[-0.4049,51.65805],[-0.40281,51.65897],[-0.40194,51.65891]]]},"properties":{"code":"WD17","area":"WD","colorSlot":1}},{"type":"Feature","geometry":{"type":"Polygon","coordinates":[[[-0.39879,51.64648],[-0.39696,51.64631],[-0.3959,51.64525],[-0.39357,51.64484],[-0.39211,51.64531],[-0.38963,51.64691],[-0.3898,51.64776],[-0.39119,51.64919],[-0.3903,51.65001],[-0.39068,51.65035],[-0.39021,51.65064],[-0.39024,51.65132],[-0.39199,51.65051],[-0.39299,51.65192],[-0.39267,51.6524],[-0.39302,51.65329],[-0.39492,51.65392],[-0.39586,51.65495],[-0.39661,51.65478],[-0.39703,51.65544],[-0.39849,51.65573],[-0.39945,51.65645],[-0.39904,51.65674],[-0.40083,51.65743],[-0.40194,51.65891],[-0.40281,51.65897],[-0.4049,51.65805],[-0.4063,51.65828],[-0.40911,51.65769],[-0.41049,51.6589],[-0.41226,51.65896],[-0.41399,51.65981],[-0.4157,51.65975],[-0.42226,51.661],[-0.42665,51.66107],[-0.42683,51.65773],[-0.42536,51.65558],[-0.427,51.65406],[-0.4282,51.65391],[-0.42732,51.65186],[-0.42797,51.65156],[-0.42556,51.65152],[-0.42557,51.65097],[-0.42721,51.65063],[-0.42806,51.6495],[-0.42966,51.64962],[-0.43073,51.64908],[-0.43067,51.64847],[-0.43148,51.6476],[-0.43421,51.64831],[-0.43446,51.64753],[-0.43589,51.64745],[-0.43682,51.64667],[-0.43632,51.64564],[-0.43653,51.64432],[-0.43806,51.643],[-0.44121,51.64229],[-0.44727,51.6399],[-0.44688,51.63632],[-0.44427,51.63526],[-0.43162,51.63593],[-0.42754,51.63523],[-0.41837,51.63768],[-0.41235,51.63685],[-0.40948,51.63908],[-0.40936,51.64043],[-0.4061,51.64215],[-0.4059,51.64297],[-0.40396,51.64496],[-0.40143,51.64534],[-0.39879,51.64648]]]},"properties":{"code":"WD18","area":"WD","colorSlot":4}},{"type":"Feature","geometry":{"type":"Polygon","coordinates":[[[-0.39158,51.64576],[-0.39357,51.64484],[-0.3959,51.64525],[-0.39696,51.64631],[-0.39879,51.64648],[-0.40143,51.64534],[-0.40396,51.64496],[-0.4059,51.64297],[-0.4061,51.64215],[-0.40936,51.64043],[-0.40948,51.63908],[-0.41235,51.63685],[-0.41837,51.63768],[-0.42007,51.63711],[-0.41862,51.6327],[-0.41494,51.63264],[-0.4125,51.63132],[-0.41617,51.62943],[-0.41342,51.62672],[-0.40637,51.62401],[-0.40446,51.62417],[-0.40296,51.62311],[-0.4016,51.62059],[-0.40201,51.61976],[-0.40192,51.61742],[-0.40083,51.61633],[-0.40079,51.61539],[-0.39424,51.61237],[-0.38631,51.61452],[-0.38311,51.6136],[-0.38015,51.61673],[-0.37775,51.61782],[-0.37286,51.6184],[-0.37194,51.61976],[-0.36833,51.62119],[-0.37062,51.62479],[-0.36198,51.62887],[-0.36236,51.62981],[-0.36958,51.63505],[-0.37164,51.63756],[-0.37288,51.63822],[-0.3738,51.63988],[-0.37416,51.64377],[-0.37547,51.64573],[-0.37624,51.64576],[-0.37636,51.64662],[-0.37774,51.64653],[-0.37769,51.64739],[-0.38181,51.6466],[-0.38331,51.64803],[-0.38483,51.64654],[-0.38963,51.64691],[-0.39158,51.64576]]]},"properties":{"code":"WD19","area":"WD","colorSlot":3}},{"type":"Feature","geometry":{"type":"Polygon","coordinates":[[[-0.36028,51.62748],[-0.35874,51.62548],[-0.34613,51.62645],[-0.34478,51.62765],[-0.33762,51.62954],[-0.33731,51.63017],[-0.33792,51.63058],[-0.33624,51.63082],[-0.33571,51.63158],[-0.33416,51.63125],[-0.33306,51.63246],[-0.33042,51.63298],[-0.32791,51.63263],[-0.32442,51.63596],[-0.32098,51.63715],[-0.3216,51.64396],[-0.32584,51.64607],[-0.32889,51.64921],[-0.33835,51.64747],[-0.33903,51.64774],[-0.34156,51.65166],[-0.34182,51.65304],[-0.34736,51.65347],[-0.35047,51.65535],[-0.35045,51.65822],[-0.35443,51.65867],[-0.35517,51.66007],[-0.36169,51.66005],[-0.36298,51.6624],[-0.36206,51.66467],[-0.36238,51.66566],[-0.3646,51.66535],[-0.3653,51.66596],[-0.36864,51.66681],[-0.36946,51.66773],[-0.36886,51.67048],[-0.3737,51.66932],[-0.3773,51.67051],[-0.38058,51.67048],[-0.38186,51.66887],[-0.3821,51.6663],[-0.38637,51.6609],[-0.38665,51.65828],[-0.38773,51.65602],[-0.38747,51.65521],[-0.38546,51.65213],[-0.38328,51.65053],[-0.3838,51.64942],[-0.38291,51.64731],[-0.38103,51.64651],[-0.37769,51.64739],[-0.37745,51.64632],[-0.37636,51.64662],[-0.37624,51.64576],[-0.37547,51.64573],[-0.37408,51.64389],[-0.3738,51.63988],[-0.37288,51.63822],[-0.37176,51.63776],[-0.36958,51.63505],[-0.36236,51.62981],[-0.36198,51.62887],[-0.36028,51.62748]]]},"properties":{"code":"WD23","area":"WD","colorSlot":0}},{"type":"Feature","geometry":{"type":"Polygon","coordinates":[[[-0.39342,51.66257],[-0.39298,51.6616],[-0.39072,51.65962],[-0.38686,51.65908],[-0.38633,51.65978],[-0.38641,51.66073],[-0.38224,51.66623],[-0.3817,51.66741],[-0.38186,51.66887],[-0.38093,51.67025],[-0.3773,51.67051],[-0.37588,51.67281],[-0.37683,51.67385],[-0.37656,51.6747],[-0.37899,51.67571],[-0.37995,51.6774],[-0.38204,51.6779],[-0.38184,51.67851],[-0.38282,51.67937],[-0.38587,51.68046],[-0.3878,51.6803],[-0.38989,51.68136],[-0.3913,51.68097],[-0.3942,51.68184],[-0.39831,51.68133],[-0.39857,51.68222],[-0.40049,51.68171],[-0.40168,51.68237],[-0.40761,51.68244],[-0.40998,51.68422],[-0.41191,51.68413],[-0.41356,51.68519],[-0.41594,51.68487],[-0.41874,51.68772],[-0.42013,51.68831],[-0.42242,51.68883],[-0.42426,51.68826],[-0.42201,51.68388],[-0.42224,51.68282],[-0.42087,51.68228],[-0.41886,51.68287],[-0.41789,51.68249],[-0.41786,51.68207],[-0.41884,51.68183],[-0.41922,51.68113],[-0.41898,51.68053],[-0.41805,51.68074],[-0.41716,51.67962],[-0.41339,51.6787],[-0.41307,51.67797],[-0.41043,51.67634],[-0.40997,51.67471],[-0.40903,51.67455],[-0.40733,51.6727],[-0.40691,51.67086],[-0.40355,51.66997],[-0.40161,51.66761],[-0.40042,51.66753],[-0.40002,51.66653],[-0.39535,51.6649],[-0.39496,51.66436],[-0.39525,51.66324],[-0.39342,51.66257]]]},"properties":{"code":"WD24","area":"WD","colorSlot":3}},{"type":"Feature","geometry":{"type":"Polygon","coordinates":[[[-0.40261,51.7012],[-0.40369,51.70035],[-0.40344,51.69955],[-0.40457,51.69933],[-0.40547,51.69843],[-0.40451,51.69756],[-0.40702,51.69642],[-0.40887,51.69597],[-0.4114,51.69608],[-0.41444,51.6969],[-0.4226,51.69449],[-0.42246,51.68883],[-0.41874,51.68772],[-0.41594,51.68487],[-0.41356,51.68519],[-0.41199,51.68413],[-0.40998,51.68422],[-0.40761,51.68244],[-0.40168,51.68237],[-0.40056,51.6817],[-0.39857,51.68222],[-0.39843,51.68143],[-0.39734,51.68133],[-0.3942,51.68184],[-0.39137,51.68092],[-0.38999,51.68134],[-0.38789,51.68042],[-0.38587,51.68046],[-0.38282,51.67937],[-0.38184,51.67851],[-0.38203,51.67798],[-0.37995,51.6774],[-0.37899,51.67571],[-0.37656,51.6747],[-0.37683,51.67385],[-0.37588,51.67281],[-0.3773,51.67051],[-0.37705,51.67033],[-0.37389,51.66935],[-0.36886,51.67048],[-0.36946,51.66773],[-0.36864,51.66681],[-0.3653,51.66596],[-0.3646,51.66535],[-0.36238,51.66566],[-0.36216,51.66482],[-0.36298,51.6624],[-0.36169,51.66005],[-0.35517,51.66007],[-0.35443,51.65867],[-0.35045,51.65822],[-0.35058,51.65539],[-0.34736,51.65347],[-0.34182,51.65304],[-0.34156,51.65166],[-0.33903,51.64774],[-0.33835,51.64747],[-0.32867,51.6495],[-0.33008,51.65789],[-0.33449,51.66008],[-0.33489,51.66066],[-0.32947,51.66684],[-0.33108,51.66738],[-0.33249,51.66893],[-0.33588,51.67046],[-0.33795,51.67214],[-0.33717,51.67559],[-0.33806,51.68365],[-0.33389,51.68779],[-0.33535,51.69067],[-0.34484,51.69417],[-0.3456,51.6958],[-0.3479,51.696],[-0.35492,51.69833],[-0.36085,51.69777],[-0.35913,51.692],[-0.36236,51.69064],[-0.36471,51.6878],[-0.36551,51.68553],[-0.36693,51.68465],[-0.3677,51.68496],[-0.37227,51.68781],[-0.37463,51.69192],[-0.37125,51.69454],[-0.36667,51.69532],[-0.36266,51.69808],[-0.36386,51.69934],[-0.36647,51.70052],[-0.3688,51.70015],[-0.37289,51.70131],[-0.37429,51.7012],[-0.37739,51.70237],[-0.37735,51.70324],[-0.37833,51.70373],[-0.38512,51.70462],[-0.38209,51.70851],[-0.38254,51.71226],[-0.38341,51.71391],[-0.38829,51.71325],[-0.39291,51.71384],[-0.39761,51.71187],[-0.39981,51.71166],[-0.40102,51.70682],[-0.40302,51.7059],[-0.40278,51.70479],[-0.40111,51.70368],[-0.40254,51.70294],[-0.40298,51.70169],[-0.40261,51.7012]]]},"properties":{"code":"WD25","area":"WD","colorSlot":2}}]}